single_token_forward_model: initial_vram free_vram_mib=30948 total_vram_mib=32075 reserve_mib=512
linear_op: NVFP4 activation pack options for backbone.layers.0.mixer.in_proj.weight M=1 scale_layout=swizzled_128x4 tensor_scale=fixed:0.0164621
linear_op: NVFP4 activation pack options for backbone.layers.0.mixer.out_proj.weight M=1 scale_layout=swizzled_128x4 tensor_scale=fixed:0.00124395
expert_layer_create: layer=1 monolithic=true up_bytes=371656704 down_bytes=371656704 total_mib=708.879
expert_layer_create: layer=1 fused_direct_moe_supported=1 expert_full_residency=1 expert_residency_reason=monolithic uploaded_routed_experts=128 estimated_routed_layer_bytes=825754624 cumulative_resident_routed_expert_bytes=743313408 resident_layer_count=1 nonresident_layer_count=0 resident_routed_expert_bytes=743313408 resident_shared_expert_bytes=12473352 resident_total_expert_bytes=755786760 resident_total_expert_mib=720.774
linear_op: NVFP4 activation pack options for backbone.layers.2.mixer.in_proj.weight M=1 scale_layout=swizzled_128x4 tensor_scale=fixed:0.031994
linear_op: NVFP4 activation pack options for backbone.layers.2.mixer.out_proj.weight M=1 scale_layout=swizzled_128x4 tensor_scale=fixed:0.00180199
expert_layer_create: layer=3 monolithic=true up_bytes=371656704 down_bytes=371656704 total_mib=708.879
expert_layer_create: layer=3 fused_direct_moe_supported=1 expert_full_residency=1 expert_residency_reason=monolithic uploaded_routed_experts=128 estimated_routed_layer_bytes=825754624 cumulative_resident_routed_expert_bytes=743313408 resident_layer_count=1 nonresident_layer_count=0 resident_routed_expert_bytes=743313408 resident_shared_expert_bytes=12473352 resident_total_expert_bytes=755786760 resident_total_expert_mib=720.774
expert_layer_create: layer=6 monolithic=true up_bytes=371656704 down_bytes=371656704 total_mib=708.879
expert_layer_create: layer=6 fused_direct_moe_supported=1 expert_full_residency=1 expert_residency_reason=monolithic uploaded_routed_experts=128 estimated_routed_layer_bytes=825754624 cumulative_resident_routed_expert_bytes=743313408 resident_layer_count=1 nonresident_layer_count=0 resident_routed_expert_bytes=743313408 resident_shared_expert_bytes=12473352 resident_total_expert_bytes=755786760 resident_total_expert_mib=720.774
linear_op: NVFP4 activation pack options for backbone.layers.7.mixer.in_proj.weight M=1 scale_layout=swizzled_128x4 tensor_scale=fixed:0.0256696
linear_op: NVFP4 activation pack options for backbone.layers.7.mixer.out_proj.weight M=1 scale_layout=swizzled_128x4 tensor_scale=fixed:0.00240653
expert_layer_create: layer=8 monolithic=true up_bytes=371656704 down_bytes=371656704 total_mib=708.879
expert_layer_create: layer=8 fused_direct_moe_supported=1 expert_full_residency=1 expert_residency_reason=monolithic uploaded_routed_experts=128 estimated_routed_layer_bytes=825754624 cumulative_resident_routed_expert_bytes=743313408 resident_layer_count=1 nonresident_layer_count=0 resident_routed_expert_bytes=743313408 resident_shared_expert_bytes=12473352 resident_total_expert_bytes=755786760 resident_total_expert_mib=720.774
linear_op: NVFP4 activation pack options for backbone.layers.9.mixer.in_proj.weight M=1 scale_layout=swizzled_128x4 tensor_scale=fixed:0.0121838
linear_op: NVFP4 activation pack options for backbone.layers.9.mixer.out_proj.weight M=1 scale_layout=swizzled_128x4 tensor_scale=fixed:0.00353423
expert_layer_create: layer=10 monolithic=true up_bytes=371656704 down_bytes=371656704 total_mib=708.879
expert_layer_create: layer=10 fused_direct_moe_supported=1 expert_full_residency=1 expert_residency_reason=monolithic uploaded_routed_experts=128 estimated_routed_layer_bytes=825754624 cumulative_resident_routed_expert_bytes=743313408 resident_layer_count=1 nonresident_layer_count=0 resident_routed_expert_bytes=743313408 resident_shared_expert_bytes=12473352 resident_total_expert_bytes=755786760 resident_total_expert_mib=720.774
expert_layer_create: layer=13 monolithic=true up_bytes=371656704 down_bytes=371656704 total_mib=708.879
expert_layer_create: layer=13 fused_direct_moe_supported=1 expert_full_residency=1 expert_residency_reason=monolithic uploaded_routed_experts=128 estimated_routed_layer_bytes=825754624 cumulative_resident_routed_expert_bytes=743313408 resident_layer_count=1 nonresident_layer_count=0 resident_routed_expert_bytes=743313408 resident_shared_expert_bytes=12473352 resident_total_expert_bytes=755786760 resident_total_expert_mib=720.774
linear_op: NVFP4 activation pack options for backbone.layers.14.mixer.in_proj.weight M=1 scale_layout=swizzled_128x4 tensor_scale=fixed:0.0195312
linear_op: NVFP4 activation pack options for backbone.layers.14.mixer.out_proj.weight M=1 scale_layout=swizzled_128x4 tensor_scale=fixed:0.00767299
expert_layer_create: layer=15 monolithic=true up_bytes=371656704 down_bytes=371656704 total_mib=708.879
expert_layer_create: layer=15 fused_direct_moe_supported=1 expert_full_residency=1 expert_residency_reason=monolithic uploaded_routed_experts=128 estimated_routed_layer_bytes=825754624 cumulative_resident_routed_expert_bytes=743313408 resident_layer_count=1 nonresident_layer_count=0 resident_routed_expert_bytes=743313408 resident_shared_expert_bytes=12473352 resident_total_expert_bytes=755786760 resident_total_expert_mib=720.774
linear_op: NVFP4 activation pack options for backbone.layers.16.mixer.in_proj.weight M=1 scale_layout=swizzled_128x4 tensor_scale=fixed:0.0177641
linear_op: NVFP4 activation pack options for backbone.layers.16.mixer.out_proj.weight M=1 scale_layout=swizzled_128x4 tensor_scale=fixed:0.00595238
expert_layer_create: layer=17 monolithic=true up_bytes=371656704 down_bytes=371656704 total_mib=708.879
expert_layer_create: layer=17 fused_direct_moe_supported=1 expert_full_residency=1 expert_residency_reason=monolithic uploaded_routed_experts=128 estimated_routed_layer_bytes=825754624 cumulative_resident_routed_expert_bytes=743313408 resident_layer_count=1 nonresident_layer_count=0 resident_routed_expert_bytes=743313408 resident_shared_expert_bytes=12473352 resident_total_expert_bytes=755786760 resident_total_expert_mib=720.774
expert_layer_create: layer=20 monolithic=true up_bytes=371656704 down_bytes=371656704 total_mib=708.879
expert_layer_create: layer=20 fused_direct_moe_supported=1 expert_full_residency=1 expert_residency_reason=monolithic uploaded_routed_experts=128 estimated_routed_layer_bytes=825754624 cumulative_resident_routed_expert_bytes=743313408 resident_layer_count=1 nonresident_layer_count=0 resident_routed_expert_bytes=743313408 resident_shared_expert_bytes=12473352 resident_total_expert_bytes=755786760 resident_total_expert_mib=720.774
linear_op: NVFP4 activation pack options for backbone.layers.21.mixer.in_proj.weight M=1 scale_layout=swizzled_128x4 tensor_scale=fixed:0.0166481
linear_op: NVFP4 activation pack options for backbone.layers.21.mixer.out_proj.weight M=1 scale_layout=swizzled_128x4 tensor_scale=fixed:0.0100911
expert_layer_create: layer=22 monolithic=true up_bytes=371656704 down_bytes=371656704 total_mib=708.879
expert_layer_create: layer=22 fused_direct_moe_supported=1 expert_full_residency=1 expert_residency_reason=monolithic uploaded_routed_experts=128 estimated_routed_layer_bytes=825754624 cumulative_resident_routed_expert_bytes=743313408 resident_layer_count=1 nonresident_layer_count=0 resident_routed_expert_bytes=743313408 resident_shared_expert_bytes=12473352 resident_total_expert_bytes=755786760 resident_total_expert_mib=720.774
linear_op: NVFP4 activation pack options for backbone.layers.23.mixer.in_proj.weight M=1 scale_layout=swizzled_128x4 tensor_scale=fixed:0.016369
linear_op: NVFP4 activation pack options for backbone.layers.23.mixer.out_proj.weight M=1 scale_layout=swizzled_128x4 tensor_scale=fixed:0.0143229
expert_layer_create: layer=24 monolithic=true up_bytes=371656704 down_bytes=371656704 total_mib=708.879
expert_layer_create: layer=24 fused_direct_moe_supported=1 expert_full_residency=1 expert_residency_reason=monolithic uploaded_routed_experts=128 estimated_routed_layer_bytes=825754624 cumulative_resident_routed_expert_bytes=743313408 resident_layer_count=1 nonresident_layer_count=0 resident_routed_expert_bytes=743313408 resident_shared_expert_bytes=12473352 resident_total_expert_bytes=755786760 resident_total_expert_mib=720.774
expert_layer_create: layer=27 monolithic=true up_bytes=371656704 down_bytes=371656704 total_mib=708.879
expert_layer_create: layer=27 fused_direct_moe_supported=1 expert_full_residency=1 expert_residency_reason=monolithic uploaded_routed_experts=128 estimated_routed_layer_bytes=825754624 cumulative_resident_routed_expert_bytes=743313408 resident_layer_count=1 nonresident_layer_count=0 resident_routed_expert_bytes=743313408 resident_shared_expert_bytes=12473352 resident_total_expert_bytes=755786760 resident_total_expert_mib=720.774
linear_op: NVFP4 activation pack options for backbone.layers.28.mixer.in_proj.weight M=1 scale_layout=swizzled_128x4 tensor_scale=fixed:0.016183
linear_op: NVFP4 activation pack options for backbone.layers.28.mixer.out_proj.weight M=1 scale_layout=swizzled_128x4 tensor_scale=fixed:0.0144159
expert_layer_create: layer=29 monolithic=true up_bytes=371656704 down_bytes=371656704 total_mib=708.879
expert_layer_create: layer=29 fused_direct_moe_supported=1 expert_full_residency=1 expert_residency_reason=monolithic uploaded_routed_experts=128 estimated_routed_layer_bytes=825754624 cumulative_resident_routed_expert_bytes=743313408 resident_layer_count=1 nonresident_layer_count=0 resident_routed_expert_bytes=743313408 resident_shared_expert_bytes=12473352 resident_total_expert_bytes=755786760 resident_total_expert_mib=720.774
linear_op: NVFP4 activation pack options for backbone.layers.30.mixer.in_proj.weight M=1 scale_layout=swizzled_128x4 tensor_scale=fixed:0.0206473
linear_op: NVFP4 activation pack options for backbone.layers.30.mixer.out_proj.weight M=1 scale_layout=swizzled_128x4 tensor_scale=fixed:0.0230655
expert_layer_create: layer=31 monolithic=true up_bytes=371656704 down_bytes=371656704 total_mib=708.879
expert_layer_create: layer=31 fused_direct_moe_supported=1 expert_full_residency=1 expert_residency_reason=monolithic uploaded_routed_experts=128 estimated_routed_layer_bytes=825754624 cumulative_resident_routed_expert_bytes=743313408 resident_layer_count=1 nonresident_layer_count=0 resident_routed_expert_bytes=743313408 resident_shared_expert_bytes=12473352 resident_total_expert_bytes=755786760 resident_total_expert_mib=720.774
expert_layer_create: layer=34 monolithic=true up_bytes=371656704 down_bytes=371656704 total_mib=708.879
expert_layer_create: layer=34 fused_direct_moe_supported=1 expert_full_residency=1 expert_residency_reason=monolithic uploaded_routed_experts=128 estimated_routed_layer_bytes=825754624 cumulative_resident_routed_expert_bytes=743313408 resident_layer_count=1 nonresident_layer_count=0 resident_routed_expert_bytes=743313408 resident_shared_expert_bytes=12473352 resident_total_expert_bytes=755786760 resident_total_expert_mib=720.774
linear_op: NVFP4 activation pack options for backbone.layers.35.mixer.in_proj.weight M=1 scale_layout=swizzled_128x4 tensor_scale=fixed:0.0179501
linear_op: NVFP4 activation pack options for backbone.layers.35.mixer.out_proj.weight M=1 scale_layout=swizzled_128x4 tensor_scale=fixed:0.0580357
expert_layer_create: layer=36 monolithic=true up_bytes=371656704 down_bytes=371656704 total_mib=708.879
expert_layer_create: layer=36 fused_direct_moe_supported=1 expert_full_residency=1 expert_residency_reason=monolithic uploaded_routed_experts=128 estimated_routed_layer_bytes=825754624 cumulative_resident_routed_expert_bytes=743313408 resident_layer_count=1 nonresident_layer_count=0 resident_routed_expert_bytes=743313408 resident_shared_expert_bytes=12473352 resident_total_expert_bytes=755786760 resident_total_expert_mib=720.774
linear_op: NVFP4 activation pack options for backbone.layers.37.mixer.in_proj.weight M=1 scale_layout=swizzled_128x4 tensor_scale=fixed:0.0127418
linear_op: NVFP4 activation pack options for backbone.layers.37.mixer.out_proj.weight M=1 scale_layout=swizzled_128x4 tensor_scale=fixed:0.0448289
expert_layer_create: layer=38 monolithic=true up_bytes=371656704 down_bytes=371656704 total_mib=708.879
expert_layer_create: layer=38 fused_direct_moe_supported=1 expert_full_residency=1 expert_residency_reason=monolithic uploaded_routed_experts=128 estimated_routed_layer_bytes=825754624 cumulative_resident_routed_expert_bytes=743313408 resident_layer_count=1 nonresident_layer_count=0 resident_routed_expert_bytes=743313408 resident_shared_expert_bytes=12473352 resident_total_expert_bytes=755786760 resident_total_expert_mib=720.774
linear_op: NVFP4 activation pack options for backbone.layers.39.mixer.in_proj.weight M=1 scale_layout=swizzled_128x4 tensor_scale=fixed:0.0235305
linear_op: NVFP4 activation pack options for backbone.layers.39.mixer.out_proj.weight M=1 scale_layout=swizzled_128x4 tensor_scale=fixed:0.0349702
expert_layer_create: layer=40 monolithic=true up_bytes=371656704 down_bytes=371656704 total_mib=708.879
expert_layer_create: layer=40 fused_direct_moe_supported=1 expert_full_residency=1 expert_residency_reason=monolithic uploaded_routed_experts=128 estimated_routed_layer_bytes=825754624 cumulative_resident_routed_expert_bytes=743313408 resident_layer_count=1 nonresident_layer_count=0 resident_routed_expert_bytes=743313408 resident_shared_expert_bytes=12473352 resident_total_expert_bytes=755786760 resident_total_expert_mib=720.774
expert_layer_create: layer=43 monolithic=true up_bytes=371656704 down_bytes=371656704 total_mib=708.879
expert_layer_create: layer=43 fused_direct_moe_supported=1 expert_full_residency=1 expert_residency_reason=monolithic uploaded_routed_experts=128 estimated_routed_layer_bytes=825754624 cumulative_resident_routed_expert_bytes=743313408 resident_layer_count=1 nonresident_layer_count=0 resident_routed_expert_bytes=743313408 resident_shared_expert_bytes=12473352 resident_total_expert_bytes=755786760 resident_total_expert_mib=720.774
linear_op: NVFP4 activation pack options for backbone.layers.44.mixer.in_proj.weight M=1 scale_layout=swizzled_128x4 tensor_scale=fixed:0.015625
linear_op: NVFP4 activation pack options for backbone.layers.44.mixer.out_proj.weight M=1 scale_layout=swizzled_128x4 tensor_scale=fixed:0.0729167
expert_layer_create: layer=45 monolithic=true up_bytes=371656704 down_bytes=371656704 total_mib=708.879
expert_layer_create: layer=45 fused_direct_moe_supported=1 expert_full_residency=1 expert_residency_reason=monolithic uploaded_routed_experts=128 estimated_routed_layer_bytes=825754624 cumulative_resident_routed_expert_bytes=743313408 resident_layer_count=1 nonresident_layer_count=0 resident_routed_expert_bytes=743313408 resident_shared_expert_bytes=12473352 resident_total_expert_bytes=755786760 resident_total_expert_mib=720.774
linear_op: NVFP4 activation pack options for backbone.layers.46.mixer.in_proj.weight M=1 scale_layout=swizzled_128x4 tensor_scale=fixed:0.0178571
linear_op: NVFP4 activation pack options for backbone.layers.46.mixer.out_proj.weight M=1 scale_layout=swizzled_128x4 tensor_scale=fixed:0.0688244
expert_layer_create: layer=47 monolithic=true up_bytes=371656704 down_bytes=371656704 total_mib=708.879
expert_layer_create: layer=47 fused_direct_moe_supported=1 expert_full_residency=1 expert_residency_reason=monolithic uploaded_routed_experts=128 estimated_routed_layer_bytes=825754624 cumulative_resident_routed_expert_bytes=743313408 resident_layer_count=1 nonresident_layer_count=0 resident_routed_expert_bytes=743313408 resident_shared_expert_bytes=12473352 resident_total_expert_bytes=755786760 resident_total_expert_mib=720.774
linear_op: NVFP4 activation pack options for backbone.layers.48.mixer.in_proj.weight M=1 scale_layout=swizzled_128x4 tensor_scale=fixed:0.0217634
linear_op: NVFP4 activation pack options for backbone.layers.48.mixer.out_proj.weight M=1 scale_layout=swizzled_128x4 tensor_scale=fixed:0.127232
expert_layer_create: layer=49 monolithic=true up_bytes=371656704 down_bytes=371656704 total_mib=708.879
expert_layer_create: layer=49 fused_direct_moe_supported=1 expert_full_residency=1 expert_residency_reason=monolithic uploaded_routed_experts=128 estimated_routed_layer_bytes=825754624 cumulative_resident_routed_expert_bytes=743313408 resident_layer_count=1 nonresident_layer_count=0 resident_routed_expert_bytes=743313408 resident_shared_expert_bytes=12473352 resident_total_expert_bytes=755786760 resident_total_expert_mib=720.774
linear_op: NVFP4 activation pack options for backbone.layers.50.mixer.in_proj.weight M=1 scale_layout=swizzled_128x4 tensor_scale=fixed:0.0262277
linear_op: NVFP4 activation pack options for backbone.layers.50.mixer.out_proj.weight M=1 scale_layout=swizzled_128x4 tensor_scale=fixed:0.203869
expert_layer_create: layer=51 monolithic=true up_bytes=371656704 down_bytes=371656704 total_mib=708.879
expert_layer_create: layer=51 fused_direct_moe_supported=1 expert_full_residency=1 expert_residency_reason=monolithic uploaded_routed_experts=128 estimated_routed_layer_bytes=825754624 cumulative_resident_routed_expert_bytes=743313408 resident_layer_count=1 nonresident_layer_count=0 resident_routed_expert_bytes=743313408 resident_shared_expert_bytes=12473352 resident_total_expert_bytes=755786760 resident_total_expert_mib=720.774
single_token_forward_model: post_weight_vram free_vram_mib=11686 total_vram_mib=32075 reserve_mib=512
single_token_forward_model: request_context_vram free_vram_mib=11686 total_vram_mib=32075 reserve_mib=512
single_token_forward_model: request context fits measured VRAM budget available_mib=11174 requested_mib=113 max_tokens=64 attention_total_pages=208
single_token_forward_model: embedding lookup ok for 23 token(s)
single_token_forward_model: running layer 0 kind=1
linear_op: NVFP4 activation pack options for backbone.layers.0.mixer.in_proj.weight M=23 scale_layout=swizzled_128x4 tensor_scale=fixed:0.0164621
linear_op: NVFP4 activation pack options for backbone.layers.0.mixer.out_proj.weight M=23 scale_layout=swizzled_128x4 tensor_scale=fixed:0.00124395
routed_gemm1 dispatch_rows=8 active_selection_count=138 profile=p5_128x128x64_swap_true mode=fp4_direct
routed_gemm1 dispatch_rows=8 active_selection_count=138 profile=p5_128x128x64_swap_true
fp4_direct_compare packed_data mismatch[0]: row=0 col=32 reference=0x20 direct=0x00
fp4_direct_compare packed_data mismatch[1]: row=0 col=234 reference=0x00 direct=0x07
fp4_direct_compare packed_data mismatch[2]: row=0 col=288 reference=0x02 direct=0x00
fp4_direct_compare packed_data mismatch[3]: row=0 col=294 reference=0x06 direct=0x00
fp4_direct_compare packed_data mismatch[4]: row=0 col=752 reference=0x10 direct=0x00
fp4_direct_compare packed_data mismatch[5]: row=0 col=984 reference=0x00 direct=0x07
fp4_direct_compare packed_data mismatch[6]: row=0 col=1092 reference=0x07 direct=0x00
fp4_direct_compare packed_data mismatch[7]: row=0 col=1216 reference=0x07 direct=0x00
fp4_direct_compare packed_data mismatch[8]: row=0 col=1428 reference=0x70 direct=0x00
fp4_direct_compare packed_data mismatch[9]: row=0 col=1456 reference=0x07 direct=0x00
fp4_direct_compare packed_data mismatch[10]: row=0 col=1634 reference=0x60 direct=0x00
fp4_direct_compare packed_data mismatch[11]: row=0 col=1706 reference=0x00 direct=0x07
fp4_direct_compare packed_data mismatch[12]: row=0 col=1816 reference=0x00 direct=0x03
fp4_direct_compare packed_data mismatch[13]: row=0 col=1820 reference=0x00 direct=0x01
fp4_direct_compare packed_data mismatch[14]: row=8 col=482 reference=0x06 direct=0x00
fp4_direct_compare packed_data mismatch[15]: row=8 col=688 reference=0x50 direct=0x00
fp4_direct_compare block_scales_data mismatch[0]: row=0 col=32 reference=0x00 direct=0x38
fp4_direct_compare block_scales_data mismatch[1]: row=0 col=48 reference=0x00 direct=0x38
fp4_direct_compare block_scales_data mismatch[2]: row=0 col=160 reference=0x38 direct=0x00
fp4_direct_compare block_scales_data mismatch[3]: row=0 col=224 reference=0x00 direct=0x02
fp4_direct_compare block_scales_data mismatch[4]: row=0 col=256 reference=0x00 direct=0x38
fp4_direct_compare block_scales_data mismatch[5]: row=0 col=288 reference=0x00 direct=0x38
fp4_direct_compare block_scales_data mismatch[6]: row=0 col=352 reference=0x00 direct=0x38
fp4_direct_compare block_scales_data mismatch[7]: row=0 col=608 reference=0x38 direct=0x00
fp4_direct_compare block_scales_data mismatch[8]: row=0 col=752 reference=0x00 direct=0x38
fp4_direct_compare block_scales_data mismatch[9]: row=0 col=960 reference=0x00 direct=0x38
fp4_direct_compare block_scales_data mismatch[10]: row=0 col=976 reference=0x38 direct=0x02
fp4_direct_compare block_scales_data mismatch[11]: row=0 col=1088 reference=0x04 direct=0x38
fp4_direct_compare block_scales_data mismatch[12]: row=0 col=1216 reference=0x02 direct=0x38
fp4_direct_compare block_scales_data mismatch[13]: row=0 col=1248 reference=0x00 direct=0x38
fp4_direct_compare block_scales_data mismatch[14]: row=0 col=1424 reference=0x01 direct=0x38
fp4_direct_compare block_scales_data mismatch[15]: row=0 col=1456 reference=0x01 direct=0x38
fp4_direct_compare matmul_block_scales_data mismatch[0]: row=0 col=32 reference=0x00 direct=0x38
fp4_direct_compare matmul_block_scales_data mismatch[1]: row=0 col=48 reference=0x00 direct=0x38
fp4_direct_compare matmul_block_scales_data mismatch[2]: row=0 col=160 reference=0x38 direct=0x00
fp4_direct_compare matmul_block_scales_data mismatch[3]: row=0 col=224 reference=0x00 direct=0x02
fp4_direct_compare matmul_block_scales_data mismatch[4]: row=0 col=256 reference=0x00 direct=0x38
fp4_direct_compare matmul_block_scales_data mismatch[5]: row=0 col=288 reference=0x00 direct=0x38
fp4_direct_compare matmul_block_scales_data mismatch[6]: row=0 col=352 reference=0x00 direct=0x38
fp4_direct_compare matmul_block_scales_data mismatch[7]: row=0 col=608 reference=0x38 direct=0x00
fp4_direct_compare matmul_block_scales_data mismatch[8]: row=0 col=752 reference=0x00 direct=0x38
fp4_direct_compare matmul_block_scales_data mismatch[9]: row=0 col=960 reference=0x00 direct=0x38
fp4_direct_compare matmul_block_scales_data mismatch[10]: row=0 col=976 reference=0x38 direct=0x02
fp4_direct_compare matmul_block_scales_data mismatch[11]: row=0 col=1088 reference=0x04 direct=0x38
fp4_direct_compare matmul_block_scales_data mismatch[12]: row=0 col=1216 reference=0x02 direct=0x38
fp4_direct_compare matmul_block_scales_data mismatch[13]: row=0 col=1248 reference=0x00 direct=0x38
fp4_direct_compare matmul_block_scales_data mismatch[14]: row=0 col=1424 reference=0x01 direct=0x38
fp4_direct_compare matmul_block_scales_data mismatch[15]: row=0 col=1456 reference=0x01 direct=0x38
fp4_direct_compare activation_output_scale mismatch[0]: row=0 col=32 reference=0.000976562 (0x3a800000) direct=1 (0x3f800000)
fp4_direct_compare activation_output_scale mismatch[1]: row=0 col=48 reference=0.000976562 (0x3a800000) direct=1 (0x3f800000)
fp4_direct_compare activation_output_scale mismatch[2]: row=0 col=160 reference=1 (0x3f800000) direct=0.000976562 (0x3a800000)
fp4_direct_compare activation_output_scale mismatch[3]: row=0 col=224 reference=0.000976562 (0x3a800000) direct=0.00298325 (0x3b4382ab)
fp4_direct_compare activation_output_scale mismatch[4]: row=0 col=256 reference=0.000976562 (0x3a800000) direct=1 (0x3f800000)
fp4_direct_compare activation_output_scale mismatch[5]: row=0 col=288 reference=0.000976562 (0x3a800000) direct=1 (0x3f800000)
fp4_direct_compare activation_output_scale mismatch[6]: row=0 col=352 reference=0.000976562 (0x3a800000) direct=1 (0x3f800000)
fp4_direct_compare activation_output_scale mismatch[7]: row=0 col=608 reference=1 (0x3f800000) direct=0.000976562 (0x3a800000)
fp4_direct_compare activation_output_scale mismatch[8]: row=0 col=752 reference=0.000976562 (0x3a800000) direct=1 (0x3f800000)
fp4_direct_compare activation_output_scale mismatch[9]: row=0 col=960 reference=0.000976562 (0x3a800000) direct=1 (0x3f800000)
fp4_direct_compare activation_output_scale mismatch[10]: row=0 col=976 reference=1 (0x3f800000) direct=0.00320498 (0x3b520aab)
fp4_direct_compare activation_output_scale mismatch[11]: row=0 col=1088 reference=0.00687663 (0x3be15555) direct=1 (0x3f800000)
fp4_direct_compare activation_output_scale mismatch[12]: row=0 col=1216 reference=0.00320498 (0x3b520aab) direct=1 (0x3f800000)
fp4_direct_compare activation_output_scale mismatch[13]: row=0 col=1248 reference=0.000976562 (0x3a800000) direct=1 (0x3f800000)
fp4_direct_compare activation_output_scale mismatch[14]: row=0 col=1424 reference=0.00201166 (0x3b03d600) direct=1 (0x3f800000)
fp4_direct_compare activation_output_scale mismatch[15]: row=0 col=1456 reference=0.00187115 (0x3af54155) direct=1 (0x3f800000)
fp4_direct_compare summary: packed_data=4150 block_scales_data=8305 matmul_block_scales_data=8284 activation_output_scale=9154
routed_gemm2 dispatch_rows=8 active_selection_count=138 profile=p13_128x128x64_swap_true
single_token_forward_model: layer 0 ok
single_token_forward_model: running layer 1 kind=2
single_token_forward_model: layer 1 ok
single_token_forward_model: running layer 2 kind=1
linear_op: NVFP4 activation pack options for backbone.layers.2.mixer.in_proj.weight M=23 scale_layout=swizzled_128x4 tensor_scale=fixed:0.031994
linear_op: NVFP4 activation pack options for backbone.layers.2.mixer.out_proj.weight M=23 scale_layout=swizzled_128x4 tensor_scale=fixed:0.00180199
routed_gemm1 dispatch_rows=8 active_selection_count=138 profile=p5_128x128x64_swap_true mode=fp4_direct
routed_gemm2 dispatch_rows=8 active_selection_count=138 profile=p13_128x128x64_swap_true
routed_gemm1 dispatch_rows=8 active_selection_count=138 profile=p5_128x128x64_swap_true mode=fp4_direct
routed_gemm2 dispatch_rows=8 active_selection_count=138 profile=p13_128x128x64_swap_true
single_token_forward_model: layer 2 ok
single_token_forward_model: running layer 3 kind=2
single_token_forward_model: layer 3 ok
single_token_forward_model: running layer 4 kind=1
single_token_forward_model: layer 4 ok
single_token_forward_model: running layer 5 kind=0
attention_layer: using nano_multi_token
single_token_forward_model: layer 5 ok
single_token_forward_model: running layer 6 kind=2
single_token_forward_model: layer 6 ok
single_token_forward_model: running layer 7 kind=1
linear_op: NVFP4 activation pack options for backbone.layers.7.mixer.in_proj.weight M=23 scale_layout=swizzled_128x4 tensor_scale=fixed:0.0256696
linear_op: NVFP4 activation pack options for backbone.layers.7.mixer.out_proj.weight M=23 scale_layout=swizzled_128x4 tensor_scale=fixed:0.00240653
routed_gemm1 dispatch_rows=8 active_selection_count=138 profile=p5_128x128x64_swap_true mode=fp4_direct
routed_gemm2 dispatch_rows=8 active_selection_count=138 profile=p13_128x128x64_swap_true
single_token_forward_model: layer 7 ok
single_token_forward_model: running layer 8 kind=2
single_token_forward_model: layer 8 ok
single_token_forward_model: running layer 9 kind=1
linear_op: NVFP4 activation pack options for backbone.layers.9.mixer.in_proj.weight M=23 scale_layout=swizzled_128x4 tensor_scale=fixed:0.0121838
linear_op: NVFP4 activation pack options for backbone.layers.9.mixer.out_proj.weight M=23 scale_layout=swizzled_128x4 tensor_scale=fixed:0.00353423
routed_gemm1 dispatch_rows=8 active_selection_count=138 profile=p5_128x128x64_swap_true mode=fp4_direct
routed_gemm2 dispatch_rows=8 active_selection_count=138 profile=p13_128x128x64_swap_true
routed_gemm1 dispatch_rows=8 active_selection_count=138 profile=p5_128x128x64_swap_true mode=fp4_direct
routed_gemm2 dispatch_rows=8 active_selection_count=138 profile=p13_128x128x64_swap_true
single_token_forward_model: layer 9 ok
single_token_forward_model: running layer 10 kind=2
single_token_forward_model: layer 10 ok
single_token_forward_model: running layer 11 kind=1
single_token_forward_model: layer 11 ok
single_token_forward_model: running layer 12 kind=0
attention_layer: using nano_multi_token
single_token_forward_model: layer 12 ok
single_token_forward_model: running layer 13 kind=2
single_token_forward_model: layer 13 ok
single_token_forward_model: running layer 14 kind=1
linear_op: NVFP4 activation pack options for backbone.layers.14.mixer.in_proj.weight M=23 scale_layout=swizzled_128x4 tensor_scale=fixed:0.0195312
linear_op: NVFP4 activation pack options for backbone.layers.14.mixer.out_proj.weight M=23 scale_layout=swizzled_128x4 tensor_scale=fixed:0.00767299
routed_gemm1 dispatch_rows=8 active_selection_count=138 profile=p5_128x128x64_swap_true mode=fp4_direct
routed_gemm2 dispatch_rows=8 active_selection_count=138 profile=p13_128x128x64_swap_true
single_token_forward_model: layer 14 ok
single_token_forward_model: running layer 15 kind=2
single_token_forward_model: layer 15 ok
single_token_forward_model: running layer 16 kind=1
linear_op: NVFP4 activation pack options for backbone.layers.16.mixer.in_proj.weight M=23 scale_layout=swizzled_128x4 tensor_scale=fixed:0.0177641
linear_op: NVFP4 activation pack options for backbone.layers.16.mixer.out_proj.weight M=23 scale_layout=swizzled_128x4 tensor_scale=fixed:0.00595238
routed_gemm1 dispatch_rows=8 active_selection_count=138 profile=p5_128x128x64_swap_true mode=fp4_direct
routed_gemm2 dispatch_rows=8 active_selection_count=138 profile=p13_128x128x64_swap_true
routed_gemm1 dispatch_rows=8 active_selection_count=138 profile=p5_128x128x64_swap_true mode=fp4_direct
routed_gemm2 dispatch_rows=8 active_selection_count=138 profile=p13_128x128x64_swap_true
single_token_forward_model: layer 16 ok
single_token_forward_model: running layer 17 kind=2
single_token_forward_model: layer 17 ok
single_token_forward_model: running layer 18 kind=1
single_token_forward_model: layer 18 ok
single_token_forward_model: running layer 19 kind=0
attention_layer: using nano_multi_token
single_token_forward_model: layer 19 ok
single_token_forward_model: running layer 20 kind=2
single_token_forward_model: layer 20 ok
single_token_forward_model: running layer 21 kind=1
linear_op: NVFP4 activation pack options for backbone.layers.21.mixer.in_proj.weight M=23 scale_layout=swizzled_128x4 tensor_scale=fixed:0.0166481
linear_op: NVFP4 activation pack options for backbone.layers.21.mixer.out_proj.weight M=23 scale_layout=swizzled_128x4 tensor_scale=fixed:0.0100911
routed_gemm1 dispatch_rows=8 active_selection_count=138 profile=p5_128x128x64_swap_true mode=fp4_direct
routed_gemm2 dispatch_rows=8 active_selection_count=138 profile=p13_128x128x64_swap_true
single_token_forward_model: layer 21 ok
single_token_forward_model: running layer 22 kind=2
single_token_forward_model: layer 22 ok
single_token_forward_model: running layer 23 kind=1
linear_op: NVFP4 activation pack options for backbone.layers.23.mixer.in_proj.weight M=23 scale_layout=swizzled_128x4 tensor_scale=fixed:0.016369
linear_op: NVFP4 activation pack options for backbone.layers.23.mixer.out_proj.weight M=23 scale_layout=swizzled_128x4 tensor_scale=fixed:0.0143229
routed_gemm1 dispatch_rows=8 active_selection_count=138 profile=p5_128x128x64_swap_true mode=fp4_direct
routed_gemm2 dispatch_rows=8 active_selection_count=138 profile=p13_128x128x64_swap_true
routed_gemm1 dispatch_rows=8 active_selection_count=138 profile=p5_128x128x64_swap_true mode=fp4_direct
routed_gemm2 dispatch_rows=8 active_selection_count=138 profile=p13_128x128x64_swap_true
single_token_forward_model: layer 23 ok
single_token_forward_model: running layer 24 kind=2
single_token_forward_model: layer 24 ok
single_token_forward_model: running layer 25 kind=1
single_token_forward_model: layer 25 ok
single_token_forward_model: running layer 26 kind=0
attention_layer: using nano_multi_token
single_token_forward_model: layer 26 ok
single_token_forward_model: running layer 27 kind=2
single_token_forward_model: layer 27 ok
single_token_forward_model: running layer 28 kind=1
linear_op: NVFP4 activation pack options for backbone.layers.28.mixer.in_proj.weight M=23 scale_layout=swizzled_128x4 tensor_scale=fixed:0.016183
linear_op: NVFP4 activation pack options for backbone.layers.28.mixer.out_proj.weight M=23 scale_layout=swizzled_128x4 tensor_scale=fixed:0.0144159
routed_gemm1 dispatch_rows=8 active_selection_count=138 profile=p5_128x128x64_swap_true mode=fp4_direct
routed_gemm2 dispatch_rows=8 active_selection_count=138 profile=p13_128x128x64_swap_true
single_token_forward_model: layer 28 ok
single_token_forward_model: running layer 29 kind=2
single_token_forward_model: layer 29 ok
single_token_forward_model: running layer 30 kind=1
linear_op: NVFP4 activation pack options for backbone.layers.30.mixer.in_proj.weight M=23 scale_layout=swizzled_128x4 tensor_scale=fixed:0.0206473
linear_op: NVFP4 activation pack options for backbone.layers.30.mixer.out_proj.weight M=23 scale_layout=swizzled_128x4 tensor_scale=fixed:0.0230655
routed_gemm1 dispatch_rows=8 active_selection_count=138 profile=p5_128x128x64_swap_true mode=fp4_direct
routed_gemm2 dispatch_rows=8 active_selection_count=138 profile=p13_128x128x64_swap_true
routed_gemm1 dispatch_rows=8 active_selection_count=138 profile=p5_128x128x64_swap_true mode=fp4_direct
routed_gemm2 dispatch_rows=8 active_selection_count=138 profile=p13_128x128x64_swap_true
single_token_forward_model: layer 30 ok
single_token_forward_model: running layer 31 kind=2
single_token_forward_model: layer 31 ok
single_token_forward_model: running layer 32 kind=1
single_token_forward_model: layer 32 ok
single_token_forward_model: running layer 33 kind=0
attention_layer: using nano_multi_token
single_token_forward_model: layer 33 ok
single_token_forward_model: running layer 34 kind=2
single_token_forward_model: layer 34 ok
single_token_forward_model: running layer 35 kind=1
linear_op: NVFP4 activation pack options for backbone.layers.35.mixer.in_proj.weight M=23 scale_layout=swizzled_128x4 tensor_scale=fixed:0.0179501
linear_op: NVFP4 activation pack options for backbone.layers.35.mixer.out_proj.weight M=23 scale_layout=swizzled_128x4 tensor_scale=fixed:0.0580357
routed_gemm1 dispatch_rows=8 active_selection_count=138 profile=p5_128x128x64_swap_true mode=fp4_direct
routed_gemm2 dispatch_rows=8 active_selection_count=138 profile=p13_128x128x64_swap_true
single_token_forward_model: layer 35 ok
single_token_forward_model: running layer 36 kind=2
single_token_forward_model: layer 36 ok
single_token_forward_model: running layer 37 kind=1
linear_op: NVFP4 activation pack options for backbone.layers.37.mixer.in_proj.weight M=23 scale_layout=swizzled_128x4 tensor_scale=fixed:0.0127418
linear_op: NVFP4 activation pack options for backbone.layers.37.mixer.out_proj.weight M=23 scale_layout=swizzled_128x4 tensor_scale=fixed:0.0448289
routed_gemm1 dispatch_rows=8 active_selection_count=138 profile=p5_128x128x64_swap_true mode=fp4_direct
routed_gemm2 dispatch_rows=8 active_selection_count=138 profile=p13_128x128x64_swap_true
single_token_forward_model: layer 37 ok
single_token_forward_model: running layer 38 kind=2
single_token_forward_model: layer 38 ok
single_token_forward_model: running layer 39 kind=1
linear_op: NVFP4 activation pack options for backbone.layers.39.mixer.in_proj.weight M=23 scale_layout=swizzled_128x4 tensor_scale=fixed:0.0235305
linear_op: NVFP4 activation pack options for backbone.layers.39.mixer.out_proj.weight M=23 scale_layout=swizzled_128x4 tensor_scale=fixed:0.0349702
routed_gemm1 dispatch_rows=8 active_selection_count=138 profile=p5_128x128x64_swap_true mode=fp4_direct
routed_gemm2 dispatch_rows=8 active_selection_count=138 profile=p13_128x128x64_swap_true
routed_gemm1 dispatch_rows=8 active_selection_count=138 profile=p5_128x128x64_swap_true mode=fp4_direct
routed_gemm2 dispatch_rows=8 active_selection_count=138 profile=p13_128x128x64_swap_true
single_token_forward_model: layer 39 ok
single_token_forward_model: running layer 40 kind=2
single_token_forward_model: layer 40 ok
single_token_forward_model: running layer 41 kind=1
single_token_forward_model: layer 41 ok
single_token_forward_model: running layer 42 kind=0
attention_layer: using nano_multi_token
single_token_forward_model: layer 42 ok
single_token_forward_model: running layer 43 kind=2
single_token_forward_model: layer 43 ok
single_token_forward_model: running layer 44 kind=1
linear_op: NVFP4 activation pack options for backbone.layers.44.mixer.in_proj.weight M=23 scale_layout=swizzled_128x4 tensor_scale=fixed:0.015625
linear_op: NVFP4 activation pack options for backbone.layers.44.mixer.out_proj.weight M=23 scale_layout=swizzled_128x4 tensor_scale=fixed:0.0729167
routed_gemm1 dispatch_rows=8 active_selection_count=138 profile=p5_128x128x64_swap_true mode=fp4_direct
routed_gemm2 dispatch_rows=8 active_selection_count=138 profile=p13_128x128x64_swap_true
single_token_forward_model: layer 44 ok
single_token_forward_model: running layer 45 kind=2
single_token_forward_model: layer 45 ok
single_token_forward_model: running layer 46 kind=1
linear_op: NVFP4 activation pack options for backbone.layers.46.mixer.in_proj.weight M=23 scale_layout=swizzled_128x4 tensor_scale=fixed:0.0178571
linear_op: NVFP4 activation pack options for backbone.layers.46.mixer.out_proj.weight M=23 scale_layout=swizzled_128x4 tensor_scale=fixed:0.0688244
routed_gemm1 dispatch_rows=8 active_selection_count=138 profile=p5_128x128x64_swap_true mode=fp4_direct
routed_gemm2 dispatch_rows=8 active_selection_count=138 profile=p13_128x128x64_swap_true
single_token_forward_model: layer 46 ok
single_token_forward_model: running layer 47 kind=2
single_token_forward_model: layer 47 ok
single_token_forward_model: running layer 48 kind=1
linear_op: NVFP4 activation pack options for backbone.layers.48.mixer.in_proj.weight M=23 scale_layout=swizzled_128x4 tensor_scale=fixed:0.0217634
linear_op: NVFP4 activation pack options for backbone.layers.48.mixer.out_proj.weight M=23 scale_layout=swizzled_128x4 tensor_scale=fixed:0.127232
routed_gemm1 dispatch_rows=8 active_selection_count=138 profile=p5_128x128x64_swap_true mode=fp4_direct
routed_gemm2 dispatch_rows=8 active_selection_count=138 profile=p13_128x128x64_swap_true
single_token_forward_model: layer 48 ok
single_token_forward_model: running layer 49 kind=2
single_token_forward_model: layer 49 ok
single_token_forward_model: running layer 50 kind=1
linear_op: NVFP4 activation pack options for backbone.layers.50.mixer.in_proj.weight M=23 scale_layout=swizzled_128x4 tensor_scale=fixed:0.0262277
linear_op: NVFP4 activation pack options for backbone.layers.50.mixer.out_proj.weight M=23 scale_layout=swizzled_128x4 tensor_scale=fixed:0.203869
routed_gemm1 dispatch_rows=8 active_selection_count=138 profile=p5_128x128x64_swap_true mode=fp4_direct
routed_gemm2 dispatch_rows=8 active_selection_count=138 profile=p13_128x128x64_swap_true
single_token_forward_model: layer 50 ok
single_token_forward_model: running layer 51 kind=2
single_token_forward_model: layer 51 ok
single_token_forward_model: lm_head ok
single_token_forward_model: embedding lookup ok for 1 token(s)
single_token_forward_model: running layer 0 kind=1
linear_op: NVFP4 activation pack options for backbone.layers.0.mixer.in_proj.weight M=1 scale_layout=swizzled_128x4 tensor_scale=fixed:0.0164621
linear_op: NVFP4 activation pack options for backbone.layers.0.mixer.out_proj.weight M=1 scale_layout=swizzled_128x4 tensor_scale=fixed:0.00124395
single_token_forward_model: layer 0 ok
single_token_forward_model: running layer 1 kind=2
single_token_forward_model: layer 1 ok
single_token_forward_model: running layer 2 kind=1
linear_op: NVFP4 activation pack options for backbone.layers.2.mixer.in_proj.weight M=1 scale_layout=swizzled_128x4 tensor_scale=fixed:0.031994
linear_op: NVFP4 activation pack options for backbone.layers.2.mixer.out_proj.weight M=1 scale_layout=swizzled_128x4 tensor_scale=fixed:0.00180199
single_token_forward_model: layer 2 ok
single_token_forward_model: running layer 3 kind=2
single_token_forward_model: layer 3 ok
single_token_forward_model: running layer 4 kind=1
single_token_forward_model: layer 4 ok
single_token_forward_model: running layer 5 kind=0
attention_layer: using nano_decode
single_token_forward_model: layer 5 ok
single_token_forward_model: running layer 6 kind=2
single_token_forward_model: layer 6 ok
single_token_forward_model: running layer 7 kind=1
linear_op: NVFP4 activation pack options for backbone.layers.7.mixer.in_proj.weight M=1 scale_layout=swizzled_128x4 tensor_scale=fixed:0.0256696
linear_op: NVFP4 activation pack options for backbone.layers.7.mixer.out_proj.weight M=1 scale_layout=swizzled_128x4 tensor_scale=fixed:0.00240653
single_token_forward_model: layer 7 ok
single_token_forward_model: running layer 8 kind=2
single_token_forward_model: layer 8 ok
single_token_forward_model: running layer 9 kind=1
linear_op: NVFP4 activation pack options for backbone.layers.9.mixer.in_proj.weight M=1 scale_layout=swizzled_128x4 tensor_scale=fixed:0.0121838
linear_op: NVFP4 activation pack options for backbone.layers.9.mixer.out_proj.weight M=1 scale_layout=swizzled_128x4 tensor_scale=fixed:0.00353423
single_token_forward_model: layer 9 ok
single_token_forward_model: running layer 10 kind=2
single_token_forward_model: layer 10 ok
single_token_forward_model: running layer 11 kind=1
single_token_forward_model: layer 11 ok
single_token_forward_model: running layer 12 kind=0
attention_layer: using nano_decode
single_token_forward_model: layer 12 ok
single_token_forward_model: running layer 13 kind=2
single_token_forward_model: layer 13 ok
single_token_forward_model: running layer 14 kind=1
linear_op: NVFP4 activation pack options for backbone.layers.14.mixer.in_proj.weight M=1 scale_layout=swizzled_128x4 tensor_scale=fixed:0.0195312
linear_op: NVFP4 activation pack options for backbone.layers.14.mixer.out_proj.weight M=1 scale_layout=swizzled_128x4 tensor_scale=fixed:0.00767299
single_token_forward_model: layer 14 ok
single_token_forward_model: running layer 15 kind=2
single_token_forward_model: layer 15 ok
single_token_forward_model: running layer 16 kind=1
linear_op: NVFP4 activation pack options for backbone.layers.16.mixer.in_proj.weight M=1 scale_layout=swizzled_128x4 tensor_scale=fixed:0.0177641
linear_op: NVFP4 activation pack options for backbone.layers.16.mixer.out_proj.weight M=1 scale_layout=swizzled_128x4 tensor_scale=fixed:0.00595238
single_token_forward_model: layer 16 ok
single_token_forward_model: running layer 17 kind=2
single_token_forward_model: layer 17 ok
single_token_forward_model: running layer 18 kind=1
single_token_forward_model: layer 18 ok
single_token_forward_model: running layer 19 kind=0
attention_layer: using nano_decode
single_token_forward_model: layer 19 ok
single_token_forward_model: running layer 20 kind=2
single_token_forward_model: layer 20 ok
single_token_forward_model: running layer 21 kind=1
linear_op: NVFP4 activation pack options for backbone.layers.21.mixer.in_proj.weight M=1 scale_layout=swizzled_128x4 tensor_scale=fixed:0.0166481
linear_op: NVFP4 activation pack options for backbone.layers.21.mixer.out_proj.weight M=1 scale_layout=swizzled_128x4 tensor_scale=fixed:0.0100911
single_token_forward_model: layer 21 ok
single_token_forward_model: running layer 22 kind=2
single_token_forward_model: layer 22 ok
single_token_forward_model: running layer 23 kind=1
linear_op: NVFP4 activation pack options for backbone.layers.23.mixer.in_proj.weight M=1 scale_layout=swizzled_128x4 tensor_scale=fixed:0.016369
linear_op: NVFP4 activation pack options for backbone.layers.23.mixer.out_proj.weight M=1 scale_layout=swizzled_128x4 tensor_scale=fixed:0.0143229
single_token_forward_model: layer 23 ok
single_token_forward_model: running layer 24 kind=2
single_token_forward_model: layer 24 ok
single_token_forward_model: running layer 25 kind=1
single_token_forward_model: layer 25 ok
single_token_forward_model: running layer 26 kind=0
attention_layer: using nano_decode
single_token_forward_model: layer 26 ok
single_token_forward_model: running layer 27 kind=2
single_token_forward_model: layer 27 ok
single_token_forward_model: running layer 28 kind=1
linear_op: NVFP4 activation pack options for backbone.layers.28.mixer.in_proj.weight M=1 scale_layout=swizzled_128x4 tensor_scale=fixed:0.016183
linear_op: NVFP4 activation pack options for backbone.layers.28.mixer.out_proj.weight M=1 scale_layout=swizzled_128x4 tensor_scale=fixed:0.0144159
single_token_forward_model: layer 28 ok
single_token_forward_model: running layer 29 kind=2
single_token_forward_model: layer 29 ok
single_token_forward_model: running layer 30 kind=1
linear_op: NVFP4 activation pack options for backbone.layers.30.mixer.in_proj.weight M=1 scale_layout=swizzled_128x4 tensor_scale=fixed:0.0206473
linear_op: NVFP4 activation pack options for backbone.layers.30.mixer.out_proj.weight M=1 scale_layout=swizzled_128x4 tensor_scale=fixed:0.0230655
single_token_forward_model: layer 30 ok
single_token_forward_model: running layer 31 kind=2
single_token_forward_model: layer 31 ok
single_token_forward_model: running layer 32 kind=1
single_token_forward_model: layer 32 ok
single_token_forward_model: running layer 33 kind=0
attention_layer: using nano_decode
single_token_forward_model: layer 33 ok
single_token_forward_model: running layer 34 kind=2
single_token_forward_model: layer 34 ok
single_token_forward_model: running layer 35 kind=1
linear_op: NVFP4 activation pack options for backbone.layers.35.mixer.in_proj.weight M=1 scale_layout=swizzled_128x4 tensor_scale=fixed:0.0179501
linear_op: NVFP4 activation pack options for backbone.layers.35.mixer.out_proj.weight M=1 scale_layout=swizzled_128x4 tensor_scale=fixed:0.0580357
single_token_forward_model: layer 35 ok
single_token_forward_model: running layer 36 kind=2
single_token_forward_model: layer 36 ok
single_token_forward_model: running layer 37 kind=1
linear_op: NVFP4 activation pack options for backbone.layers.37.mixer.in_proj.weight M=1 scale_layout=swizzled_128x4 tensor_scale=fixed:0.0127418
linear_op: NVFP4 activation pack options for backbone.layers.37.mixer.out_proj.weight M=1 scale_layout=swizzled_128x4 tensor_scale=fixed:0.0448289
single_token_forward_model: layer 37 ok
single_token_forward_model: running layer 38 kind=2
single_token_forward_model: layer 38 ok
single_token_forward_model: running layer 39 kind=1
linear_op: NVFP4 activation pack options for backbone.layers.39.mixer.in_proj.weight M=1 scale_layout=swizzled_128x4 tensor_scale=fixed:0.0235305
linear_op: NVFP4 activation pack options for backbone.layers.39.mixer.out_proj.weight M=1 scale_layout=swizzled_128x4 tensor_scale=fixed:0.0349702
single_token_forward_model: layer 39 ok
single_token_forward_model: running layer 40 kind=2
single_token_forward_model: layer 40 ok
single_token_forward_model: running layer 41 kind=1
single_token_forward_model: layer 41 ok
single_token_forward_model: running layer 42 kind=0
attention_layer: using nano_decode
single_token_forward_model: layer 42 ok
single_token_forward_model: running layer 43 kind=2
single_token_forward_model: layer 43 ok
single_token_forward_model: running layer 44 kind=1
linear_op: NVFP4 activation pack options for backbone.layers.44.mixer.in_proj.weight M=1 scale_layout=swizzled_128x4 tensor_scale=fixed:0.015625
linear_op: NVFP4 activation pack options for backbone.layers.44.mixer.out_proj.weight M=1 scale_layout=swizzled_128x4 tensor_scale=fixed:0.0729167
single_token_forward_model: layer 44 ok
single_token_forward_model: running layer 45 kind=2
single_token_forward_model: layer 45 ok
single_token_forward_model: running layer 46 kind=1
linear_op: NVFP4 activation pack options for backbone.layers.46.mixer.in_proj.weight M=1 scale_layout=swizzled_128x4 tensor_scale=fixed:0.0178571
linear_op: NVFP4 activation pack options for backbone.layers.46.mixer.out_proj.weight M=1 scale_layout=swizzled_128x4 tensor_scale=fixed:0.0688244
single_token_forward_model: layer 46 ok
single_token_forward_model: running layer 47 kind=2
single_token_forward_model: layer 47 ok
single_token_forward_model: running layer 48 kind=1
linear_op: NVFP4 activation pack options for backbone.layers.48.mixer.in_proj.weight M=1 scale_layout=swizzled_128x4 tensor_scale=fixed:0.0217634
linear_op: NVFP4 activation pack options for backbone.layers.48.mixer.out_proj.weight M=1 scale_layout=swizzled_128x4 tensor_scale=fixed:0.127232
single_token_forward_model: layer 48 ok
single_token_forward_model: running layer 49 kind=2
single_token_forward_model: layer 49 ok
single_token_forward_model: running layer 50 kind=1
linear_op: NVFP4 activation pack options for backbone.layers.50.mixer.in_proj.weight M=1 scale_layout=swizzled_128x4 tensor_scale=fixed:0.0262277
linear_op: NVFP4 activation pack options for backbone.layers.50.mixer.out_proj.weight M=1 scale_layout=swizzled_128x4 tensor_scale=fixed:0.203869
single_token_forward_model: layer 50 ok
single_token_forward_model: running layer 51 kind=2
single_token_forward_model: layer 51 ok
single_token_forward_model: lm_head ok
single_token_forward_model: embedding lookup ok for 1 token(s)
single_token_forward_model: running layer 0 kind=1
linear_op: NVFP4 activation pack options for backbone.layers.0.mixer.in_proj.weight M=1 scale_layout=swizzled_128x4 tensor_scale=fixed:0.0164621
linear_op: NVFP4 activation pack options for backbone.layers.0.mixer.out_proj.weight M=1 scale_layout=swizzled_128x4 tensor_scale=fixed:0.00124395
single_token_forward_model: layer 0 ok
single_token_forward_model: running layer 1 kind=2
single_token_forward_model: layer 1 ok
single_token_forward_model: running layer 2 kind=1
linear_op: NVFP4 activation pack options for backbone.layers.2.mixer.in_proj.weight M=1 scale_layout=swizzled_128x4 tensor_scale=fixed:0.031994
linear_op: NVFP4 activation pack options for backbone.layers.2.mixer.out_proj.weight M=1 scale_layout=swizzled_128x4 tensor_scale=fixed:0.00180199
single_token_forward_model: layer 2 ok
single_token_forward_model: running layer 3 kind=2
single_token_forward_model: layer 3 ok
single_token_forward_model: running layer 4 kind=1
single_token_forward_model: layer 4 ok
single_token_forward_model: running layer 5 kind=0
attention_layer: using nano_decode
single_token_forward_model: layer 5 ok
single_token_forward_model: running layer 6 kind=2
single_token_forward_model: layer 6 ok
single_token_forward_model: running layer 7 kind=1
linear_op: NVFP4 activation pack options for backbone.layers.7.mixer.in_proj.weight M=1 scale_layout=swizzled_128x4 tensor_scale=fixed:0.0256696
linear_op: NVFP4 activation pack options for backbone.layers.7.mixer.out_proj.weight M=1 scale_layout=swizzled_128x4 tensor_scale=fixed:0.00240653
single_token_forward_model: layer 7 ok
single_token_forward_model: running layer 8 kind=2
single_token_forward_model: layer 8 ok
single_token_forward_model: running layer 9 kind=1
linear_op: NVFP4 activation pack options for backbone.layers.9.mixer.in_proj.weight M=1 scale_layout=swizzled_128x4 tensor_scale=fixed:0.0121838
linear_op: NVFP4 activation pack options for backbone.layers.9.mixer.out_proj.weight M=1 scale_layout=swizzled_128x4 tensor_scale=fixed:0.00353423
single_token_forward_model: layer 9 ok
single_token_forward_model: running layer 10 kind=2
single_token_forward_model: layer 10 ok
single_token_forward_model: running layer 11 kind=1
single_token_forward_model: layer 11 ok
single_token_forward_model: running layer 12 kind=0
attention_layer: using nano_decode
single_token_forward_model: layer 12 ok
single_token_forward_model: running layer 13 kind=2
single_token_forward_model: layer 13 ok
single_token_forward_model: running layer 14 kind=1
linear_op: NVFP4 activation pack options for backbone.layers.14.mixer.in_proj.weight M=1 scale_layout=swizzled_128x4 tensor_scale=fixed:0.0195312
linear_op: NVFP4 activation pack options for backbone.layers.14.mixer.out_proj.weight M=1 scale_layout=swizzled_128x4 tensor_scale=fixed:0.00767299
single_token_forward_model: layer 14 ok
single_token_forward_model: running layer 15 kind=2
single_token_forward_model: layer 15 ok
single_token_forward_model: running layer 16 kind=1
linear_op: NVFP4 activation pack options for backbone.layers.16.mixer.in_proj.weight M=1 scale_layout=swizzled_128x4 tensor_scale=fixed:0.0177641
linear_op: NVFP4 activation pack options for backbone.layers.16.mixer.out_proj.weight M=1 scale_layout=swizzled_128x4 tensor_scale=fixed:0.00595238
single_token_forward_model: layer 16 ok
single_token_forward_model: running layer 17 kind=2
single_token_forward_model: layer 17 ok
single_token_forward_model: running layer 18 kind=1
single_token_forward_model: layer 18 ok
single_token_forward_model: running layer 19 kind=0
attention_layer: using nano_decode
single_token_forward_model: layer 19 ok
single_token_forward_model: running layer 20 kind=2
single_token_forward_model: layer 20 ok
single_token_forward_model: running layer 21 kind=1
linear_op: NVFP4 activation pack options for backbone.layers.21.mixer.in_proj.weight M=1 scale_layout=swizzled_128x4 tensor_scale=fixed:0.0166481
linear_op: NVFP4 activation pack options for backbone.layers.21.mixer.out_proj.weight M=1 scale_layout=swizzled_128x4 tensor_scale=fixed:0.0100911
single_token_forward_model: layer 21 ok
single_token_forward_model: running layer 22 kind=2
single_token_forward_model: layer 22 ok
single_token_forward_model: running layer 23 kind=1
linear_op: NVFP4 activation pack options for backbone.layers.23.mixer.in_proj.weight M=1 scale_layout=swizzled_128x4 tensor_scale=fixed:0.016369
linear_op: NVFP4 activation pack options for backbone.layers.23.mixer.out_proj.weight M=1 scale_layout=swizzled_128x4 tensor_scale=fixed:0.0143229
single_token_forward_model: layer 23 ok
single_token_forward_model: running layer 24 kind=2
single_token_forward_model: layer 24 ok
single_token_forward_model: running layer 25 kind=1
single_token_forward_model: layer 25 ok
single_token_forward_model: running layer 26 kind=0
attention_layer: using nano_decode
single_token_forward_model: layer 26 ok
single_token_forward_model: running layer 27 kind=2
single_token_forward_model: layer 27 ok
single_token_forward_model: running layer 28 kind=1
linear_op: NVFP4 activation pack options for backbone.layers.28.mixer.in_proj.weight M=1 scale_layout=swizzled_128x4 tensor_scale=fixed:0.016183
linear_op: NVFP4 activation pack options for backbone.layers.28.mixer.out_proj.weight M=1 scale_layout=swizzled_128x4 tensor_scale=fixed:0.0144159
single_token_forward_model: layer 28 ok
single_token_forward_model: running layer 29 kind=2
single_token_forward_model: layer 29 ok
single_token_forward_model: running layer 30 kind=1
linear_op: NVFP4 activation pack options for backbone.layers.30.mixer.in_proj.weight M=1 scale_layout=swizzled_128x4 tensor_scale=fixed:0.0206473
linear_op: NVFP4 activation pack options for backbone.layers.30.mixer.out_proj.weight M=1 scale_layout=swizzled_128x4 tensor_scale=fixed:0.0230655
single_token_forward_model: layer 30 ok
single_token_forward_model: running layer 31 kind=2
single_token_forward_model: layer 31 ok
single_token_forward_model: running layer 32 kind=1
single_token_forward_model: layer 32 ok
single_token_forward_model: running layer 33 kind=0
attention_layer: using nano_decode
single_token_forward_model: layer 33 ok
single_token_forward_model: running layer 34 kind=2
single_token_forward_model: layer 34 ok
single_token_forward_model: running layer 35 kind=1
linear_op: NVFP4 activation pack options for backbone.layers.35.mixer.in_proj.weight M=1 scale_layout=swizzled_128x4 tensor_scale=fixed:0.0179501
linear_op: NVFP4 activation pack options for backbone.layers.35.mixer.out_proj.weight M=1 scale_layout=swizzled_128x4 tensor_scale=fixed:0.0580357
single_token_forward_model: layer 35 ok
single_token_forward_model: running layer 36 kind=2
single_token_forward_model: layer 36 ok
single_token_forward_model: running layer 37 kind=1
linear_op: NVFP4 activation pack options for backbone.layers.37.mixer.in_proj.weight M=1 scale_layout=swizzled_128x4 tensor_scale=fixed:0.0127418
linear_op: NVFP4 activation pack options for backbone.layers.37.mixer.out_proj.weight M=1 scale_layout=swizzled_128x4 tensor_scale=fixed:0.0448289
single_token_forward_model: layer 37 ok
single_token_forward_model: running layer 38 kind=2
single_token_forward_model: layer 38 ok
single_token_forward_model: running layer 39 kind=1
linear_op: NVFP4 activation pack options for backbone.layers.39.mixer.in_proj.weight M=1 scale_layout=swizzled_128x4 tensor_scale=fixed:0.0235305
linear_op: NVFP4 activation pack options for backbone.layers.39.mixer.out_proj.weight M=1 scale_layout=swizzled_128x4 tensor_scale=fixed:0.0349702
single_token_forward_model: layer 39 ok
single_token_forward_model: running layer 40 kind=2
single_token_forward_model: layer 40 ok
single_token_forward_model: running layer 41 kind=1
single_token_forward_model: layer 41 ok
single_token_forward_model: running layer 42 kind=0
attention_layer: using nano_decode
single_token_forward_model: layer 42 ok
single_token_forward_model: running layer 43 kind=2
single_token_forward_model: layer 43 ok
single_token_forward_model: running layer 44 kind=1
linear_op: NVFP4 activation pack options for backbone.layers.44.mixer.in_proj.weight M=1 scale_layout=swizzled_128x4 tensor_scale=fixed:0.015625
linear_op: NVFP4 activation pack options for backbone.layers.44.mixer.out_proj.weight M=1 scale_layout=swizzled_128x4 tensor_scale=fixed:0.0729167
single_token_forward_model: layer 44 ok
single_token_forward_model: running layer 45 kind=2
single_token_forward_model: layer 45 ok
single_token_forward_model: running layer 46 kind=1
linear_op: NVFP4 activation pack options for backbone.layers.46.mixer.in_proj.weight M=1 scale_layout=swizzled_128x4 tensor_scale=fixed:0.0178571
linear_op: NVFP4 activation pack options for backbone.layers.46.mixer.out_proj.weight M=1 scale_layout=swizzled_128x4 tensor_scale=fixed:0.0688244
single_token_forward_model: layer 46 ok
single_token_forward_model: running layer 47 kind=2
single_token_forward_model: layer 47 ok
single_token_forward_model: running layer 48 kind=1
linear_op: NVFP4 activation pack options for backbone.layers.48.mixer.in_proj.weight M=1 scale_layout=swizzled_128x4 tensor_scale=fixed:0.0217634
linear_op: NVFP4 activation pack options for backbone.layers.48.mixer.out_proj.weight M=1 scale_layout=swizzled_128x4 tensor_scale=fixed:0.127232
single_token_forward_model: layer 48 ok
single_token_forward_model: running layer 49 kind=2
single_token_forward_model: layer 49 ok
single_token_forward_model: running layer 50 kind=1
linear_op: NVFP4 activation pack options for backbone.layers.50.mixer.in_proj.weight M=1 scale_layout=swizzled_128x4 tensor_scale=fixed:0.0262277
linear_op: NVFP4 activation pack options for backbone.layers.50.mixer.out_proj.weight M=1 scale_layout=swizzled_128x4 tensor_scale=fixed:0.203869
single_token_forward_model: layer 50 ok
single_token_forward_model: running layer 51 kind=2
single_token_forward_model: layer 51 ok
single_token_forward_model: lm_head ok
single_token_forward_model: embedding lookup ok for 1 token(s)
single_token_forward_model: running layer 0 kind=1
linear_op: NVFP4 activation pack options for backbone.layers.0.mixer.in_proj.weight M=1 scale_layout=swizzled_128x4 tensor_scale=fixed:0.0164621
linear_op: NVFP4 activation pack options for backbone.layers.0.mixer.out_proj.weight M=1 scale_layout=swizzled_128x4 tensor_scale=fixed:0.00124395
single_token_forward_model: layer 0 ok
single_token_forward_model: running layer 1 kind=2
single_token_forward_model: layer 1 ok
single_token_forward_model: running layer 2 kind=1
linear_op: NVFP4 activation pack options for backbone.layers.2.mixer.in_proj.weight M=1 scale_layout=swizzled_128x4 tensor_scale=fixed:0.031994
linear_op: NVFP4 activation pack options for backbone.layers.2.mixer.out_proj.weight M=1 scale_layout=swizzled_128x4 tensor_scale=fixed:0.00180199
single_token_forward_model: layer 2 ok
single_token_forward_model: running layer 3 kind=2
single_token_forward_model: layer 3 ok
single_token_forward_model: running layer 4 kind=1
single_token_forward_model: layer 4 ok
single_token_forward_model: running layer 5 kind=0
attention_layer: using nano_decode
single_token_forward_model: layer 5 ok
single_token_forward_model: running layer 6 kind=2
single_token_forward_model: layer 6 ok
single_token_forward_model: running layer 7 kind=1
linear_op: NVFP4 activation pack options for backbone.layers.7.mixer.in_proj.weight M=1 scale_layout=swizzled_128x4 tensor_scale=fixed:0.0256696
linear_op: NVFP4 activation pack options for backbone.layers.7.mixer.out_proj.weight M=1 scale_layout=swizzled_128x4 tensor_scale=fixed:0.00240653
single_token_forward_model: layer 7 ok
single_token_forward_model: running layer 8 kind=2
single_token_forward_model: layer 8 ok
single_token_forward_model: running layer 9 kind=1
linear_op: NVFP4 activation pack options for backbone.layers.9.mixer.in_proj.weight M=1 scale_layout=swizzled_128x4 tensor_scale=fixed:0.0121838
linear_op: NVFP4 activation pack options for backbone.layers.9.mixer.out_proj.weight M=1 scale_layout=swizzled_128x4 tensor_scale=fixed:0.00353423
single_token_forward_model: layer 9 ok
single_token_forward_model: running layer 10 kind=2
single_token_forward_model: layer 10 ok
single_token_forward_model: running layer 11 kind=1
single_token_forward_model: layer 11 ok
single_token_forward_model: running layer 12 kind=0
attention_layer: using nano_decode
single_token_forward_model: layer 12 ok
single_token_forward_model: running layer 13 kind=2
single_token_forward_model: layer 13 ok
single_token_forward_model: running layer 14 kind=1
linear_op: NVFP4 activation pack options for backbone.layers.14.mixer.in_proj.weight M=1 scale_layout=swizzled_128x4 tensor_scale=fixed:0.0195312
linear_op: NVFP4 activation pack options for backbone.layers.14.mixer.out_proj.weight M=1 scale_layout=swizzled_128x4 tensor_scale=fixed:0.00767299
single_token_forward_model: layer 14 ok
single_token_forward_model: running layer 15 kind=2
single_token_forward_model: layer 15 ok
single_token_forward_model: running layer 16 kind=1
linear_op: NVFP4 activation pack options for backbone.layers.16.mixer.in_proj.weight M=1 scale_layout=swizzled_128x4 tensor_scale=fixed:0.0177641
linear_op: NVFP4 activation pack options for backbone.layers.16.mixer.out_proj.weight M=1 scale_layout=swizzled_128x4 tensor_scale=fixed:0.00595238
single_token_forward_model: layer 16 ok
single_token_forward_model: running layer 17 kind=2
single_token_forward_model: layer 17 ok
single_token_forward_model: running layer 18 kind=1
single_token_forward_model: layer 18 ok
single_token_forward_model: running layer 19 kind=0
attention_layer: using nano_decode
single_token_forward_model: layer 19 ok
single_token_forward_model: running layer 20 kind=2
single_token_forward_model: layer 20 ok
single_token_forward_model: running layer 21 kind=1
linear_op: NVFP4 activation pack options for backbone.layers.21.mixer.in_proj.weight M=1 scale_layout=swizzled_128x4 tensor_scale=fixed:0.0166481
linear_op: NVFP4 activation pack options for backbone.layers.21.mixer.out_proj.weight M=1 scale_layout=swizzled_128x4 tensor_scale=fixed:0.0100911
single_token_forward_model: layer 21 ok
single_token_forward_model: running layer 22 kind=2
single_token_forward_model: layer 22 ok
single_token_forward_model: running layer 23 kind=1
linear_op: NVFP4 activation pack options for backbone.layers.23.mixer.in_proj.weight M=1 scale_layout=swizzled_128x4 tensor_scale=fixed:0.016369
linear_op: NVFP4 activation pack options for backbone.layers.23.mixer.out_proj.weight M=1 scale_layout=swizzled_128x4 tensor_scale=fixed:0.0143229
single_token_forward_model: layer 23 ok
single_token_forward_model: running layer 24 kind=2
single_token_forward_model: layer 24 ok
single_token_forward_model: running layer 25 kind=1
single_token_forward_model: layer 25 ok
single_token_forward_model: running layer 26 kind=0
attention_layer: using nano_decode
single_token_forward_model: layer 26 ok
single_token_forward_model: running layer 27 kind=2
single_token_forward_model: layer 27 ok
single_token_forward_model: running layer 28 kind=1
linear_op: NVFP4 activation pack options for backbone.layers.28.mixer.in_proj.weight M=1 scale_layout=swizzled_128x4 tensor_scale=fixed:0.016183
linear_op: NVFP4 activation pack options for backbone.layers.28.mixer.out_proj.weight M=1 scale_layout=swizzled_128x4 tensor_scale=fixed:0.0144159
single_token_forward_model: layer 28 ok
single_token_forward_model: running layer 29 kind=2
single_token_forward_model: layer 29 ok
single_token_forward_model: running layer 30 kind=1
linear_op: NVFP4 activation pack options for backbone.layers.30.mixer.in_proj.weight M=1 scale_layout=swizzled_128x4 tensor_scale=fixed:0.0206473
linear_op: NVFP4 activation pack options for backbone.layers.30.mixer.out_proj.weight M=1 scale_layout=swizzled_128x4 tensor_scale=fixed:0.0230655
single_token_forward_model: layer 30 ok
single_token_forward_model: running layer 31 kind=2
single_token_forward_model: layer 31 ok
single_token_forward_model: running layer 32 kind=1
single_token_forward_model: layer 32 ok
single_token_forward_model: running layer 33 kind=0
attention_layer: using nano_decode
single_token_forward_model: layer 33 ok
single_token_forward_model: running layer 34 kind=2
single_token_forward_model: layer 34 ok
single_token_forward_model: running layer 35 kind=1
linear_op: NVFP4 activation pack options for backbone.layers.35.mixer.in_proj.weight M=1 scale_layout=swizzled_128x4 tensor_scale=fixed:0.0179501
linear_op: NVFP4 activation pack options for backbone.layers.35.mixer.out_proj.weight M=1 scale_layout=swizzled_128x4 tensor_scale=fixed:0.0580357
single_token_forward_model: layer 35 ok
single_token_forward_model: running layer 36 kind=2
single_token_forward_model: layer 36 ok
single_token_forward_model: running layer 37 kind=1
linear_op: NVFP4 activation pack options for backbone.layers.37.mixer.in_proj.weight M=1 scale_layout=swizzled_128x4 tensor_scale=fixed:0.0127418
linear_op: NVFP4 activation pack options for backbone.layers.37.mixer.out_proj.weight M=1 scale_layout=swizzled_128x4 tensor_scale=fixed:0.0448289
single_token_forward_model: layer 37 ok
single_token_forward_model: running layer 38 kind=2
single_token_forward_model: layer 38 ok
single_token_forward_model: running layer 39 kind=1
linear_op: NVFP4 activation pack options for backbone.layers.39.mixer.in_proj.weight M=1 scale_layout=swizzled_128x4 tensor_scale=fixed:0.0235305
linear_op: NVFP4 activation pack options for backbone.layers.39.mixer.out_proj.weight M=1 scale_layout=swizzled_128x4 tensor_scale=fixed:0.0349702
single_token_forward_model: layer 39 ok
single_token_forward_model: running layer 40 kind=2
single_token_forward_model: layer 40 ok
single_token_forward_model: running layer 41 kind=1
single_token_forward_model: layer 41 ok
single_token_forward_model: running layer 42 kind=0
attention_layer: using nano_decode
single_token_forward_model: layer 42 ok
single_token_forward_model: running layer 43 kind=2
single_token_forward_model: layer 43 ok
single_token_forward_model: running layer 44 kind=1
linear_op: NVFP4 activation pack options for backbone.layers.44.mixer.in_proj.weight M=1 scale_layout=swizzled_128x4 tensor_scale=fixed:0.015625
linear_op: NVFP4 activation pack options for backbone.layers.44.mixer.out_proj.weight M=1 scale_layout=swizzled_128x4 tensor_scale=fixed:0.0729167
single_token_forward_model: layer 44 ok
single_token_forward_model: running layer 45 kind=2
single_token_forward_model: layer 45 ok
single_token_forward_model: running layer 46 kind=1
linear_op: NVFP4 activation pack options for backbone.layers.46.mixer.in_proj.weight M=1 scale_layout=swizzled_128x4 tensor_scale=fixed:0.0178571
linear_op: NVFP4 activation pack options for backbone.layers.46.mixer.out_proj.weight M=1 scale_layout=swizzled_128x4 tensor_scale=fixed:0.0688244
single_token_forward_model: layer 46 ok
single_token_forward_model: running layer 47 kind=2
single_token_forward_model: layer 47 ok
single_token_forward_model: running layer 48 kind=1
linear_op: NVFP4 activation pack options for backbone.layers.48.mixer.in_proj.weight M=1 scale_layout=swizzled_128x4 tensor_scale=fixed:0.0217634
linear_op: NVFP4 activation pack options for backbone.layers.48.mixer.out_proj.weight M=1 scale_layout=swizzled_128x4 tensor_scale=fixed:0.127232
single_token_forward_model: layer 48 ok
single_token_forward_model: running layer 49 kind=2
single_token_forward_model: layer 49 ok
single_token_forward_model: running layer 50 kind=1
linear_op: NVFP4 activation pack options for backbone.layers.50.mixer.in_proj.weight M=1 scale_layout=swizzled_128x4 tensor_scale=fixed:0.0262277
linear_op: NVFP4 activation pack options for backbone.layers.50.mixer.out_proj.weight M=1 scale_layout=swizzled_128x4 tensor_scale=fixed:0.203869
single_token_forward_model: layer 50 ok
single_token_forward_model: running layer 51 kind=2
single_token_forward_model: layer 51 ok
single_token_forward_model: lm_head ok
single_token_forward_model: embedding lookup ok for 1 token(s)
single_token_forward_model: running layer 0 kind=1
linear_op: NVFP4 activation pack options for backbone.layers.0.mixer.in_proj.weight M=1 scale_layout=swizzled_128x4 tensor_scale=fixed:0.0164621
linear_op: NVFP4 activation pack options for backbone.layers.0.mixer.out_proj.weight M=1 scale_layout=swizzled_128x4 tensor_scale=fixed:0.00124395
single_token_forward_model: layer 0 ok
single_token_forward_model: running layer 1 kind=2
single_token_forward_model: layer 1 ok
single_token_forward_model: running layer 2 kind=1
linear_op: NVFP4 activation pack options for backbone.layers.2.mixer.in_proj.weight M=1 scale_layout=swizzled_128x4 tensor_scale=fixed:0.031994
linear_op: NVFP4 activation pack options for backbone.layers.2.mixer.out_proj.weight M=1 scale_layout=swizzled_128x4 tensor_scale=fixed:0.00180199
single_token_forward_model: layer 2 ok
single_token_forward_model: running layer 3 kind=2
single_token_forward_model: layer 3 ok
single_token_forward_model: running layer 4 kind=1
single_token_forward_model: layer 4 ok
single_token_forward_model: running layer 5 kind=0
attention_layer: using nano_decode
single_token_forward_model: layer 5 ok
single_token_forward_model: running layer 6 kind=2
single_token_forward_model: layer 6 ok
single_token_forward_model: running layer 7 kind=1
linear_op: NVFP4 activation pack options for backbone.layers.7.mixer.in_proj.weight M=1 scale_layout=swizzled_128x4 tensor_scale=fixed:0.0256696
linear_op: NVFP4 activation pack options for backbone.layers.7.mixer.out_proj.weight M=1 scale_layout=swizzled_128x4 tensor_scale=fixed:0.00240653
single_token_forward_model: layer 7 ok
single_token_forward_model: running layer 8 kind=2
single_token_forward_model: layer 8 ok
single_token_forward_model: running layer 9 kind=1
linear_op: NVFP4 activation pack options for backbone.layers.9.mixer.in_proj.weight M=1 scale_layout=swizzled_128x4 tensor_scale=fixed:0.0121838
linear_op: NVFP4 activation pack options for backbone.layers.9.mixer.out_proj.weight M=1 scale_layout=swizzled_128x4 tensor_scale=fixed:0.00353423
single_token_forward_model: layer 9 ok
single_token_forward_model: running layer 10 kind=2
single_token_forward_model: layer 10 ok
single_token_forward_model: running layer 11 kind=1
single_token_forward_model: layer 11 ok
single_token_forward_model: running layer 12 kind=0
attention_layer: using nano_decode
single_token_forward_model: layer 12 ok
single_token_forward_model: running layer 13 kind=2
single_token_forward_model: layer 13 ok
single_token_forward_model: running layer 14 kind=1
linear_op: NVFP4 activation pack options for backbone.layers.14.mixer.in_proj.weight M=1 scale_layout=swizzled_128x4 tensor_scale=fixed:0.0195312
linear_op: NVFP4 activation pack options for backbone.layers.14.mixer.out_proj.weight M=1 scale_layout=swizzled_128x4 tensor_scale=fixed:0.00767299
single_token_forward_model: layer 14 ok
single_token_forward_model: running layer 15 kind=2
single_token_forward_model: layer 15 ok
single_token_forward_model: running layer 16 kind=1
linear_op: NVFP4 activation pack options for backbone.layers.16.mixer.in_proj.weight M=1 scale_layout=swizzled_128x4 tensor_scale=fixed:0.0177641
linear_op: NVFP4 activation pack options for backbone.layers.16.mixer.out_proj.weight M=1 scale_layout=swizzled_128x4 tensor_scale=fixed:0.00595238
single_token_forward_model: layer 16 ok
single_token_forward_model: running layer 17 kind=2
single_token_forward_model: layer 17 ok
single_token_forward_model: running layer 18 kind=1
single_token_forward_model: layer 18 ok
single_token_forward_model: running layer 19 kind=0
attention_layer: using nano_decode
single_token_forward_model: layer 19 ok
single_token_forward_model: running layer 20 kind=2
single_token_forward_model: layer 20 ok
single_token_forward_model: running layer 21 kind=1
linear_op: NVFP4 activation pack options for backbone.layers.21.mixer.in_proj.weight M=1 scale_layout=swizzled_128x4 tensor_scale=fixed:0.0166481
linear_op: NVFP4 activation pack options for backbone.layers.21.mixer.out_proj.weight M=1 scale_layout=swizzled_128x4 tensor_scale=fixed:0.0100911
single_token_forward_model: layer 21 ok
single_token_forward_model: running layer 22 kind=2
single_token_forward_model: layer 22 ok
single_token_forward_model: running layer 23 kind=1
linear_op: NVFP4 activation pack options for backbone.layers.23.mixer.in_proj.weight M=1 scale_layout=swizzled_128x4 tensor_scale=fixed:0.016369
linear_op: NVFP4 activation pack options for backbone.layers.23.mixer.out_proj.weight M=1 scale_layout=swizzled_128x4 tensor_scale=fixed:0.0143229
single_token_forward_model: layer 23 ok
single_token_forward_model: running layer 24 kind=2
single_token_forward_model: layer 24 ok
single_token_forward_model: running layer 25 kind=1
single_token_forward_model: layer 25 ok
single_token_forward_model: running layer 26 kind=0
attention_layer: using nano_decode
single_token_forward_model: layer 26 ok
single_token_forward_model: running layer 27 kind=2
single_token_forward_model: layer 27 ok
single_token_forward_model: running layer 28 kind=1
linear_op: NVFP4 activation pack options for backbone.layers.28.mixer.in_proj.weight M=1 scale_layout=swizzled_128x4 tensor_scale=fixed:0.016183
linear_op: NVFP4 activation pack options for backbone.layers.28.mixer.out_proj.weight M=1 scale_layout=swizzled_128x4 tensor_scale=fixed:0.0144159
single_token_forward_model: layer 28 ok
single_token_forward_model: running layer 29 kind=2
single_token_forward_model: layer 29 ok
single_token_forward_model: running layer 30 kind=1
linear_op: NVFP4 activation pack options for backbone.layers.30.mixer.in_proj.weight M=1 scale_layout=swizzled_128x4 tensor_scale=fixed:0.0206473
linear_op: NVFP4 activation pack options for backbone.layers.30.mixer.out_proj.weight M=1 scale_layout=swizzled_128x4 tensor_scale=fixed:0.0230655
single_token_forward_model: layer 30 ok
single_token_forward_model: running layer 31 kind=2
single_token_forward_model: layer 31 ok
single_token_forward_model: running layer 32 kind=1
single_token_forward_model: layer 32 ok
single_token_forward_model: running layer 33 kind=0
attention_layer: using nano_decode
single_token_forward_model: layer 33 ok
single_token_forward_model: running layer 34 kind=2
single_token_forward_model: layer 34 ok
single_token_forward_model: running layer 35 kind=1
linear_op: NVFP4 activation pack options for backbone.layers.35.mixer.in_proj.weight M=1 scale_layout=swizzled_128x4 tensor_scale=fixed:0.0179501
linear_op: NVFP4 activation pack options for backbone.layers.35.mixer.out_proj.weight M=1 scale_layout=swizzled_128x4 tensor_scale=fixed:0.0580357
single_token_forward_model: layer 35 ok
single_token_forward_model: running layer 36 kind=2
single_token_forward_model: layer 36 ok
single_token_forward_model: running layer 37 kind=1
linear_op: NVFP4 activation pack options for backbone.layers.37.mixer.in_proj.weight M=1 scale_layout=swizzled_128x4 tensor_scale=fixed:0.0127418
linear_op: NVFP4 activation pack options for backbone.layers.37.mixer.out_proj.weight M=1 scale_layout=swizzled_128x4 tensor_scale=fixed:0.0448289
single_token_forward_model: layer 37 ok
single_token_forward_model: running layer 38 kind=2
single_token_forward_model: layer 38 ok
single_token_forward_model: running layer 39 kind=1
linear_op: NVFP4 activation pack options for backbone.layers.39.mixer.in_proj.weight M=1 scale_layout=swizzled_128x4 tensor_scale=fixed:0.0235305
linear_op: NVFP4 activation pack options for backbone.layers.39.mixer.out_proj.weight M=1 scale_layout=swizzled_128x4 tensor_scale=fixed:0.0349702
single_token_forward_model: layer 39 ok
single_token_forward_model: running layer 40 kind=2
single_token_forward_model: layer 40 ok
single_token_forward_model: running layer 41 kind=1
single_token_forward_model: layer 41 ok
single_token_forward_model: running layer 42 kind=0
attention_layer: using nano_decode
single_token_forward_model: layer 42 ok
single_token_forward_model: running layer 43 kind=2
single_token_forward_model: layer 43 ok
single_token_forward_model: running layer 44 kind=1
linear_op: NVFP4 activation pack options for backbone.layers.44.mixer.in_proj.weight M=1 scale_layout=swizzled_128x4 tensor_scale=fixed:0.015625
linear_op: NVFP4 activation pack options for backbone.layers.44.mixer.out_proj.weight M=1 scale_layout=swizzled_128x4 tensor_scale=fixed:0.0729167
single_token_forward_model: layer 44 ok
single_token_forward_model: running layer 45 kind=2
single_token_forward_model: layer 45 ok
single_token_forward_model: running layer 46 kind=1
linear_op: NVFP4 activation pack options for backbone.layers.46.mixer.in_proj.weight M=1 scale_layout=swizzled_128x4 tensor_scale=fixed:0.0178571
linear_op: NVFP4 activation pack options for backbone.layers.46.mixer.out_proj.weight M=1 scale_layout=swizzled_128x4 tensor_scale=fixed:0.0688244
single_token_forward_model: layer 46 ok
single_token_forward_model: running layer 47 kind=2
single_token_forward_model: layer 47 ok
single_token_forward_model: running layer 48 kind=1
linear_op: NVFP4 activation pack options for backbone.layers.48.mixer.in_proj.weight M=1 scale_layout=swizzled_128x4 tensor_scale=fixed:0.0217634
linear_op: NVFP4 activation pack options for backbone.layers.48.mixer.out_proj.weight M=1 scale_layout=swizzled_128x4 tensor_scale=fixed:0.127232
single_token_forward_model: layer 48 ok
single_token_forward_model: running layer 49 kind=2
single_token_forward_model: layer 49 ok
single_token_forward_model: running layer 50 kind=1
linear_op: NVFP4 activation pack options for backbone.layers.50.mixer.in_proj.weight M=1 scale_layout=swizzled_128x4 tensor_scale=fixed:0.0262277
linear_op: NVFP4 activation pack options for backbone.layers.50.mixer.out_proj.weight M=1 scale_layout=swizzled_128x4 tensor_scale=fixed:0.203869
single_token_forward_model: layer 50 ok
single_token_forward_model: running layer 51 kind=2
single_token_forward_model: layer 51 ok
single_token_forward_model: lm_head ok
single_token_forward_model: embedding lookup ok for 1 token(s)
single_token_forward_model: running layer 0 kind=1
linear_op: NVFP4 activation pack options for backbone.layers.0.mixer.in_proj.weight M=1 scale_layout=swizzled_128x4 tensor_scale=fixed:0.0164621
linear_op: NVFP4 activation pack options for backbone.layers.0.mixer.out_proj.weight M=1 scale_layout=swizzled_128x4 tensor_scale=fixed:0.00124395
single_token_forward_model: layer 0 ok
single_token_forward_model: running layer 1 kind=2
single_token_forward_model: layer 1 ok
single_token_forward_model: running layer 2 kind=1
linear_op: NVFP4 activation pack options for backbone.layers.2.mixer.in_proj.weight M=1 scale_layout=swizzled_128x4 tensor_scale=fixed:0.031994
linear_op: NVFP4 activation pack options for backbone.layers.2.mixer.out_proj.weight M=1 scale_layout=swizzled_128x4 tensor_scale=fixed:0.00180199
single_token_forward_model: layer 2 ok
single_token_forward_model: running layer 3 kind=2
single_token_forward_model: layer 3 ok
single_token_forward_model: running layer 4 kind=1
single_token_forward_model: layer 4 ok
single_token_forward_model: running layer 5 kind=0
attention_layer: using nano_decode
single_token_forward_model: layer 5 ok
single_token_forward_model: running layer 6 kind=2
single_token_forward_model: layer 6 ok
single_token_forward_model: running layer 7 kind=1
linear_op: NVFP4 activation pack options for backbone.layers.7.mixer.in_proj.weight M=1 scale_layout=swizzled_128x4 tensor_scale=fixed:0.0256696
linear_op: NVFP4 activation pack options for backbone.layers.7.mixer.out_proj.weight M=1 scale_layout=swizzled_128x4 tensor_scale=fixed:0.00240653
single_token_forward_model: layer 7 ok
single_token_forward_model: running layer 8 kind=2
single_token_forward_model: layer 8 ok
single_token_forward_model: running layer 9 kind=1
linear_op: NVFP4 activation pack options for backbone.layers.9.mixer.in_proj.weight M=1 scale_layout=swizzled_128x4 tensor_scale=fixed:0.0121838
linear_op: NVFP4 activation pack options for backbone.layers.9.mixer.out_proj.weight M=1 scale_layout=swizzled_128x4 tensor_scale=fixed:0.00353423
single_token_forward_model: layer 9 ok
single_token_forward_model: running layer 10 kind=2
single_token_forward_model: layer 10 ok
single_token_forward_model: running layer 11 kind=1
single_token_forward_model: layer 11 ok
single_token_forward_model: running layer 12 kind=0
attention_layer: using nano_decode
single_token_forward_model: layer 12 ok
single_token_forward_model: running layer 13 kind=2
single_token_forward_model: layer 13 ok
single_token_forward_model: running layer 14 kind=1
linear_op: NVFP4 activation pack options for backbone.layers.14.mixer.in_proj.weight M=1 scale_layout=swizzled_128x4 tensor_scale=fixed:0.0195312
linear_op: NVFP4 activation pack options for backbone.layers.14.mixer.out_proj.weight M=1 scale_layout=swizzled_128x4 tensor_scale=fixed:0.00767299
single_token_forward_model: layer 14 ok
single_token_forward_model: running layer 15 kind=2
single_token_forward_model: layer 15 ok
single_token_forward_model: running layer 16 kind=1
linear_op: NVFP4 activation pack options for backbone.layers.16.mixer.in_proj.weight M=1 scale_layout=swizzled_128x4 tensor_scale=fixed:0.0177641
linear_op: NVFP4 activation pack options for backbone.layers.16.mixer.out_proj.weight M=1 scale_layout=swizzled_128x4 tensor_scale=fixed:0.00595238
single_token_forward_model: layer 16 ok
single_token_forward_model: running layer 17 kind=2
single_token_forward_model: layer 17 ok
single_token_forward_model: running layer 18 kind=1
single_token_forward_model: layer 18 ok
single_token_forward_model: running layer 19 kind=0
attention_layer: using nano_decode
single_token_forward_model: layer 19 ok
single_token_forward_model: running layer 20 kind=2
single_token_forward_model: layer 20 ok
single_token_forward_model: running layer 21 kind=1
linear_op: NVFP4 activation pack options for backbone.layers.21.mixer.in_proj.weight M=1 scale_layout=swizzled_128x4 tensor_scale=fixed:0.0166481
linear_op: NVFP4 activation pack options for backbone.layers.21.mixer.out_proj.weight M=1 scale_layout=swizzled_128x4 tensor_scale=fixed:0.0100911
single_token_forward_model: layer 21 ok
single_token_forward_model: running layer 22 kind=2
single_token_forward_model: layer 22 ok
single_token_forward_model: running layer 23 kind=1
linear_op: NVFP4 activation pack options for backbone.layers.23.mixer.in_proj.weight M=1 scale_layout=swizzled_128x4 tensor_scale=fixed:0.016369
linear_op: NVFP4 activation pack options for backbone.layers.23.mixer.out_proj.weight M=1 scale_layout=swizzled_128x4 tensor_scale=fixed:0.0143229
single_token_forward_model: layer 23 ok
single_token_forward_model: running layer 24 kind=2
single_token_forward_model: layer 24 ok
single_token_forward_model: running layer 25 kind=1
single_token_forward_model: layer 25 ok
single_token_forward_model: running layer 26 kind=0
attention_layer: using nano_decode
single_token_forward_model: layer 26 ok
single_token_forward_model: running layer 27 kind=2
single_token_forward_model: layer 27 ok
single_token_forward_model: running layer 28 kind=1
linear_op: NVFP4 activation pack options for backbone.layers.28.mixer.in_proj.weight M=1 scale_layout=swizzled_128x4 tensor_scale=fixed:0.016183
linear_op: NVFP4 activation pack options for backbone.layers.28.mixer.out_proj.weight M=1 scale_layout=swizzled_128x4 tensor_scale=fixed:0.0144159
single_token_forward_model: layer 28 ok
single_token_forward_model: running layer 29 kind=2
single_token_forward_model: layer 29 ok
single_token_forward_model: running layer 30 kind=1
linear_op: NVFP4 activation pack options for backbone.layers.30.mixer.in_proj.weight M=1 scale_layout=swizzled_128x4 tensor_scale=fixed:0.0206473
linear_op: NVFP4 activation pack options for backbone.layers.30.mixer.out_proj.weight M=1 scale_layout=swizzled_128x4 tensor_scale=fixed:0.0230655
single_token_forward_model: layer 30 ok
single_token_forward_model: running layer 31 kind=2
single_token_forward_model: layer 31 ok
single_token_forward_model: running layer 32 kind=1
single_token_forward_model: layer 32 ok
single_token_forward_model: running layer 33 kind=0
attention_layer: using nano_decode
single_token_forward_model: layer 33 ok
single_token_forward_model: running layer 34 kind=2
single_token_forward_model: layer 34 ok
single_token_forward_model: running layer 35 kind=1
linear_op: NVFP4 activation pack options for backbone.layers.35.mixer.in_proj.weight M=1 scale_layout=swizzled_128x4 tensor_scale=fixed:0.0179501
linear_op: NVFP4 activation pack options for backbone.layers.35.mixer.out_proj.weight M=1 scale_layout=swizzled_128x4 tensor_scale=fixed:0.0580357
single_token_forward_model: layer 35 ok
single_token_forward_model: running layer 36 kind=2
single_token_forward_model: layer 36 ok
single_token_forward_model: running layer 37 kind=1
linear_op: NVFP4 activation pack options for backbone.layers.37.mixer.in_proj.weight M=1 scale_layout=swizzled_128x4 tensor_scale=fixed:0.0127418
linear_op: NVFP4 activation pack options for backbone.layers.37.mixer.out_proj.weight M=1 scale_layout=swizzled_128x4 tensor_scale=fixed:0.0448289
single_token_forward_model: layer 37 ok
single_token_forward_model: running layer 38 kind=2
single_token_forward_model: layer 38 ok
single_token_forward_model: running layer 39 kind=1
linear_op: NVFP4 activation pack options for backbone.layers.39.mixer.in_proj.weight M=1 scale_layout=swizzled_128x4 tensor_scale=fixed:0.0235305
linear_op: NVFP4 activation pack options for backbone.layers.39.mixer.out_proj.weight M=1 scale_layout=swizzled_128x4 tensor_scale=fixed:0.0349702
single_token_forward_model: layer 39 ok
single_token_forward_model: running layer 40 kind=2
single_token_forward_model: layer 40 ok
single_token_forward_model: running layer 41 kind=1
single_token_forward_model: layer 41 ok
single_token_forward_model: running layer 42 kind=0
attention_layer: using nano_decode
single_token_forward_model: layer 42 ok
single_token_forward_model: running layer 43 kind=2
single_token_forward_model: layer 43 ok
single_token_forward_model: running layer 44 kind=1
linear_op: NVFP4 activation pack options for backbone.layers.44.mixer.in_proj.weight M=1 scale_layout=swizzled_128x4 tensor_scale=fixed:0.015625
linear_op: NVFP4 activation pack options for backbone.layers.44.mixer.out_proj.weight M=1 scale_layout=swizzled_128x4 tensor_scale=fixed:0.0729167
single_token_forward_model: layer 44 ok
single_token_forward_model: running layer 45 kind=2
single_token_forward_model: layer 45 ok
single_token_forward_model: running layer 46 kind=1
linear_op: NVFP4 activation pack options for backbone.layers.46.mixer.in_proj.weight M=1 scale_layout=swizzled_128x4 tensor_scale=fixed:0.0178571
linear_op: NVFP4 activation pack options for backbone.layers.46.mixer.out_proj.weight M=1 scale_layout=swizzled_128x4 tensor_scale=fixed:0.0688244
single_token_forward_model: layer 46 ok
single_token_forward_model: running layer 47 kind=2
single_token_forward_model: layer 47 ok
single_token_forward_model: running layer 48 kind=1
linear_op: NVFP4 activation pack options for backbone.layers.48.mixer.in_proj.weight M=1 scale_layout=swizzled_128x4 tensor_scale=fixed:0.0217634
linear_op: NVFP4 activation pack options for backbone.layers.48.mixer.out_proj.weight M=1 scale_layout=swizzled_128x4 tensor_scale=fixed:0.127232
single_token_forward_model: layer 48 ok
single_token_forward_model: running layer 49 kind=2
single_token_forward_model: layer 49 ok
single_token_forward_model: running layer 50 kind=1
linear_op: NVFP4 activation pack options for backbone.layers.50.mixer.in_proj.weight M=1 scale_layout=swizzled_128x4 tensor_scale=fixed:0.0262277
linear_op: NVFP4 activation pack options for backbone.layers.50.mixer.out_proj.weight M=1 scale_layout=swizzled_128x4 tensor_scale=fixed:0.203869
single_token_forward_model: layer 50 ok
single_token_forward_model: running layer 51 kind=2
single_token_forward_model: layer 51 ok
single_token_forward_model: lm_head ok
single_token_forward_model: embedding lookup ok for 1 token(s)
single_token_forward_model: running layer 0 kind=1
linear_op: NVFP4 activation pack options for backbone.layers.0.mixer.in_proj.weight M=1 scale_layout=swizzled_128x4 tensor_scale=fixed:0.0164621
linear_op: NVFP4 activation pack options for backbone.layers.0.mixer.out_proj.weight M=1 scale_layout=swizzled_128x4 tensor_scale=fixed:0.00124395
single_token_forward_model: layer 0 ok
single_token_forward_model: running layer 1 kind=2
single_token_forward_model: layer 1 ok
single_token_forward_model: running layer 2 kind=1
linear_op: NVFP4 activation pack options for backbone.layers.2.mixer.in_proj.weight M=1 scale_layout=swizzled_128x4 tensor_scale=fixed:0.031994
linear_op: NVFP4 activation pack options for backbone.layers.2.mixer.out_proj.weight M=1 scale_layout=swizzled_128x4 tensor_scale=fixed:0.00180199
single_token_forward_model: layer 2 ok
single_token_forward_model: running layer 3 kind=2
single_token_forward_model: layer 3 ok
single_token_forward_model: running layer 4 kind=1
single_token_forward_model: layer 4 ok
single_token_forward_model: running layer 5 kind=0
attention_layer: using nano_decode
single_token_forward_model: layer 5 ok
single_token_forward_model: running layer 6 kind=2
single_token_forward_model: layer 6 ok
single_token_forward_model: running layer 7 kind=1
linear_op: NVFP4 activation pack options for backbone.layers.7.mixer.in_proj.weight M=1 scale_layout=swizzled_128x4 tensor_scale=fixed:0.0256696
linear_op: NVFP4 activation pack options for backbone.layers.7.mixer.out_proj.weight M=1 scale_layout=swizzled_128x4 tensor_scale=fixed:0.00240653
single_token_forward_model: layer 7 ok
single_token_forward_model: running layer 8 kind=2
single_token_forward_model: layer 8 ok
single_token_forward_model: running layer 9 kind=1
linear_op: NVFP4 activation pack options for backbone.layers.9.mixer.in_proj.weight M=1 scale_layout=swizzled_128x4 tensor_scale=fixed:0.0121838
linear_op: NVFP4 activation pack options for backbone.layers.9.mixer.out_proj.weight M=1 scale_layout=swizzled_128x4 tensor_scale=fixed:0.00353423
single_token_forward_model: layer 9 ok
single_token_forward_model: running layer 10 kind=2
single_token_forward_model: layer 10 ok
single_token_forward_model: running layer 11 kind=1
single_token_forward_model: layer 11 ok
single_token_forward_model: running layer 12 kind=0
attention_layer: using nano_decode
single_token_forward_model: layer 12 ok
single_token_forward_model: running layer 13 kind=2
single_token_forward_model: layer 13 ok
single_token_forward_model: running layer 14 kind=1
linear_op: NVFP4 activation pack options for backbone.layers.14.mixer.in_proj.weight M=1 scale_layout=swizzled_128x4 tensor_scale=fixed:0.0195312
linear_op: NVFP4 activation pack options for backbone.layers.14.mixer.out_proj.weight M=1 scale_layout=swizzled_128x4 tensor_scale=fixed:0.00767299
single_token_forward_model: layer 14 ok
single_token_forward_model: running layer 15 kind=2
single_token_forward_model: layer 15 ok
single_token_forward_model: running layer 16 kind=1
linear_op: NVFP4 activation pack options for backbone.layers.16.mixer.in_proj.weight M=1 scale_layout=swizzled_128x4 tensor_scale=fixed:0.0177641
linear_op: NVFP4 activation pack options for backbone.layers.16.mixer.out_proj.weight M=1 scale_layout=swizzled_128x4 tensor_scale=fixed:0.00595238
single_token_forward_model: layer 16 ok
single_token_forward_model: running layer 17 kind=2
single_token_forward_model: layer 17 ok
single_token_forward_model: running layer 18 kind=1
single_token_forward_model: layer 18 ok
single_token_forward_model: running layer 19 kind=0
attention_layer: using nano_decode
single_token_forward_model: layer 19 ok
single_token_forward_model: running layer 20 kind=2
single_token_forward_model: layer 20 ok
single_token_forward_model: running layer 21 kind=1
linear_op: NVFP4 activation pack options for backbone.layers.21.mixer.in_proj.weight M=1 scale_layout=swizzled_128x4 tensor_scale=fixed:0.0166481
linear_op: NVFP4 activation pack options for backbone.layers.21.mixer.out_proj.weight M=1 scale_layout=swizzled_128x4 tensor_scale=fixed:0.0100911
single_token_forward_model: layer 21 ok
single_token_forward_model: running layer 22 kind=2
single_token_forward_model: layer 22 ok
single_token_forward_model: running layer 23 kind=1
linear_op: NVFP4 activation pack options for backbone.layers.23.mixer.in_proj.weight M=1 scale_layout=swizzled_128x4 tensor_scale=fixed:0.016369
linear_op: NVFP4 activation pack options for backbone.layers.23.mixer.out_proj.weight M=1 scale_layout=swizzled_128x4 tensor_scale=fixed:0.0143229
single_token_forward_model: layer 23 ok
single_token_forward_model: running layer 24 kind=2
single_token_forward_model: layer 24 ok
single_token_forward_model: running layer 25 kind=1
single_token_forward_model: layer 25 ok
single_token_forward_model: running layer 26 kind=0
attention_layer: using nano_decode
single_token_forward_model: layer 26 ok
single_token_forward_model: running layer 27 kind=2
single_token_forward_model: layer 27 ok
single_token_forward_model: running layer 28 kind=1
linear_op: NVFP4 activation pack options for backbone.layers.28.mixer.in_proj.weight M=1 scale_layout=swizzled_128x4 tensor_scale=fixed:0.016183
linear_op: NVFP4 activation pack options for backbone.layers.28.mixer.out_proj.weight M=1 scale_layout=swizzled_128x4 tensor_scale=fixed:0.0144159
single_token_forward_model: layer 28 ok
single_token_forward_model: running layer 29 kind=2
single_token_forward_model: layer 29 ok
single_token_forward_model: running layer 30 kind=1
linear_op: NVFP4 activation pack options for backbone.layers.30.mixer.in_proj.weight M=1 scale_layout=swizzled_128x4 tensor_scale=fixed:0.0206473
linear_op: NVFP4 activation pack options for backbone.layers.30.mixer.out_proj.weight M=1 scale_layout=swizzled_128x4 tensor_scale=fixed:0.0230655
single_token_forward_model: layer 30 ok
single_token_forward_model: running layer 31 kind=2
single_token_forward_model: layer 31 ok
single_token_forward_model: running layer 32 kind=1
single_token_forward_model: layer 32 ok
single_token_forward_model: running layer 33 kind=0
attention_layer: using nano_decode
single_token_forward_model: layer 33 ok
single_token_forward_model: running layer 34 kind=2
single_token_forward_model: layer 34 ok
single_token_forward_model: running layer 35 kind=1
linear_op: NVFP4 activation pack options for backbone.layers.35.mixer.in_proj.weight M=1 scale_layout=swizzled_128x4 tensor_scale=fixed:0.0179501
linear_op: NVFP4 activation pack options for backbone.layers.35.mixer.out_proj.weight M=1 scale_layout=swizzled_128x4 tensor_scale=fixed:0.0580357
single_token_forward_model: layer 35 ok
single_token_forward_model: running layer 36 kind=2
single_token_forward_model: layer 36 ok
single_token_forward_model: running layer 37 kind=1
linear_op: NVFP4 activation pack options for backbone.layers.37.mixer.in_proj.weight M=1 scale_layout=swizzled_128x4 tensor_scale=fixed:0.0127418
linear_op: NVFP4 activation pack options for backbone.layers.37.mixer.out_proj.weight M=1 scale_layout=swizzled_128x4 tensor_scale=fixed:0.0448289
single_token_forward_model: layer 37 ok
single_token_forward_model: running layer 38 kind=2
single_token_forward_model: layer 38 ok
single_token_forward_model: running layer 39 kind=1
linear_op: NVFP4 activation pack options for backbone.layers.39.mixer.in_proj.weight M=1 scale_layout=swizzled_128x4 tensor_scale=fixed:0.0235305
linear_op: NVFP4 activation pack options for backbone.layers.39.mixer.out_proj.weight M=1 scale_layout=swizzled_128x4 tensor_scale=fixed:0.0349702
single_token_forward_model: layer 39 ok
single_token_forward_model: running layer 40 kind=2
single_token_forward_model: layer 40 ok
single_token_forward_model: running layer 41 kind=1
single_token_forward_model: layer 41 ok
single_token_forward_model: running layer 42 kind=0
attention_layer: using nano_decode
single_token_forward_model: layer 42 ok
single_token_forward_model: running layer 43 kind=2
single_token_forward_model: layer 43 ok
single_token_forward_model: running layer 44 kind=1
linear_op: NVFP4 activation pack options for backbone.layers.44.mixer.in_proj.weight M=1 scale_layout=swizzled_128x4 tensor_scale=fixed:0.015625
linear_op: NVFP4 activation pack options for backbone.layers.44.mixer.out_proj.weight M=1 scale_layout=swizzled_128x4 tensor_scale=fixed:0.0729167
single_token_forward_model: layer 44 ok
single_token_forward_model: running layer 45 kind=2
single_token_forward_model: layer 45 ok
single_token_forward_model: running layer 46 kind=1
linear_op: NVFP4 activation pack options for backbone.layers.46.mixer.in_proj.weight M=1 scale_layout=swizzled_128x4 tensor_scale=fixed:0.0178571
linear_op: NVFP4 activation pack options for backbone.layers.46.mixer.out_proj.weight M=1 scale_layout=swizzled_128x4 tensor_scale=fixed:0.0688244
single_token_forward_model: layer 46 ok
single_token_forward_model: running layer 47 kind=2
single_token_forward_model: layer 47 ok
single_token_forward_model: running layer 48 kind=1
linear_op: NVFP4 activation pack options for backbone.layers.48.mixer.in_proj.weight M=1 scale_layout=swizzled_128x4 tensor_scale=fixed:0.0217634
linear_op: NVFP4 activation pack options for backbone.layers.48.mixer.out_proj.weight M=1 scale_layout=swizzled_128x4 tensor_scale=fixed:0.127232
single_token_forward_model: layer 48 ok
single_token_forward_model: running layer 49 kind=2
single_token_forward_model: layer 49 ok
single_token_forward_model: running layer 50 kind=1
linear_op: NVFP4 activation pack options for backbone.layers.50.mixer.in_proj.weight M=1 scale_layout=swizzled_128x4 tensor_scale=fixed:0.0262277
linear_op: NVFP4 activation pack options for backbone.layers.50.mixer.out_proj.weight M=1 scale_layout=swizzled_128x4 tensor_scale=fixed:0.203869
single_token_forward_model: layer 50 ok
single_token_forward_model: running layer 51 kind=2
single_token_forward_model: layer 51 ok
single_token_forward_model: lm_head ok
single_token_forward_model: embedding lookup ok for 1 token(s)
single_token_forward_model: running layer 0 kind=1
linear_op: NVFP4 activation pack options for backbone.layers.0.mixer.in_proj.weight M=1 scale_layout=swizzled_128x4 tensor_scale=fixed:0.0164621
linear_op: NVFP4 activation pack options for backbone.layers.0.mixer.out_proj.weight M=1 scale_layout=swizzled_128x4 tensor_scale=fixed:0.00124395
single_token_forward_model: layer 0 ok
single_token_forward_model: running layer 1 kind=2
single_token_forward_model: layer 1 ok
single_token_forward_model: running layer 2 kind=1
linear_op: NVFP4 activation pack options for backbone.layers.2.mixer.in_proj.weight M=1 scale_layout=swizzled_128x4 tensor_scale=fixed:0.031994
linear_op: NVFP4 activation pack options for backbone.layers.2.mixer.out_proj.weight M=1 scale_layout=swizzled_128x4 tensor_scale=fixed:0.00180199
single_token_forward_model: layer 2 ok
single_token_forward_model: running layer 3 kind=2
single_token_forward_model: layer 3 ok
single_token_forward_model: running layer 4 kind=1
single_token_forward_model: layer 4 ok
single_token_forward_model: running layer 5 kind=0
attention_layer: using nano_decode
single_token_forward_model: layer 5 ok
single_token_forward_model: running layer 6 kind=2
single_token_forward_model: layer 6 ok
single_token_forward_model: running layer 7 kind=1
linear_op: NVFP4 activation pack options for backbone.layers.7.mixer.in_proj.weight M=1 scale_layout=swizzled_128x4 tensor_scale=fixed:0.0256696
linear_op: NVFP4 activation pack options for backbone.layers.7.mixer.out_proj.weight M=1 scale_layout=swizzled_128x4 tensor_scale=fixed:0.00240653
single_token_forward_model: layer 7 ok
single_token_forward_model: running layer 8 kind=2
single_token_forward_model: layer 8 ok
single_token_forward_model: running layer 9 kind=1
linear_op: NVFP4 activation pack options for backbone.layers.9.mixer.in_proj.weight M=1 scale_layout=swizzled_128x4 tensor_scale=fixed:0.0121838
linear_op: NVFP4 activation pack options for backbone.layers.9.mixer.out_proj.weight M=1 scale_layout=swizzled_128x4 tensor_scale=fixed:0.00353423
single_token_forward_model: layer 9 ok
single_token_forward_model: running layer 10 kind=2
single_token_forward_model: layer 10 ok
single_token_forward_model: running layer 11 kind=1
single_token_forward_model: layer 11 ok
single_token_forward_model: running layer 12 kind=0
attention_layer: using nano_decode
single_token_forward_model: layer 12 ok
single_token_forward_model: running layer 13 kind=2
single_token_forward_model: layer 13 ok
single_token_forward_model: running layer 14 kind=1
linear_op: NVFP4 activation pack options for backbone.layers.14.mixer.in_proj.weight M=1 scale_layout=swizzled_128x4 tensor_scale=fixed:0.0195312
linear_op: NVFP4 activation pack options for backbone.layers.14.mixer.out_proj.weight M=1 scale_layout=swizzled_128x4 tensor_scale=fixed:0.00767299
single_token_forward_model: layer 14 ok
single_token_forward_model: running layer 15 kind=2
single_token_forward_model: layer 15 ok
single_token_forward_model: running layer 16 kind=1
linear_op: NVFP4 activation pack options for backbone.layers.16.mixer.in_proj.weight M=1 scale_layout=swizzled_128x4 tensor_scale=fixed:0.0177641
linear_op: NVFP4 activation pack options for backbone.layers.16.mixer.out_proj.weight M=1 scale_layout=swizzled_128x4 tensor_scale=fixed:0.00595238
single_token_forward_model: layer 16 ok
single_token_forward_model: running layer 17 kind=2
single_token_forward_model: layer 17 ok
single_token_forward_model: running layer 18 kind=1
single_token_forward_model: layer 18 ok
single_token_forward_model: running layer 19 kind=0
attention_layer: using nano_decode
single_token_forward_model: layer 19 ok
single_token_forward_model: running layer 20 kind=2
single_token_forward_model: layer 20 ok
single_token_forward_model: running layer 21 kind=1
linear_op: NVFP4 activation pack options for backbone.layers.21.mixer.in_proj.weight M=1 scale_layout=swizzled_128x4 tensor_scale=fixed:0.0166481
linear_op: NVFP4 activation pack options for backbone.layers.21.mixer.out_proj.weight M=1 scale_layout=swizzled_128x4 tensor_scale=fixed:0.0100911
single_token_forward_model: layer 21 ok
single_token_forward_model: running layer 22 kind=2
single_token_forward_model: layer 22 ok
single_token_forward_model: running layer 23 kind=1
linear_op: NVFP4 activation pack options for backbone.layers.23.mixer.in_proj.weight M=1 scale_layout=swizzled_128x4 tensor_scale=fixed:0.016369
linear_op: NVFP4 activation pack options for backbone.layers.23.mixer.out_proj.weight M=1 scale_layout=swizzled_128x4 tensor_scale=fixed:0.0143229
single_token_forward_model: layer 23 ok
single_token_forward_model: running layer 24 kind=2
single_token_forward_model: layer 24 ok
single_token_forward_model: running layer 25 kind=1
single_token_forward_model: layer 25 ok
single_token_forward_model: running layer 26 kind=0
attention_layer: using nano_decode
single_token_forward_model: layer 26 ok
single_token_forward_model: running layer 27 kind=2
single_token_forward_model: layer 27 ok
single_token_forward_model: running layer 28 kind=1
linear_op: NVFP4 activation pack options for backbone.layers.28.mixer.in_proj.weight M=1 scale_layout=swizzled_128x4 tensor_scale=fixed:0.016183
linear_op: NVFP4 activation pack options for backbone.layers.28.mixer.out_proj.weight M=1 scale_layout=swizzled_128x4 tensor_scale=fixed:0.0144159
single_token_forward_model: layer 28 ok
single_token_forward_model: running layer 29 kind=2
single_token_forward_model: layer 29 ok
single_token_forward_model: running layer 30 kind=1
linear_op: NVFP4 activation pack options for backbone.layers.30.mixer.in_proj.weight M=1 scale_layout=swizzled_128x4 tensor_scale=fixed:0.0206473
linear_op: NVFP4 activation pack options for backbone.layers.30.mixer.out_proj.weight M=1 scale_layout=swizzled_128x4 tensor_scale=fixed:0.0230655
single_token_forward_model: layer 30 ok
single_token_forward_model: running layer 31 kind=2
single_token_forward_model: layer 31 ok
single_token_forward_model: running layer 32 kind=1
single_token_forward_model: layer 32 ok
single_token_forward_model: running layer 33 kind=0
attention_layer: using nano_decode
single_token_forward_model: layer 33 ok
single_token_forward_model: running layer 34 kind=2
single_token_forward_model: layer 34 ok
single_token_forward_model: running layer 35 kind=1
linear_op: NVFP4 activation pack options for backbone.layers.35.mixer.in_proj.weight M=1 scale_layout=swizzled_128x4 tensor_scale=fixed:0.0179501
linear_op: NVFP4 activation pack options for backbone.layers.35.mixer.out_proj.weight M=1 scale_layout=swizzled_128x4 tensor_scale=fixed:0.0580357
single_token_forward_model: layer 35 ok
single_token_forward_model: running layer 36 kind=2
single_token_forward_model: layer 36 ok
single_token_forward_model: running layer 37 kind=1
linear_op: NVFP4 activation pack options for backbone.layers.37.mixer.in_proj.weight M=1 scale_layout=swizzled_128x4 tensor_scale=fixed:0.0127418
linear_op: NVFP4 activation pack options for backbone.layers.37.mixer.out_proj.weight M=1 scale_layout=swizzled_128x4 tensor_scale=fixed:0.0448289
single_token_forward_model: layer 37 ok
single_token_forward_model: running layer 38 kind=2
single_token_forward_model: layer 38 ok
single_token_forward_model: running layer 39 kind=1
linear_op: NVFP4 activation pack options for backbone.layers.39.mixer.in_proj.weight M=1 scale_layout=swizzled_128x4 tensor_scale=fixed:0.0235305
linear_op: NVFP4 activation pack options for backbone.layers.39.mixer.out_proj.weight M=1 scale_layout=swizzled_128x4 tensor_scale=fixed:0.0349702
single_token_forward_model: layer 39 ok
single_token_forward_model: running layer 40 kind=2
single_token_forward_model: layer 40 ok
single_token_forward_model: running layer 41 kind=1
single_token_forward_model: layer 41 ok
single_token_forward_model: running layer 42 kind=0
attention_layer: using nano_decode
single_token_forward_model: layer 42 ok
single_token_forward_model: running layer 43 kind=2
single_token_forward_model: layer 43 ok
single_token_forward_model: running layer 44 kind=1
linear_op: NVFP4 activation pack options for backbone.layers.44.mixer.in_proj.weight M=1 scale_layout=swizzled_128x4 tensor_scale=fixed:0.015625
linear_op: NVFP4 activation pack options for backbone.layers.44.mixer.out_proj.weight M=1 scale_layout=swizzled_128x4 tensor_scale=fixed:0.0729167
single_token_forward_model: layer 44 ok
single_token_forward_model: running layer 45 kind=2
single_token_forward_model: layer 45 ok
single_token_forward_model: running layer 46 kind=1
linear_op: NVFP4 activation pack options for backbone.layers.46.mixer.in_proj.weight M=1 scale_layout=swizzled_128x4 tensor_scale=fixed:0.0178571
linear_op: NVFP4 activation pack options for backbone.layers.46.mixer.out_proj.weight M=1 scale_layout=swizzled_128x4 tensor_scale=fixed:0.0688244
single_token_forward_model: layer 46 ok
single_token_forward_model: running layer 47 kind=2
single_token_forward_model: layer 47 ok
single_token_forward_model: running layer 48 kind=1
linear_op: NVFP4 activation pack options for backbone.layers.48.mixer.in_proj.weight M=1 scale_layout=swizzled_128x4 tensor_scale=fixed:0.0217634
linear_op: NVFP4 activation pack options for backbone.layers.48.mixer.out_proj.weight M=1 scale_layout=swizzled_128x4 tensor_scale=fixed:0.127232
single_token_forward_model: layer 48 ok
single_token_forward_model: running layer 49 kind=2
single_token_forward_model: layer 49 ok
single_token_forward_model: running layer 50 kind=1
linear_op: NVFP4 activation pack options for backbone.layers.50.mixer.in_proj.weight M=1 scale_layout=swizzled_128x4 tensor_scale=fixed:0.0262277
linear_op: NVFP4 activation pack options for backbone.layers.50.mixer.out_proj.weight M=1 scale_layout=swizzled_128x4 tensor_scale=fixed:0.203869
single_token_forward_model: layer 50 ok
single_token_forward_model: running layer 51 kind=2
single_token_forward_model: layer 51 ok
single_token_forward_model: lm_head ok
single_token_forward_model: embedding lookup ok for 1 token(s)
single_token_forward_model: running layer 0 kind=1
linear_op: NVFP4 activation pack options for backbone.layers.0.mixer.in_proj.weight M=1 scale_layout=swizzled_128x4 tensor_scale=fixed:0.0164621
linear_op: NVFP4 activation pack options for backbone.layers.0.mixer.out_proj.weight M=1 scale_layout=swizzled_128x4 tensor_scale=fixed:0.00124395
single_token_forward_model: layer 0 ok
single_token_forward_model: running layer 1 kind=2
single_token_forward_model: layer 1 ok
single_token_forward_model: running layer 2 kind=1
linear_op: NVFP4 activation pack options for backbone.layers.2.mixer.in_proj.weight M=1 scale_layout=swizzled_128x4 tensor_scale=fixed:0.031994
linear_op: NVFP4 activation pack options for backbone.layers.2.mixer.out_proj.weight M=1 scale_layout=swizzled_128x4 tensor_scale=fixed:0.00180199
single_token_forward_model: layer 2 ok
single_token_forward_model: running layer 3 kind=2
single_token_forward_model: layer 3 ok
single_token_forward_model: running layer 4 kind=1
single_token_forward_model: layer 4 ok
single_token_forward_model: running layer 5 kind=0
attention_layer: using nano_decode
single_token_forward_model: layer 5 ok
single_token_forward_model: running layer 6 kind=2
single_token_forward_model: layer 6 ok
single_token_forward_model: running layer 7 kind=1
linear_op: NVFP4 activation pack options for backbone.layers.7.mixer.in_proj.weight M=1 scale_layout=swizzled_128x4 tensor_scale=fixed:0.0256696
linear_op: NVFP4 activation pack options for backbone.layers.7.mixer.out_proj.weight M=1 scale_layout=swizzled_128x4 tensor_scale=fixed:0.00240653
single_token_forward_model: layer 7 ok
single_token_forward_model: running layer 8 kind=2
single_token_forward_model: layer 8 ok
single_token_forward_model: running layer 9 kind=1
linear_op: NVFP4 activation pack options for backbone.layers.9.mixer.in_proj.weight M=1 scale_layout=swizzled_128x4 tensor_scale=fixed:0.0121838
linear_op: NVFP4 activation pack options for backbone.layers.9.mixer.out_proj.weight M=1 scale_layout=swizzled_128x4 tensor_scale=fixed:0.00353423
single_token_forward_model: layer 9 ok
single_token_forward_model: running layer 10 kind=2
single_token_forward_model: layer 10 ok
single_token_forward_model: running layer 11 kind=1
single_token_forward_model: layer 11 ok
single_token_forward_model: running layer 12 kind=0
attention_layer: using nano_decode
single_token_forward_model: layer 12 ok
single_token_forward_model: running layer 13 kind=2
single_token_forward_model: layer 13 ok
single_token_forward_model: running layer 14 kind=1
linear_op: NVFP4 activation pack options for backbone.layers.14.mixer.in_proj.weight M=1 scale_layout=swizzled_128x4 tensor_scale=fixed:0.0195312
linear_op: NVFP4 activation pack options for backbone.layers.14.mixer.out_proj.weight M=1 scale_layout=swizzled_128x4 tensor_scale=fixed:0.00767299
single_token_forward_model: layer 14 ok
single_token_forward_model: running layer 15 kind=2
single_token_forward_model: layer 15 ok
single_token_forward_model: running layer 16 kind=1
linear_op: NVFP4 activation pack options for backbone.layers.16.mixer.in_proj.weight M=1 scale_layout=swizzled_128x4 tensor_scale=fixed:0.0177641
linear_op: NVFP4 activation pack options for backbone.layers.16.mixer.out_proj.weight M=1 scale_layout=swizzled_128x4 tensor_scale=fixed:0.00595238
single_token_forward_model: layer 16 ok
single_token_forward_model: running layer 17 kind=2
single_token_forward_model: layer 17 ok
single_token_forward_model: running layer 18 kind=1
single_token_forward_model: layer 18 ok
single_token_forward_model: running layer 19 kind=0
attention_layer: using nano_decode
single_token_forward_model: layer 19 ok
single_token_forward_model: running layer 20 kind=2
single_token_forward_model: layer 20 ok
single_token_forward_model: running layer 21 kind=1
linear_op: NVFP4 activation pack options for backbone.layers.21.mixer.in_proj.weight M=1 scale_layout=swizzled_128x4 tensor_scale=fixed:0.0166481
linear_op: NVFP4 activation pack options for backbone.layers.21.mixer.out_proj.weight M=1 scale_layout=swizzled_128x4 tensor_scale=fixed:0.0100911
single_token_forward_model: layer 21 ok
single_token_forward_model: running layer 22 kind=2
single_token_forward_model: layer 22 ok
single_token_forward_model: running layer 23 kind=1
linear_op: NVFP4 activation pack options for backbone.layers.23.mixer.in_proj.weight M=1 scale_layout=swizzled_128x4 tensor_scale=fixed:0.016369
linear_op: NVFP4 activation pack options for backbone.layers.23.mixer.out_proj.weight M=1 scale_layout=swizzled_128x4 tensor_scale=fixed:0.0143229
single_token_forward_model: layer 23 ok
single_token_forward_model: running layer 24 kind=2
single_token_forward_model: layer 24 ok
single_token_forward_model: running layer 25 kind=1
single_token_forward_model: layer 25 ok
single_token_forward_model: running layer 26 kind=0
attention_layer: using nano_decode
single_token_forward_model: layer 26 ok
single_token_forward_model: running layer 27 kind=2
single_token_forward_model: layer 27 ok
single_token_forward_model: running layer 28 kind=1
linear_op: NVFP4 activation pack options for backbone.layers.28.mixer.in_proj.weight M=1 scale_layout=swizzled_128x4 tensor_scale=fixed:0.016183
linear_op: NVFP4 activation pack options for backbone.layers.28.mixer.out_proj.weight M=1 scale_layout=swizzled_128x4 tensor_scale=fixed:0.0144159
single_token_forward_model: layer 28 ok
single_token_forward_model: running layer 29 kind=2
single_token_forward_model: layer 29 ok
single_token_forward_model: running layer 30 kind=1
linear_op: NVFP4 activation pack options for backbone.layers.30.mixer.in_proj.weight M=1 scale_layout=swizzled_128x4 tensor_scale=fixed:0.0206473
linear_op: NVFP4 activation pack options for backbone.layers.30.mixer.out_proj.weight M=1 scale_layout=swizzled_128x4 tensor_scale=fixed:0.0230655
single_token_forward_model: layer 30 ok
single_token_forward_model: running layer 31 kind=2
single_token_forward_model: layer 31 ok
single_token_forward_model: running layer 32 kind=1
single_token_forward_model: layer 32 ok
single_token_forward_model: running layer 33 kind=0
attention_layer: using nano_decode
single_token_forward_model: layer 33 ok
single_token_forward_model: running layer 34 kind=2
single_token_forward_model: layer 34 ok
single_token_forward_model: running layer 35 kind=1
linear_op: NVFP4 activation pack options for backbone.layers.35.mixer.in_proj.weight M=1 scale_layout=swizzled_128x4 tensor_scale=fixed:0.0179501
linear_op: NVFP4 activation pack options for backbone.layers.35.mixer.out_proj.weight M=1 scale_layout=swizzled_128x4 tensor_scale=fixed:0.0580357
single_token_forward_model: layer 35 ok
single_token_forward_model: running layer 36 kind=2
single_token_forward_model: layer 36 ok
single_token_forward_model: running layer 37 kind=1
linear_op: NVFP4 activation pack options for backbone.layers.37.mixer.in_proj.weight M=1 scale_layout=swizzled_128x4 tensor_scale=fixed:0.0127418
linear_op: NVFP4 activation pack options for backbone.layers.37.mixer.out_proj.weight M=1 scale_layout=swizzled_128x4 tensor_scale=fixed:0.0448289
single_token_forward_model: layer 37 ok
single_token_forward_model: running layer 38 kind=2
single_token_forward_model: layer 38 ok
single_token_forward_model: running layer 39 kind=1
linear_op: NVFP4 activation pack options for backbone.layers.39.mixer.in_proj.weight M=1 scale_layout=swizzled_128x4 tensor_scale=fixed:0.0235305
linear_op: NVFP4 activation pack options for backbone.layers.39.mixer.out_proj.weight M=1 scale_layout=swizzled_128x4 tensor_scale=fixed:0.0349702
single_token_forward_model: layer 39 ok
single_token_forward_model: running layer 40 kind=2
single_token_forward_model: layer 40 ok
single_token_forward_model: running layer 41 kind=1
single_token_forward_model: layer 41 ok
single_token_forward_model: running layer 42 kind=0
attention_layer: using nano_decode
single_token_forward_model: layer 42 ok
single_token_forward_model: running layer 43 kind=2
single_token_forward_model: layer 43 ok
single_token_forward_model: running layer 44 kind=1
linear_op: NVFP4 activation pack options for backbone.layers.44.mixer.in_proj.weight M=1 scale_layout=swizzled_128x4 tensor_scale=fixed:0.015625
linear_op: NVFP4 activation pack options for backbone.layers.44.mixer.out_proj.weight M=1 scale_layout=swizzled_128x4 tensor_scale=fixed:0.0729167
single_token_forward_model: layer 44 ok
single_token_forward_model: running layer 45 kind=2
single_token_forward_model: layer 45 ok
single_token_forward_model: running layer 46 kind=1
linear_op: NVFP4 activation pack options for backbone.layers.46.mixer.in_proj.weight M=1 scale_layout=swizzled_128x4 tensor_scale=fixed:0.0178571
linear_op: NVFP4 activation pack options for backbone.layers.46.mixer.out_proj.weight M=1 scale_layout=swizzled_128x4 tensor_scale=fixed:0.0688244
single_token_forward_model: layer 46 ok
single_token_forward_model: running layer 47 kind=2
single_token_forward_model: layer 47 ok
single_token_forward_model: running layer 48 kind=1
linear_op: NVFP4 activation pack options for backbone.layers.48.mixer.in_proj.weight M=1 scale_layout=swizzled_128x4 tensor_scale=fixed:0.0217634
linear_op: NVFP4 activation pack options for backbone.layers.48.mixer.out_proj.weight M=1 scale_layout=swizzled_128x4 tensor_scale=fixed:0.127232
single_token_forward_model: layer 48 ok
single_token_forward_model: running layer 49 kind=2
single_token_forward_model: layer 49 ok
single_token_forward_model: running layer 50 kind=1
linear_op: NVFP4 activation pack options for backbone.layers.50.mixer.in_proj.weight M=1 scale_layout=swizzled_128x4 tensor_scale=fixed:0.0262277
linear_op: NVFP4 activation pack options for backbone.layers.50.mixer.out_proj.weight M=1 scale_layout=swizzled_128x4 tensor_scale=fixed:0.203869
single_token_forward_model: layer 50 ok
single_token_forward_model: running layer 51 kind=2
single_token_forward_model: layer 51 ok
single_token_forward_model: lm_head ok
single_token_forward_model: embedding lookup ok for 1 token(s)
single_token_forward_model: running layer 0 kind=1
linear_op: NVFP4 activation pack options for backbone.layers.0.mixer.in_proj.weight M=1 scale_layout=swizzled_128x4 tensor_scale=fixed:0.0164621
linear_op: NVFP4 activation pack options for backbone.layers.0.mixer.out_proj.weight M=1 scale_layout=swizzled_128x4 tensor_scale=fixed:0.00124395
single_token_forward_model: layer 0 ok
single_token_forward_model: running layer 1 kind=2
single_token_forward_model: layer 1 ok
single_token_forward_model: running layer 2 kind=1
linear_op: NVFP4 activation pack options for backbone.layers.2.mixer.in_proj.weight M=1 scale_layout=swizzled_128x4 tensor_scale=fixed:0.031994
linear_op: NVFP4 activation pack options for backbone.layers.2.mixer.out_proj.weight M=1 scale_layout=swizzled_128x4 tensor_scale=fixed:0.00180199
single_token_forward_model: layer 2 ok
single_token_forward_model: running layer 3 kind=2
single_token_forward_model: layer 3 ok
single_token_forward_model: running layer 4 kind=1
single_token_forward_model: layer 4 ok
single_token_forward_model: running layer 5 kind=0
attention_layer: using nano_decode
single_token_forward_model: layer 5 ok
single_token_forward_model: running layer 6 kind=2
single_token_forward_model: layer 6 ok
single_token_forward_model: running layer 7 kind=1
linear_op: NVFP4 activation pack options for backbone.layers.7.mixer.in_proj.weight M=1 scale_layout=swizzled_128x4 tensor_scale=fixed:0.0256696
linear_op: NVFP4 activation pack options for backbone.layers.7.mixer.out_proj.weight M=1 scale_layout=swizzled_128x4 tensor_scale=fixed:0.00240653
single_token_forward_model: layer 7 ok
single_token_forward_model: running layer 8 kind=2
single_token_forward_model: layer 8 ok
single_token_forward_model: running layer 9 kind=1
linear_op: NVFP4 activation pack options for backbone.layers.9.mixer.in_proj.weight M=1 scale_layout=swizzled_128x4 tensor_scale=fixed:0.0121838
linear_op: NVFP4 activation pack options for backbone.layers.9.mixer.out_proj.weight M=1 scale_layout=swizzled_128x4 tensor_scale=fixed:0.00353423
single_token_forward_model: layer 9 ok
single_token_forward_model: running layer 10 kind=2
single_token_forward_model: layer 10 ok
single_token_forward_model: running layer 11 kind=1
single_token_forward_model: layer 11 ok
single_token_forward_model: running layer 12 kind=0
attention_layer: using nano_decode
single_token_forward_model: layer 12 ok
single_token_forward_model: running layer 13 kind=2
single_token_forward_model: layer 13 ok
single_token_forward_model: running layer 14 kind=1
linear_op: NVFP4 activation pack options for backbone.layers.14.mixer.in_proj.weight M=1 scale_layout=swizzled_128x4 tensor_scale=fixed:0.0195312
linear_op: NVFP4 activation pack options for backbone.layers.14.mixer.out_proj.weight M=1 scale_layout=swizzled_128x4 tensor_scale=fixed:0.00767299
single_token_forward_model: layer 14 ok
single_token_forward_model: running layer 15 kind=2
single_token_forward_model: layer 15 ok
single_token_forward_model: running layer 16 kind=1
linear_op: NVFP4 activation pack options for backbone.layers.16.mixer.in_proj.weight M=1 scale_layout=swizzled_128x4 tensor_scale=fixed:0.0177641
linear_op: NVFP4 activation pack options for backbone.layers.16.mixer.out_proj.weight M=1 scale_layout=swizzled_128x4 tensor_scale=fixed:0.00595238
single_token_forward_model: layer 16 ok
single_token_forward_model: running layer 17 kind=2
single_token_forward_model: layer 17 ok
single_token_forward_model: running layer 18 kind=1
single_token_forward_model: layer 18 ok
single_token_forward_model: running layer 19 kind=0
attention_layer: using nano_decode
single_token_forward_model: layer 19 ok
single_token_forward_model: running layer 20 kind=2
single_token_forward_model: layer 20 ok
single_token_forward_model: running layer 21 kind=1
linear_op: NVFP4 activation pack options for backbone.layers.21.mixer.in_proj.weight M=1 scale_layout=swizzled_128x4 tensor_scale=fixed:0.0166481
linear_op: NVFP4 activation pack options for backbone.layers.21.mixer.out_proj.weight M=1 scale_layout=swizzled_128x4 tensor_scale=fixed:0.0100911
single_token_forward_model: layer 21 ok
single_token_forward_model: running layer 22 kind=2
single_token_forward_model: layer 22 ok
single_token_forward_model: running layer 23 kind=1
linear_op: NVFP4 activation pack options for backbone.layers.23.mixer.in_proj.weight M=1 scale_layout=swizzled_128x4 tensor_scale=fixed:0.016369
linear_op: NVFP4 activation pack options for backbone.layers.23.mixer.out_proj.weight M=1 scale_layout=swizzled_128x4 tensor_scale=fixed:0.0143229
single_token_forward_model: layer 23 ok
single_token_forward_model: running layer 24 kind=2
single_token_forward_model: layer 24 ok
single_token_forward_model: running layer 25 kind=1
single_token_forward_model: layer 25 ok
single_token_forward_model: running layer 26 kind=0
attention_layer: using nano_decode
single_token_forward_model: layer 26 ok
single_token_forward_model: running layer 27 kind=2
single_token_forward_model: layer 27 ok
single_token_forward_model: running layer 28 kind=1
linear_op: NVFP4 activation pack options for backbone.layers.28.mixer.in_proj.weight M=1 scale_layout=swizzled_128x4 tensor_scale=fixed:0.016183
linear_op: NVFP4 activation pack options for backbone.layers.28.mixer.out_proj.weight M=1 scale_layout=swizzled_128x4 tensor_scale=fixed:0.0144159
single_token_forward_model: layer 28 ok
single_token_forward_model: running layer 29 kind=2
single_token_forward_model: layer 29 ok
single_token_forward_model: running layer 30 kind=1
linear_op: NVFP4 activation pack options for backbone.layers.30.mixer.in_proj.weight M=1 scale_layout=swizzled_128x4 tensor_scale=fixed:0.0206473
linear_op: NVFP4 activation pack options for backbone.layers.30.mixer.out_proj.weight M=1 scale_layout=swizzled_128x4 tensor_scale=fixed:0.0230655
single_token_forward_model: layer 30 ok
single_token_forward_model: running layer 31 kind=2
single_token_forward_model: layer 31 ok
single_token_forward_model: running layer 32 kind=1
single_token_forward_model: layer 32 ok
single_token_forward_model: running layer 33 kind=0
attention_layer: using nano_decode
single_token_forward_model: layer 33 ok
single_token_forward_model: running layer 34 kind=2
single_token_forward_model: layer 34 ok
single_token_forward_model: running layer 35 kind=1
linear_op: NVFP4 activation pack options for backbone.layers.35.mixer.in_proj.weight M=1 scale_layout=swizzled_128x4 tensor_scale=fixed:0.0179501
linear_op: NVFP4 activation pack options for backbone.layers.35.mixer.out_proj.weight M=1 scale_layout=swizzled_128x4 tensor_scale=fixed:0.0580357
single_token_forward_model: layer 35 ok
single_token_forward_model: running layer 36 kind=2
single_token_forward_model: layer 36 ok
single_token_forward_model: running layer 37 kind=1
linear_op: NVFP4 activation pack options for backbone.layers.37.mixer.in_proj.weight M=1 scale_layout=swizzled_128x4 tensor_scale=fixed:0.0127418
linear_op: NVFP4 activation pack options for backbone.layers.37.mixer.out_proj.weight M=1 scale_layout=swizzled_128x4 tensor_scale=fixed:0.0448289
single_token_forward_model: layer 37 ok
single_token_forward_model: running layer 38 kind=2
single_token_forward_model: layer 38 ok
single_token_forward_model: running layer 39 kind=1
linear_op: NVFP4 activation pack options for backbone.layers.39.mixer.in_proj.weight M=1 scale_layout=swizzled_128x4 tensor_scale=fixed:0.0235305
linear_op: NVFP4 activation pack options for backbone.layers.39.mixer.out_proj.weight M=1 scale_layout=swizzled_128x4 tensor_scale=fixed:0.0349702
single_token_forward_model: layer 39 ok
single_token_forward_model: running layer 40 kind=2
single_token_forward_model: layer 40 ok
single_token_forward_model: running layer 41 kind=1
single_token_forward_model: layer 41 ok
single_token_forward_model: running layer 42 kind=0
attention_layer: using nano_decode
single_token_forward_model: layer 42 ok
single_token_forward_model: running layer 43 kind=2
single_token_forward_model: layer 43 ok
single_token_forward_model: running layer 44 kind=1
linear_op: NVFP4 activation pack options for backbone.layers.44.mixer.in_proj.weight M=1 scale_layout=swizzled_128x4 tensor_scale=fixed:0.015625
linear_op: NVFP4 activation pack options for backbone.layers.44.mixer.out_proj.weight M=1 scale_layout=swizzled_128x4 tensor_scale=fixed:0.0729167
single_token_forward_model: layer 44 ok
single_token_forward_model: running layer 45 kind=2
single_token_forward_model: layer 45 ok
single_token_forward_model: running layer 46 kind=1
linear_op: NVFP4 activation pack options for backbone.layers.46.mixer.in_proj.weight M=1 scale_layout=swizzled_128x4 tensor_scale=fixed:0.0178571
linear_op: NVFP4 activation pack options for backbone.layers.46.mixer.out_proj.weight M=1 scale_layout=swizzled_128x4 tensor_scale=fixed:0.0688244
single_token_forward_model: layer 46 ok
single_token_forward_model: running layer 47 kind=2
single_token_forward_model: layer 47 ok
single_token_forward_model: running layer 48 kind=1
linear_op: NVFP4 activation pack options for backbone.layers.48.mixer.in_proj.weight M=1 scale_layout=swizzled_128x4 tensor_scale=fixed:0.0217634
linear_op: NVFP4 activation pack options for backbone.layers.48.mixer.out_proj.weight M=1 scale_layout=swizzled_128x4 tensor_scale=fixed:0.127232
single_token_forward_model: layer 48 ok
single_token_forward_model: running layer 49 kind=2
single_token_forward_model: layer 49 ok
single_token_forward_model: running layer 50 kind=1
linear_op: NVFP4 activation pack options for backbone.layers.50.mixer.in_proj.weight M=1 scale_layout=swizzled_128x4 tensor_scale=fixed:0.0262277
linear_op: NVFP4 activation pack options for backbone.layers.50.mixer.out_proj.weight M=1 scale_layout=swizzled_128x4 tensor_scale=fixed:0.203869
single_token_forward_model: layer 50 ok
single_token_forward_model: running layer 51 kind=2
single_token_forward_model: layer 51 ok
single_token_forward_model: lm_head ok
single_token_forward_model: embedding lookup ok for 1 token(s)
single_token_forward_model: running layer 0 kind=1
linear_op: NVFP4 activation pack options for backbone.layers.0.mixer.in_proj.weight M=1 scale_layout=swizzled_128x4 tensor_scale=fixed:0.0164621
linear_op: NVFP4 activation pack options for backbone.layers.0.mixer.out_proj.weight M=1 scale_layout=swizzled_128x4 tensor_scale=fixed:0.00124395
single_token_forward_model: layer 0 ok
single_token_forward_model: running layer 1 kind=2
single_token_forward_model: layer 1 ok
single_token_forward_model: running layer 2 kind=1
linear_op: NVFP4 activation pack options for backbone.layers.2.mixer.in_proj.weight M=1 scale_layout=swizzled_128x4 tensor_scale=fixed:0.031994
linear_op: NVFP4 activation pack options for backbone.layers.2.mixer.out_proj.weight M=1 scale_layout=swizzled_128x4 tensor_scale=fixed:0.00180199
single_token_forward_model: layer 2 ok
single_token_forward_model: running layer 3 kind=2
single_token_forward_model: layer 3 ok
single_token_forward_model: running layer 4 kind=1
single_token_forward_model: layer 4 ok
single_token_forward_model: running layer 5 kind=0
attention_layer: using nano_decode
single_token_forward_model: layer 5 ok
single_token_forward_model: running layer 6 kind=2
single_token_forward_model: layer 6 ok
single_token_forward_model: running layer 7 kind=1
linear_op: NVFP4 activation pack options for backbone.layers.7.mixer.in_proj.weight M=1 scale_layout=swizzled_128x4 tensor_scale=fixed:0.0256696
linear_op: NVFP4 activation pack options for backbone.layers.7.mixer.out_proj.weight M=1 scale_layout=swizzled_128x4 tensor_scale=fixed:0.00240653
single_token_forward_model: layer 7 ok
single_token_forward_model: running layer 8 kind=2
single_token_forward_model: layer 8 ok
single_token_forward_model: running layer 9 kind=1
linear_op: NVFP4 activation pack options for backbone.layers.9.mixer.in_proj.weight M=1 scale_layout=swizzled_128x4 tensor_scale=fixed:0.0121838
linear_op: NVFP4 activation pack options for backbone.layers.9.mixer.out_proj.weight M=1 scale_layout=swizzled_128x4 tensor_scale=fixed:0.00353423
single_token_forward_model: layer 9 ok
single_token_forward_model: running layer 10 kind=2
single_token_forward_model: layer 10 ok
single_token_forward_model: running layer 11 kind=1
single_token_forward_model: layer 11 ok
single_token_forward_model: running layer 12 kind=0
attention_layer: using nano_decode
single_token_forward_model: layer 12 ok
single_token_forward_model: running layer 13 kind=2
single_token_forward_model: layer 13 ok
single_token_forward_model: running layer 14 kind=1
linear_op: NVFP4 activation pack options for backbone.layers.14.mixer.in_proj.weight M=1 scale_layout=swizzled_128x4 tensor_scale=fixed:0.0195312
linear_op: NVFP4 activation pack options for backbone.layers.14.mixer.out_proj.weight M=1 scale_layout=swizzled_128x4 tensor_scale=fixed:0.00767299
single_token_forward_model: layer 14 ok
single_token_forward_model: running layer 15 kind=2
single_token_forward_model: layer 15 ok
single_token_forward_model: running layer 16 kind=1
linear_op: NVFP4 activation pack options for backbone.layers.16.mixer.in_proj.weight M=1 scale_layout=swizzled_128x4 tensor_scale=fixed:0.0177641
linear_op: NVFP4 activation pack options for backbone.layers.16.mixer.out_proj.weight M=1 scale_layout=swizzled_128x4 tensor_scale=fixed:0.00595238
single_token_forward_model: layer 16 ok
single_token_forward_model: running layer 17 kind=2
single_token_forward_model: layer 17 ok
single_token_forward_model: running layer 18 kind=1
single_token_forward_model: layer 18 ok
single_token_forward_model: running layer 19 kind=0
attention_layer: using nano_decode
single_token_forward_model: layer 19 ok
single_token_forward_model: running layer 20 kind=2
single_token_forward_model: layer 20 ok
single_token_forward_model: running layer 21 kind=1
linear_op: NVFP4 activation pack options for backbone.layers.21.mixer.in_proj.weight M=1 scale_layout=swizzled_128x4 tensor_scale=fixed:0.0166481
linear_op: NVFP4 activation pack options for backbone.layers.21.mixer.out_proj.weight M=1 scale_layout=swizzled_128x4 tensor_scale=fixed:0.0100911
single_token_forward_model: layer 21 ok
single_token_forward_model: running layer 22 kind=2
single_token_forward_model: layer 22 ok
single_token_forward_model: running layer 23 kind=1
linear_op: NVFP4 activation pack options for backbone.layers.23.mixer.in_proj.weight M=1 scale_layout=swizzled_128x4 tensor_scale=fixed:0.016369
linear_op: NVFP4 activation pack options for backbone.layers.23.mixer.out_proj.weight M=1 scale_layout=swizzled_128x4 tensor_scale=fixed:0.0143229
single_token_forward_model: layer 23 ok
single_token_forward_model: running layer 24 kind=2
single_token_forward_model: layer 24 ok
single_token_forward_model: running layer 25 kind=1
single_token_forward_model: layer 25 ok
single_token_forward_model: running layer 26 kind=0
attention_layer: using nano_decode
single_token_forward_model: layer 26 ok
single_token_forward_model: running layer 27 kind=2
single_token_forward_model: layer 27 ok
single_token_forward_model: running layer 28 kind=1
linear_op: NVFP4 activation pack options for backbone.layers.28.mixer.in_proj.weight M=1 scale_layout=swizzled_128x4 tensor_scale=fixed:0.016183
linear_op: NVFP4 activation pack options for backbone.layers.28.mixer.out_proj.weight M=1 scale_layout=swizzled_128x4 tensor_scale=fixed:0.0144159
single_token_forward_model: layer 28 ok
single_token_forward_model: running layer 29 kind=2
single_token_forward_model: layer 29 ok
single_token_forward_model: running layer 30 kind=1
linear_op: NVFP4 activation pack options for backbone.layers.30.mixer.in_proj.weight M=1 scale_layout=swizzled_128x4 tensor_scale=fixed:0.0206473
linear_op: NVFP4 activation pack options for backbone.layers.30.mixer.out_proj.weight M=1 scale_layout=swizzled_128x4 tensor_scale=fixed:0.0230655
single_token_forward_model: layer 30 ok
single_token_forward_model: running layer 31 kind=2
single_token_forward_model: layer 31 ok
single_token_forward_model: running layer 32 kind=1
single_token_forward_model: layer 32 ok
single_token_forward_model: running layer 33 kind=0
attention_layer: using nano_decode
single_token_forward_model: layer 33 ok
single_token_forward_model: running layer 34 kind=2
single_token_forward_model: layer 34 ok
single_token_forward_model: running layer 35 kind=1
linear_op: NVFP4 activation pack options for backbone.layers.35.mixer.in_proj.weight M=1 scale_layout=swizzled_128x4 tensor_scale=fixed:0.0179501
linear_op: NVFP4 activation pack options for backbone.layers.35.mixer.out_proj.weight M=1 scale_layout=swizzled_128x4 tensor_scale=fixed:0.0580357
single_token_forward_model: layer 35 ok
single_token_forward_model: running layer 36 kind=2
single_token_forward_model: layer 36 ok
single_token_forward_model: running layer 37 kind=1
linear_op: NVFP4 activation pack options for backbone.layers.37.mixer.in_proj.weight M=1 scale_layout=swizzled_128x4 tensor_scale=fixed:0.0127418
linear_op: NVFP4 activation pack options for backbone.layers.37.mixer.out_proj.weight M=1 scale_layout=swizzled_128x4 tensor_scale=fixed:0.0448289
single_token_forward_model: layer 37 ok
single_token_forward_model: running layer 38 kind=2
single_token_forward_model: layer 38 ok
single_token_forward_model: running layer 39 kind=1
linear_op: NVFP4 activation pack options for backbone.layers.39.mixer.in_proj.weight M=1 scale_layout=swizzled_128x4 tensor_scale=fixed:0.0235305
linear_op: NVFP4 activation pack options for backbone.layers.39.mixer.out_proj.weight M=1 scale_layout=swizzled_128x4 tensor_scale=fixed:0.0349702
single_token_forward_model: layer 39 ok
single_token_forward_model: running layer 40 kind=2
single_token_forward_model: layer 40 ok
single_token_forward_model: running layer 41 kind=1
single_token_forward_model: layer 41 ok
single_token_forward_model: running layer 42 kind=0
attention_layer: using nano_decode
single_token_forward_model: layer 42 ok
single_token_forward_model: running layer 43 kind=2
single_token_forward_model: layer 43 ok
single_token_forward_model: running layer 44 kind=1
linear_op: NVFP4 activation pack options for backbone.layers.44.mixer.in_proj.weight M=1 scale_layout=swizzled_128x4 tensor_scale=fixed:0.015625
linear_op: NVFP4 activation pack options for backbone.layers.44.mixer.out_proj.weight M=1 scale_layout=swizzled_128x4 tensor_scale=fixed:0.0729167
single_token_forward_model: layer 44 ok
single_token_forward_model: running layer 45 kind=2
single_token_forward_model: layer 45 ok
single_token_forward_model: running layer 46 kind=1
linear_op: NVFP4 activation pack options for backbone.layers.46.mixer.in_proj.weight M=1 scale_layout=swizzled_128x4 tensor_scale=fixed:0.0178571
linear_op: NVFP4 activation pack options for backbone.layers.46.mixer.out_proj.weight M=1 scale_layout=swizzled_128x4 tensor_scale=fixed:0.0688244
single_token_forward_model: layer 46 ok
single_token_forward_model: running layer 47 kind=2
single_token_forward_model: layer 47 ok
single_token_forward_model: running layer 48 kind=1
linear_op: NVFP4 activation pack options for backbone.layers.48.mixer.in_proj.weight M=1 scale_layout=swizzled_128x4 tensor_scale=fixed:0.0217634
linear_op: NVFP4 activation pack options for backbone.layers.48.mixer.out_proj.weight M=1 scale_layout=swizzled_128x4 tensor_scale=fixed:0.127232
single_token_forward_model: layer 48 ok
single_token_forward_model: running layer 49 kind=2
single_token_forward_model: layer 49 ok
single_token_forward_model: running layer 50 kind=1
linear_op: NVFP4 activation pack options for backbone.layers.50.mixer.in_proj.weight M=1 scale_layout=swizzled_128x4 tensor_scale=fixed:0.0262277
linear_op: NVFP4 activation pack options for backbone.layers.50.mixer.out_proj.weight M=1 scale_layout=swizzled_128x4 tensor_scale=fixed:0.203869
single_token_forward_model: layer 50 ok
single_token_forward_model: running layer 51 kind=2
single_token_forward_model: layer 51 ok
single_token_forward_model: lm_head ok
single_token_forward_model: embedding lookup ok for 1 token(s)
single_token_forward_model: running layer 0 kind=1
linear_op: NVFP4 activation pack options for backbone.layers.0.mixer.in_proj.weight M=1 scale_layout=swizzled_128x4 tensor_scale=fixed:0.0164621
linear_op: NVFP4 activation pack options for backbone.layers.0.mixer.out_proj.weight M=1 scale_layout=swizzled_128x4 tensor_scale=fixed:0.00124395
single_token_forward_model: layer 0 ok
single_token_forward_model: running layer 1 kind=2
single_token_forward_model: layer 1 ok
single_token_forward_model: running layer 2 kind=1
linear_op: NVFP4 activation pack options for backbone.layers.2.mixer.in_proj.weight M=1 scale_layout=swizzled_128x4 tensor_scale=fixed:0.031994
linear_op: NVFP4 activation pack options for backbone.layers.2.mixer.out_proj.weight M=1 scale_layout=swizzled_128x4 tensor_scale=fixed:0.00180199
single_token_forward_model: layer 2 ok
single_token_forward_model: running layer 3 kind=2
single_token_forward_model: layer 3 ok
single_token_forward_model: running layer 4 kind=1
single_token_forward_model: layer 4 ok
single_token_forward_model: running layer 5 kind=0
attention_layer: using nano_decode
single_token_forward_model: layer 5 ok
single_token_forward_model: running layer 6 kind=2
single_token_forward_model: layer 6 ok
single_token_forward_model: running layer 7 kind=1
linear_op: NVFP4 activation pack options for backbone.layers.7.mixer.in_proj.weight M=1 scale_layout=swizzled_128x4 tensor_scale=fixed:0.0256696
linear_op: NVFP4 activation pack options for backbone.layers.7.mixer.out_proj.weight M=1 scale_layout=swizzled_128x4 tensor_scale=fixed:0.00240653
single_token_forward_model: layer 7 ok
single_token_forward_model: running layer 8 kind=2
single_token_forward_model: layer 8 ok
single_token_forward_model: running layer 9 kind=1
linear_op: NVFP4 activation pack options for backbone.layers.9.mixer.in_proj.weight M=1 scale_layout=swizzled_128x4 tensor_scale=fixed:0.0121838
linear_op: NVFP4 activation pack options for backbone.layers.9.mixer.out_proj.weight M=1 scale_layout=swizzled_128x4 tensor_scale=fixed:0.00353423
single_token_forward_model: layer 9 ok
single_token_forward_model: running layer 10 kind=2
single_token_forward_model: layer 10 ok
single_token_forward_model: running layer 11 kind=1
single_token_forward_model: layer 11 ok
single_token_forward_model: running layer 12 kind=0
attention_layer: using nano_decode
single_token_forward_model: layer 12 ok
single_token_forward_model: running layer 13 kind=2
single_token_forward_model: layer 13 ok
single_token_forward_model: running layer 14 kind=1
linear_op: NVFP4 activation pack options for backbone.layers.14.mixer.in_proj.weight M=1 scale_layout=swizzled_128x4 tensor_scale=fixed:0.0195312
linear_op: NVFP4 activation pack options for backbone.layers.14.mixer.out_proj.weight M=1 scale_layout=swizzled_128x4 tensor_scale=fixed:0.00767299
single_token_forward_model: layer 14 ok
single_token_forward_model: running layer 15 kind=2
single_token_forward_model: layer 15 ok
single_token_forward_model: running layer 16 kind=1
linear_op: NVFP4 activation pack options for backbone.layers.16.mixer.in_proj.weight M=1 scale_layout=swizzled_128x4 tensor_scale=fixed:0.0177641
linear_op: NVFP4 activation pack options for backbone.layers.16.mixer.out_proj.weight M=1 scale_layout=swizzled_128x4 tensor_scale=fixed:0.00595238
single_token_forward_model: layer 16 ok
single_token_forward_model: running layer 17 kind=2
single_token_forward_model: layer 17 ok
single_token_forward_model: running layer 18 kind=1
single_token_forward_model: layer 18 ok
single_token_forward_model: running layer 19 kind=0
attention_layer: using nano_decode
single_token_forward_model: layer 19 ok
single_token_forward_model: running layer 20 kind=2
single_token_forward_model: layer 20 ok
single_token_forward_model: running layer 21 kind=1
linear_op: NVFP4 activation pack options for backbone.layers.21.mixer.in_proj.weight M=1 scale_layout=swizzled_128x4 tensor_scale=fixed:0.0166481
linear_op: NVFP4 activation pack options for backbone.layers.21.mixer.out_proj.weight M=1 scale_layout=swizzled_128x4 tensor_scale=fixed:0.0100911
single_token_forward_model: layer 21 ok
single_token_forward_model: running layer 22 kind=2
single_token_forward_model: layer 22 ok
single_token_forward_model: running layer 23 kind=1
linear_op: NVFP4 activation pack options for backbone.layers.23.mixer.in_proj.weight M=1 scale_layout=swizzled_128x4 tensor_scale=fixed:0.016369
linear_op: NVFP4 activation pack options for backbone.layers.23.mixer.out_proj.weight M=1 scale_layout=swizzled_128x4 tensor_scale=fixed:0.0143229
single_token_forward_model: layer 23 ok
single_token_forward_model: running layer 24 kind=2
single_token_forward_model: layer 24 ok
single_token_forward_model: running layer 25 kind=1
single_token_forward_model: layer 25 ok
single_token_forward_model: running layer 26 kind=0
attention_layer: using nano_decode
single_token_forward_model: layer 26 ok
single_token_forward_model: running layer 27 kind=2
single_token_forward_model: layer 27 ok
single_token_forward_model: running layer 28 kind=1
linear_op: NVFP4 activation pack options for backbone.layers.28.mixer.in_proj.weight M=1 scale_layout=swizzled_128x4 tensor_scale=fixed:0.016183
linear_op: NVFP4 activation pack options for backbone.layers.28.mixer.out_proj.weight M=1 scale_layout=swizzled_128x4 tensor_scale=fixed:0.0144159
single_token_forward_model: layer 28 ok
single_token_forward_model: running layer 29 kind=2
single_token_forward_model: layer 29 ok
single_token_forward_model: running layer 30 kind=1
linear_op: NVFP4 activation pack options for backbone.layers.30.mixer.in_proj.weight M=1 scale_layout=swizzled_128x4 tensor_scale=fixed:0.0206473
linear_op: NVFP4 activation pack options for backbone.layers.30.mixer.out_proj.weight M=1 scale_layout=swizzled_128x4 tensor_scale=fixed:0.0230655
single_token_forward_model: layer 30 ok
single_token_forward_model: running layer 31 kind=2
single_token_forward_model: layer 31 ok
single_token_forward_model: running layer 32 kind=1
single_token_forward_model: layer 32 ok
single_token_forward_model: running layer 33 kind=0
attention_layer: using nano_decode
single_token_forward_model: layer 33 ok
single_token_forward_model: running layer 34 kind=2
single_token_forward_model: layer 34 ok
single_token_forward_model: running layer 35 kind=1
linear_op: NVFP4 activation pack options for backbone.layers.35.mixer.in_proj.weight M=1 scale_layout=swizzled_128x4 tensor_scale=fixed:0.0179501
linear_op: NVFP4 activation pack options for backbone.layers.35.mixer.out_proj.weight M=1 scale_layout=swizzled_128x4 tensor_scale=fixed:0.0580357
single_token_forward_model: layer 35 ok
single_token_forward_model: running layer 36 kind=2
single_token_forward_model: layer 36 ok
single_token_forward_model: running layer 37 kind=1
linear_op: NVFP4 activation pack options for backbone.layers.37.mixer.in_proj.weight M=1 scale_layout=swizzled_128x4 tensor_scale=fixed:0.0127418
linear_op: NVFP4 activation pack options for backbone.layers.37.mixer.out_proj.weight M=1 scale_layout=swizzled_128x4 tensor_scale=fixed:0.0448289
single_token_forward_model: layer 37 ok
single_token_forward_model: running layer 38 kind=2
single_token_forward_model: layer 38 ok
single_token_forward_model: running layer 39 kind=1
linear_op: NVFP4 activation pack options for backbone.layers.39.mixer.in_proj.weight M=1 scale_layout=swizzled_128x4 tensor_scale=fixed:0.0235305
linear_op: NVFP4 activation pack options for backbone.layers.39.mixer.out_proj.weight M=1 scale_layout=swizzled_128x4 tensor_scale=fixed:0.0349702
single_token_forward_model: layer 39 ok
single_token_forward_model: running layer 40 kind=2
single_token_forward_model: layer 40 ok
single_token_forward_model: running layer 41 kind=1
single_token_forward_model: layer 41 ok
single_token_forward_model: running layer 42 kind=0
attention_layer: using nano_decode
single_token_forward_model: layer 42 ok
single_token_forward_model: running layer 43 kind=2
single_token_forward_model: layer 43 ok
single_token_forward_model: running layer 44 kind=1
linear_op: NVFP4 activation pack options for backbone.layers.44.mixer.in_proj.weight M=1 scale_layout=swizzled_128x4 tensor_scale=fixed:0.015625
linear_op: NVFP4 activation pack options for backbone.layers.44.mixer.out_proj.weight M=1 scale_layout=swizzled_128x4 tensor_scale=fixed:0.0729167
single_token_forward_model: layer 44 ok
single_token_forward_model: running layer 45 kind=2
single_token_forward_model: layer 45 ok
single_token_forward_model: running layer 46 kind=1
linear_op: NVFP4 activation pack options for backbone.layers.46.mixer.in_proj.weight M=1 scale_layout=swizzled_128x4 tensor_scale=fixed:0.0178571
linear_op: NVFP4 activation pack options for backbone.layers.46.mixer.out_proj.weight M=1 scale_layout=swizzled_128x4 tensor_scale=fixed:0.0688244
single_token_forward_model: layer 46 ok
single_token_forward_model: running layer 47 kind=2
single_token_forward_model: layer 47 ok
single_token_forward_model: running layer 48 kind=1
linear_op: NVFP4 activation pack options for backbone.layers.48.mixer.in_proj.weight M=1 scale_layout=swizzled_128x4 tensor_scale=fixed:0.0217634
linear_op: NVFP4 activation pack options for backbone.layers.48.mixer.out_proj.weight M=1 scale_layout=swizzled_128x4 tensor_scale=fixed:0.127232
single_token_forward_model: layer 48 ok
single_token_forward_model: running layer 49 kind=2
single_token_forward_model: layer 49 ok
single_token_forward_model: running layer 50 kind=1
linear_op: NVFP4 activation pack options for backbone.layers.50.mixer.in_proj.weight M=1 scale_layout=swizzled_128x4 tensor_scale=fixed:0.0262277
linear_op: NVFP4 activation pack options for backbone.layers.50.mixer.out_proj.weight M=1 scale_layout=swizzled_128x4 tensor_scale=fixed:0.203869
single_token_forward_model: layer 50 ok
single_token_forward_model: running layer 51 kind=2
single_token_forward_model: layer 51 ok
single_token_forward_model: lm_head ok
single_token_forward_model: embedding lookup ok for 1 token(s)
single_token_forward_model: running layer 0 kind=1
linear_op: NVFP4 activation pack options for backbone.layers.0.mixer.in_proj.weight M=1 scale_layout=swizzled_128x4 tensor_scale=fixed:0.0164621
linear_op: NVFP4 activation pack options for backbone.layers.0.mixer.out_proj.weight M=1 scale_layout=swizzled_128x4 tensor_scale=fixed:0.00124395
single_token_forward_model: layer 0 ok
single_token_forward_model: running layer 1 kind=2
single_token_forward_model: layer 1 ok
single_token_forward_model: running layer 2 kind=1
linear_op: NVFP4 activation pack options for backbone.layers.2.mixer.in_proj.weight M=1 scale_layout=swizzled_128x4 tensor_scale=fixed:0.031994
linear_op: NVFP4 activation pack options for backbone.layers.2.mixer.out_proj.weight M=1 scale_layout=swizzled_128x4 tensor_scale=fixed:0.00180199
single_token_forward_model: layer 2 ok
single_token_forward_model: running layer 3 kind=2
single_token_forward_model: layer 3 ok
single_token_forward_model: running layer 4 kind=1
single_token_forward_model: layer 4 ok
single_token_forward_model: running layer 5 kind=0
attention_layer: using nano_decode
single_token_forward_model: layer 5 ok
single_token_forward_model: running layer 6 kind=2
single_token_forward_model: layer 6 ok
single_token_forward_model: running layer 7 kind=1
linear_op: NVFP4 activation pack options for backbone.layers.7.mixer.in_proj.weight M=1 scale_layout=swizzled_128x4 tensor_scale=fixed:0.0256696
linear_op: NVFP4 activation pack options for backbone.layers.7.mixer.out_proj.weight M=1 scale_layout=swizzled_128x4 tensor_scale=fixed:0.00240653
single_token_forward_model: layer 7 ok
single_token_forward_model: running layer 8 kind=2
single_token_forward_model: layer 8 ok
single_token_forward_model: running layer 9 kind=1
linear_op: NVFP4 activation pack options for backbone.layers.9.mixer.in_proj.weight M=1 scale_layout=swizzled_128x4 tensor_scale=fixed:0.0121838
linear_op: NVFP4 activation pack options for backbone.layers.9.mixer.out_proj.weight M=1 scale_layout=swizzled_128x4 tensor_scale=fixed:0.00353423
single_token_forward_model: layer 9 ok
single_token_forward_model: running layer 10 kind=2
single_token_forward_model: layer 10 ok
single_token_forward_model: running layer 11 kind=1
single_token_forward_model: layer 11 ok
single_token_forward_model: running layer 12 kind=0
attention_layer: using nano_decode
single_token_forward_model: layer 12 ok
single_token_forward_model: running layer 13 kind=2
single_token_forward_model: layer 13 ok
single_token_forward_model: running layer 14 kind=1
linear_op: NVFP4 activation pack options for backbone.layers.14.mixer.in_proj.weight M=1 scale_layout=swizzled_128x4 tensor_scale=fixed:0.0195312
linear_op: NVFP4 activation pack options for backbone.layers.14.mixer.out_proj.weight M=1 scale_layout=swizzled_128x4 tensor_scale=fixed:0.00767299
single_token_forward_model: layer 14 ok
single_token_forward_model: running layer 15 kind=2
single_token_forward_model: layer 15 ok
single_token_forward_model: running layer 16 kind=1
linear_op: NVFP4 activation pack options for backbone.layers.16.mixer.in_proj.weight M=1 scale_layout=swizzled_128x4 tensor_scale=fixed:0.0177641
linear_op: NVFP4 activation pack options for backbone.layers.16.mixer.out_proj.weight M=1 scale_layout=swizzled_128x4 tensor_scale=fixed:0.00595238
single_token_forward_model: layer 16 ok
single_token_forward_model: running layer 17 kind=2
single_token_forward_model: layer 17 ok
single_token_forward_model: running layer 18 kind=1
single_token_forward_model: layer 18 ok
single_token_forward_model: running layer 19 kind=0
attention_layer: using nano_decode
single_token_forward_model: layer 19 ok
single_token_forward_model: running layer 20 kind=2
single_token_forward_model: layer 20 ok
single_token_forward_model: running layer 21 kind=1
linear_op: NVFP4 activation pack options for backbone.layers.21.mixer.in_proj.weight M=1 scale_layout=swizzled_128x4 tensor_scale=fixed:0.0166481
linear_op: NVFP4 activation pack options for backbone.layers.21.mixer.out_proj.weight M=1 scale_layout=swizzled_128x4 tensor_scale=fixed:0.0100911
single_token_forward_model: layer 21 ok
single_token_forward_model: running layer 22 kind=2
single_token_forward_model: layer 22 ok
single_token_forward_model: running layer 23 kind=1
linear_op: NVFP4 activation pack options for backbone.layers.23.mixer.in_proj.weight M=1 scale_layout=swizzled_128x4 tensor_scale=fixed:0.016369
linear_op: NVFP4 activation pack options for backbone.layers.23.mixer.out_proj.weight M=1 scale_layout=swizzled_128x4 tensor_scale=fixed:0.0143229
single_token_forward_model: layer 23 ok
single_token_forward_model: running layer 24 kind=2
single_token_forward_model: layer 24 ok
single_token_forward_model: running layer 25 kind=1
single_token_forward_model: layer 25 ok
single_token_forward_model: running layer 26 kind=0
attention_layer: using nano_decode
single_token_forward_model: layer 26 ok
single_token_forward_model: running layer 27 kind=2
single_token_forward_model: layer 27 ok
single_token_forward_model: running layer 28 kind=1
linear_op: NVFP4 activation pack options for backbone.layers.28.mixer.in_proj.weight M=1 scale_layout=swizzled_128x4 tensor_scale=fixed:0.016183
linear_op: NVFP4 activation pack options for backbone.layers.28.mixer.out_proj.weight M=1 scale_layout=swizzled_128x4 tensor_scale=fixed:0.0144159
single_token_forward_model: layer 28 ok
single_token_forward_model: running layer 29 kind=2
single_token_forward_model: layer 29 ok
single_token_forward_model: running layer 30 kind=1
linear_op: NVFP4 activation pack options for backbone.layers.30.mixer.in_proj.weight M=1 scale_layout=swizzled_128x4 tensor_scale=fixed:0.0206473
linear_op: NVFP4 activation pack options for backbone.layers.30.mixer.out_proj.weight M=1 scale_layout=swizzled_128x4 tensor_scale=fixed:0.0230655
single_token_forward_model: layer 30 ok
single_token_forward_model: running layer 31 kind=2
single_token_forward_model: layer 31 ok
single_token_forward_model: running layer 32 kind=1
single_token_forward_model: layer 32 ok
single_token_forward_model: running layer 33 kind=0
attention_layer: using nano_decode
single_token_forward_model: layer 33 ok
single_token_forward_model: running layer 34 kind=2
single_token_forward_model: layer 34 ok
single_token_forward_model: running layer 35 kind=1
linear_op: NVFP4 activation pack options for backbone.layers.35.mixer.in_proj.weight M=1 scale_layout=swizzled_128x4 tensor_scale=fixed:0.0179501
linear_op: NVFP4 activation pack options for backbone.layers.35.mixer.out_proj.weight M=1 scale_layout=swizzled_128x4 tensor_scale=fixed:0.0580357
single_token_forward_model: layer 35 ok
single_token_forward_model: running layer 36 kind=2
single_token_forward_model: layer 36 ok
single_token_forward_model: running layer 37 kind=1
linear_op: NVFP4 activation pack options for backbone.layers.37.mixer.in_proj.weight M=1 scale_layout=swizzled_128x4 tensor_scale=fixed:0.0127418
linear_op: NVFP4 activation pack options for backbone.layers.37.mixer.out_proj.weight M=1 scale_layout=swizzled_128x4 tensor_scale=fixed:0.0448289
single_token_forward_model: layer 37 ok
single_token_forward_model: running layer 38 kind=2
single_token_forward_model: layer 38 ok
single_token_forward_model: running layer 39 kind=1
linear_op: NVFP4 activation pack options for backbone.layers.39.mixer.in_proj.weight M=1 scale_layout=swizzled_128x4 tensor_scale=fixed:0.0235305
linear_op: NVFP4 activation pack options for backbone.layers.39.mixer.out_proj.weight M=1 scale_layout=swizzled_128x4 tensor_scale=fixed:0.0349702
single_token_forward_model: layer 39 ok
single_token_forward_model: running layer 40 kind=2
single_token_forward_model: layer 40 ok
single_token_forward_model: running layer 41 kind=1
single_token_forward_model: layer 41 ok
single_token_forward_model: running layer 42 kind=0
attention_layer: using nano_decode
single_token_forward_model: layer 42 ok
single_token_forward_model: running layer 43 kind=2
single_token_forward_model: layer 43 ok
single_token_forward_model: running layer 44 kind=1
linear_op: NVFP4 activation pack options for backbone.layers.44.mixer.in_proj.weight M=1 scale_layout=swizzled_128x4 tensor_scale=fixed:0.015625
linear_op: NVFP4 activation pack options for backbone.layers.44.mixer.out_proj.weight M=1 scale_layout=swizzled_128x4 tensor_scale=fixed:0.0729167
single_token_forward_model: layer 44 ok
single_token_forward_model: running layer 45 kind=2
single_token_forward_model: layer 45 ok
single_token_forward_model: running layer 46 kind=1
linear_op: NVFP4 activation pack options for backbone.layers.46.mixer.in_proj.weight M=1 scale_layout=swizzled_128x4 tensor_scale=fixed:0.0178571
linear_op: NVFP4 activation pack options for backbone.layers.46.mixer.out_proj.weight M=1 scale_layout=swizzled_128x4 tensor_scale=fixed:0.0688244
single_token_forward_model: layer 46 ok
single_token_forward_model: running layer 47 kind=2
single_token_forward_model: layer 47 ok
single_token_forward_model: running layer 48 kind=1
linear_op: NVFP4 activation pack options for backbone.layers.48.mixer.in_proj.weight M=1 scale_layout=swizzled_128x4 tensor_scale=fixed:0.0217634
linear_op: NVFP4 activation pack options for backbone.layers.48.mixer.out_proj.weight M=1 scale_layout=swizzled_128x4 tensor_scale=fixed:0.127232
single_token_forward_model: layer 48 ok
single_token_forward_model: running layer 49 kind=2
single_token_forward_model: layer 49 ok
single_token_forward_model: running layer 50 kind=1
linear_op: NVFP4 activation pack options for backbone.layers.50.mixer.in_proj.weight M=1 scale_layout=swizzled_128x4 tensor_scale=fixed:0.0262277
linear_op: NVFP4 activation pack options for backbone.layers.50.mixer.out_proj.weight M=1 scale_layout=swizzled_128x4 tensor_scale=fixed:0.203869
single_token_forward_model: layer 50 ok
single_token_forward_model: running layer 51 kind=2
single_token_forward_model: layer 51 ok
single_token_forward_model: lm_head ok
single_token_forward_model: embedding lookup ok for 1 token(s)
single_token_forward_model: running layer 0 kind=1
linear_op: NVFP4 activation pack options for backbone.layers.0.mixer.in_proj.weight M=1 scale_layout=swizzled_128x4 tensor_scale=fixed:0.0164621
linear_op: NVFP4 activation pack options for backbone.layers.0.mixer.out_proj.weight M=1 scale_layout=swizzled_128x4 tensor_scale=fixed:0.00124395
single_token_forward_model: layer 0 ok
single_token_forward_model: running layer 1 kind=2
single_token_forward_model: layer 1 ok
single_token_forward_model: running layer 2 kind=1
linear_op: NVFP4 activation pack options for backbone.layers.2.mixer.in_proj.weight M=1 scale_layout=swizzled_128x4 tensor_scale=fixed:0.031994
linear_op: NVFP4 activation pack options for backbone.layers.2.mixer.out_proj.weight M=1 scale_layout=swizzled_128x4 tensor_scale=fixed:0.00180199
single_token_forward_model: layer 2 ok
single_token_forward_model: running layer 3 kind=2
single_token_forward_model: layer 3 ok
single_token_forward_model: running layer 4 kind=1
single_token_forward_model: layer 4 ok
single_token_forward_model: running layer 5 kind=0
attention_layer: using nano_decode
single_token_forward_model: layer 5 ok
single_token_forward_model: running layer 6 kind=2
single_token_forward_model: layer 6 ok
single_token_forward_model: running layer 7 kind=1
linear_op: NVFP4 activation pack options for backbone.layers.7.mixer.in_proj.weight M=1 scale_layout=swizzled_128x4 tensor_scale=fixed:0.0256696
linear_op: NVFP4 activation pack options for backbone.layers.7.mixer.out_proj.weight M=1 scale_layout=swizzled_128x4 tensor_scale=fixed:0.00240653
single_token_forward_model: layer 7 ok
single_token_forward_model: running layer 8 kind=2
single_token_forward_model: layer 8 ok
single_token_forward_model: running layer 9 kind=1
linear_op: NVFP4 activation pack options for backbone.layers.9.mixer.in_proj.weight M=1 scale_layout=swizzled_128x4 tensor_scale=fixed:0.0121838
linear_op: NVFP4 activation pack options for backbone.layers.9.mixer.out_proj.weight M=1 scale_layout=swizzled_128x4 tensor_scale=fixed:0.00353423
single_token_forward_model: layer 9 ok
single_token_forward_model: running layer 10 kind=2
single_token_forward_model: layer 10 ok
single_token_forward_model: running layer 11 kind=1
single_token_forward_model: layer 11 ok
single_token_forward_model: running layer 12 kind=0
attention_layer: using nano_decode
single_token_forward_model: layer 12 ok
single_token_forward_model: running layer 13 kind=2
single_token_forward_model: layer 13 ok
single_token_forward_model: running layer 14 kind=1
linear_op: NVFP4 activation pack options for backbone.layers.14.mixer.in_proj.weight M=1 scale_layout=swizzled_128x4 tensor_scale=fixed:0.0195312
linear_op: NVFP4 activation pack options for backbone.layers.14.mixer.out_proj.weight M=1 scale_layout=swizzled_128x4 tensor_scale=fixed:0.00767299
single_token_forward_model: layer 14 ok
single_token_forward_model: running layer 15 kind=2
single_token_forward_model: layer 15 ok
single_token_forward_model: running layer 16 kind=1
linear_op: NVFP4 activation pack options for backbone.layers.16.mixer.in_proj.weight M=1 scale_layout=swizzled_128x4 tensor_scale=fixed:0.0177641
linear_op: NVFP4 activation pack options for backbone.layers.16.mixer.out_proj.weight M=1 scale_layout=swizzled_128x4 tensor_scale=fixed:0.00595238
single_token_forward_model: layer 16 ok
single_token_forward_model: running layer 17 kind=2
single_token_forward_model: layer 17 ok
single_token_forward_model: running layer 18 kind=1
single_token_forward_model: layer 18 ok
single_token_forward_model: running layer 19 kind=0
attention_layer: using nano_decode
single_token_forward_model: layer 19 ok
single_token_forward_model: running layer 20 kind=2
single_token_forward_model: layer 20 ok
single_token_forward_model: running layer 21 kind=1
linear_op: NVFP4 activation pack options for backbone.layers.21.mixer.in_proj.weight M=1 scale_layout=swizzled_128x4 tensor_scale=fixed:0.0166481
linear_op: NVFP4 activation pack options for backbone.layers.21.mixer.out_proj.weight M=1 scale_layout=swizzled_128x4 tensor_scale=fixed:0.0100911
single_token_forward_model: layer 21 ok
single_token_forward_model: running layer 22 kind=2
single_token_forward_model: layer 22 ok
single_token_forward_model: running layer 23 kind=1
linear_op: NVFP4 activation pack options for backbone.layers.23.mixer.in_proj.weight M=1 scale_layout=swizzled_128x4 tensor_scale=fixed:0.016369
linear_op: NVFP4 activation pack options for backbone.layers.23.mixer.out_proj.weight M=1 scale_layout=swizzled_128x4 tensor_scale=fixed:0.0143229
single_token_forward_model: layer 23 ok
single_token_forward_model: running layer 24 kind=2
single_token_forward_model: layer 24 ok
single_token_forward_model: running layer 25 kind=1
single_token_forward_model: layer 25 ok
single_token_forward_model: running layer 26 kind=0
attention_layer: using nano_decode
single_token_forward_model: layer 26 ok
single_token_forward_model: running layer 27 kind=2
single_token_forward_model: layer 27 ok
single_token_forward_model: running layer 28 kind=1
linear_op: NVFP4 activation pack options for backbone.layers.28.mixer.in_proj.weight M=1 scale_layout=swizzled_128x4 tensor_scale=fixed:0.016183
linear_op: NVFP4 activation pack options for backbone.layers.28.mixer.out_proj.weight M=1 scale_layout=swizzled_128x4 tensor_scale=fixed:0.0144159
single_token_forward_model: layer 28 ok
single_token_forward_model: running layer 29 kind=2
single_token_forward_model: layer 29 ok
single_token_forward_model: running layer 30 kind=1
linear_op: NVFP4 activation pack options for backbone.layers.30.mixer.in_proj.weight M=1 scale_layout=swizzled_128x4 tensor_scale=fixed:0.0206473
linear_op: NVFP4 activation pack options for backbone.layers.30.mixer.out_proj.weight M=1 scale_layout=swizzled_128x4 tensor_scale=fixed:0.0230655
single_token_forward_model: layer 30 ok
single_token_forward_model: running layer 31 kind=2
single_token_forward_model: layer 31 ok
single_token_forward_model: running layer 32 kind=1
single_token_forward_model: layer 32 ok
single_token_forward_model: running layer 33 kind=0
attention_layer: using nano_decode
single_token_forward_model: layer 33 ok
single_token_forward_model: running layer 34 kind=2
single_token_forward_model: layer 34 ok
single_token_forward_model: running layer 35 kind=1
linear_op: NVFP4 activation pack options for backbone.layers.35.mixer.in_proj.weight M=1 scale_layout=swizzled_128x4 tensor_scale=fixed:0.0179501
linear_op: NVFP4 activation pack options for backbone.layers.35.mixer.out_proj.weight M=1 scale_layout=swizzled_128x4 tensor_scale=fixed:0.0580357
single_token_forward_model: layer 35 ok
single_token_forward_model: running layer 36 kind=2
single_token_forward_model: layer 36 ok
single_token_forward_model: running layer 37 kind=1
linear_op: NVFP4 activation pack options for backbone.layers.37.mixer.in_proj.weight M=1 scale_layout=swizzled_128x4 tensor_scale=fixed:0.0127418
linear_op: NVFP4 activation pack options for backbone.layers.37.mixer.out_proj.weight M=1 scale_layout=swizzled_128x4 tensor_scale=fixed:0.0448289
single_token_forward_model: layer 37 ok
single_token_forward_model: running layer 38 kind=2
single_token_forward_model: layer 38 ok
single_token_forward_model: running layer 39 kind=1
linear_op: NVFP4 activation pack options for backbone.layers.39.mixer.in_proj.weight M=1 scale_layout=swizzled_128x4 tensor_scale=fixed:0.0235305
linear_op: NVFP4 activation pack options for backbone.layers.39.mixer.out_proj.weight M=1 scale_layout=swizzled_128x4 tensor_scale=fixed:0.0349702
single_token_forward_model: layer 39 ok
single_token_forward_model: running layer 40 kind=2
single_token_forward_model: layer 40 ok
single_token_forward_model: running layer 41 kind=1
single_token_forward_model: layer 41 ok
single_token_forward_model: running layer 42 kind=0
attention_layer: using nano_decode
single_token_forward_model: layer 42 ok
single_token_forward_model: running layer 43 kind=2
single_token_forward_model: layer 43 ok
single_token_forward_model: running layer 44 kind=1
linear_op: NVFP4 activation pack options for backbone.layers.44.mixer.in_proj.weight M=1 scale_layout=swizzled_128x4 tensor_scale=fixed:0.015625
linear_op: NVFP4 activation pack options for backbone.layers.44.mixer.out_proj.weight M=1 scale_layout=swizzled_128x4 tensor_scale=fixed:0.0729167
single_token_forward_model: layer 44 ok
single_token_forward_model: running layer 45 kind=2
single_token_forward_model: layer 45 ok
single_token_forward_model: running layer 46 kind=1
linear_op: NVFP4 activation pack options for backbone.layers.46.mixer.in_proj.weight M=1 scale_layout=swizzled_128x4 tensor_scale=fixed:0.0178571
linear_op: NVFP4 activation pack options for backbone.layers.46.mixer.out_proj.weight M=1 scale_layout=swizzled_128x4 tensor_scale=fixed:0.0688244
single_token_forward_model: layer 46 ok
single_token_forward_model: running layer 47 kind=2
single_token_forward_model: layer 47 ok
single_token_forward_model: running layer 48 kind=1
linear_op: NVFP4 activation pack options for backbone.layers.48.mixer.in_proj.weight M=1 scale_layout=swizzled_128x4 tensor_scale=fixed:0.0217634
linear_op: NVFP4 activation pack options for backbone.layers.48.mixer.out_proj.weight M=1 scale_layout=swizzled_128x4 tensor_scale=fixed:0.127232
single_token_forward_model: layer 48 ok
single_token_forward_model: running layer 49 kind=2
single_token_forward_model: layer 49 ok
single_token_forward_model: running layer 50 kind=1
linear_op: NVFP4 activation pack options for backbone.layers.50.mixer.in_proj.weight M=1 scale_layout=swizzled_128x4 tensor_scale=fixed:0.0262277
linear_op: NVFP4 activation pack options for backbone.layers.50.mixer.out_proj.weight M=1 scale_layout=swizzled_128x4 tensor_scale=fixed:0.203869
single_token_forward_model: layer 50 ok
single_token_forward_model: running layer 51 kind=2
single_token_forward_model: layer 51 ok
single_token_forward_model: lm_head ok
single_token_forward_model: embedding lookup ok for 1 token(s)
single_token_forward_model: running layer 0 kind=1
linear_op: NVFP4 activation pack options for backbone.layers.0.mixer.in_proj.weight M=1 scale_layout=swizzled_128x4 tensor_scale=fixed:0.0164621
linear_op: NVFP4 activation pack options for backbone.layers.0.mixer.out_proj.weight M=1 scale_layout=swizzled_128x4 tensor_scale=fixed:0.00124395
single_token_forward_model: layer 0 ok
single_token_forward_model: running layer 1 kind=2
single_token_forward_model: layer 1 ok
single_token_forward_model: running layer 2 kind=1
linear_op: NVFP4 activation pack options for backbone.layers.2.mixer.in_proj.weight M=1 scale_layout=swizzled_128x4 tensor_scale=fixed:0.031994
linear_op: NVFP4 activation pack options for backbone.layers.2.mixer.out_proj.weight M=1 scale_layout=swizzled_128x4 tensor_scale=fixed:0.00180199
single_token_forward_model: layer 2 ok
single_token_forward_model: running layer 3 kind=2
single_token_forward_model: layer 3 ok
single_token_forward_model: running layer 4 kind=1
single_token_forward_model: layer 4 ok
single_token_forward_model: running layer 5 kind=0
attention_layer: using nano_decode
single_token_forward_model: layer 5 ok
single_token_forward_model: running layer 6 kind=2
single_token_forward_model: layer 6 ok
single_token_forward_model: running layer 7 kind=1
linear_op: NVFP4 activation pack options for backbone.layers.7.mixer.in_proj.weight M=1 scale_layout=swizzled_128x4 tensor_scale=fixed:0.0256696
linear_op: NVFP4 activation pack options for backbone.layers.7.mixer.out_proj.weight M=1 scale_layout=swizzled_128x4 tensor_scale=fixed:0.00240653
single_token_forward_model: layer 7 ok
single_token_forward_model: running layer 8 kind=2
single_token_forward_model: layer 8 ok
single_token_forward_model: running layer 9 kind=1
linear_op: NVFP4 activation pack options for backbone.layers.9.mixer.in_proj.weight M=1 scale_layout=swizzled_128x4 tensor_scale=fixed:0.0121838
linear_op: NVFP4 activation pack options for backbone.layers.9.mixer.out_proj.weight M=1 scale_layout=swizzled_128x4 tensor_scale=fixed:0.00353423
single_token_forward_model: layer 9 ok
single_token_forward_model: running layer 10 kind=2
single_token_forward_model: layer 10 ok
single_token_forward_model: running layer 11 kind=1
single_token_forward_model: layer 11 ok
single_token_forward_model: running layer 12 kind=0
attention_layer: using nano_decode
single_token_forward_model: layer 12 ok
single_token_forward_model: running layer 13 kind=2
single_token_forward_model: layer 13 ok
single_token_forward_model: running layer 14 kind=1
linear_op: NVFP4 activation pack options for backbone.layers.14.mixer.in_proj.weight M=1 scale_layout=swizzled_128x4 tensor_scale=fixed:0.0195312
linear_op: NVFP4 activation pack options for backbone.layers.14.mixer.out_proj.weight M=1 scale_layout=swizzled_128x4 tensor_scale=fixed:0.00767299
single_token_forward_model: layer 14 ok
single_token_forward_model: running layer 15 kind=2
single_token_forward_model: layer 15 ok
single_token_forward_model: running layer 16 kind=1
linear_op: NVFP4 activation pack options for backbone.layers.16.mixer.in_proj.weight M=1 scale_layout=swizzled_128x4 tensor_scale=fixed:0.0177641
linear_op: NVFP4 activation pack options for backbone.layers.16.mixer.out_proj.weight M=1 scale_layout=swizzled_128x4 tensor_scale=fixed:0.00595238
single_token_forward_model: layer 16 ok
single_token_forward_model: running layer 17 kind=2
single_token_forward_model: layer 17 ok
single_token_forward_model: running layer 18 kind=1
single_token_forward_model: layer 18 ok
single_token_forward_model: running layer 19 kind=0
attention_layer: using nano_decode
single_token_forward_model: layer 19 ok
single_token_forward_model: running layer 20 kind=2
single_token_forward_model: layer 20 ok
single_token_forward_model: running layer 21 kind=1
linear_op: NVFP4 activation pack options for backbone.layers.21.mixer.in_proj.weight M=1 scale_layout=swizzled_128x4 tensor_scale=fixed:0.0166481
linear_op: NVFP4 activation pack options for backbone.layers.21.mixer.out_proj.weight M=1 scale_layout=swizzled_128x4 tensor_scale=fixed:0.0100911
single_token_forward_model: layer 21 ok
single_token_forward_model: running layer 22 kind=2
single_token_forward_model: layer 22 ok
single_token_forward_model: running layer 23 kind=1
linear_op: NVFP4 activation pack options for backbone.layers.23.mixer.in_proj.weight M=1 scale_layout=swizzled_128x4 tensor_scale=fixed:0.016369
linear_op: NVFP4 activation pack options for backbone.layers.23.mixer.out_proj.weight M=1 scale_layout=swizzled_128x4 tensor_scale=fixed:0.0143229
single_token_forward_model: layer 23 ok
single_token_forward_model: running layer 24 kind=2
single_token_forward_model: layer 24 ok
single_token_forward_model: running layer 25 kind=1
single_token_forward_model: layer 25 ok
single_token_forward_model: running layer 26 kind=0
attention_layer: using nano_decode
single_token_forward_model: layer 26 ok
single_token_forward_model: running layer 27 kind=2
single_token_forward_model: layer 27 ok
single_token_forward_model: running layer 28 kind=1
linear_op: NVFP4 activation pack options for backbone.layers.28.mixer.in_proj.weight M=1 scale_layout=swizzled_128x4 tensor_scale=fixed:0.016183
linear_op: NVFP4 activation pack options for backbone.layers.28.mixer.out_proj.weight M=1 scale_layout=swizzled_128x4 tensor_scale=fixed:0.0144159
single_token_forward_model: layer 28 ok
single_token_forward_model: running layer 29 kind=2
single_token_forward_model: layer 29 ok
single_token_forward_model: running layer 30 kind=1
linear_op: NVFP4 activation pack options for backbone.layers.30.mixer.in_proj.weight M=1 scale_layout=swizzled_128x4 tensor_scale=fixed:0.0206473
linear_op: NVFP4 activation pack options for backbone.layers.30.mixer.out_proj.weight M=1 scale_layout=swizzled_128x4 tensor_scale=fixed:0.0230655
single_token_forward_model: layer 30 ok
single_token_forward_model: running layer 31 kind=2
single_token_forward_model: layer 31 ok
single_token_forward_model: running layer 32 kind=1
single_token_forward_model: layer 32 ok
single_token_forward_model: running layer 33 kind=0
attention_layer: using nano_decode
single_token_forward_model: layer 33 ok
single_token_forward_model: running layer 34 kind=2
single_token_forward_model: layer 34 ok
single_token_forward_model: running layer 35 kind=1
linear_op: NVFP4 activation pack options for backbone.layers.35.mixer.in_proj.weight M=1 scale_layout=swizzled_128x4 tensor_scale=fixed:0.0179501
linear_op: NVFP4 activation pack options for backbone.layers.35.mixer.out_proj.weight M=1 scale_layout=swizzled_128x4 tensor_scale=fixed:0.0580357
single_token_forward_model: layer 35 ok
single_token_forward_model: running layer 36 kind=2
single_token_forward_model: layer 36 ok
single_token_forward_model: running layer 37 kind=1
linear_op: NVFP4 activation pack options for backbone.layers.37.mixer.in_proj.weight M=1 scale_layout=swizzled_128x4 tensor_scale=fixed:0.0127418
linear_op: NVFP4 activation pack options for backbone.layers.37.mixer.out_proj.weight M=1 scale_layout=swizzled_128x4 tensor_scale=fixed:0.0448289
single_token_forward_model: layer 37 ok
single_token_forward_model: running layer 38 kind=2
single_token_forward_model: layer 38 ok
single_token_forward_model: running layer 39 kind=1
linear_op: NVFP4 activation pack options for backbone.layers.39.mixer.in_proj.weight M=1 scale_layout=swizzled_128x4 tensor_scale=fixed:0.0235305
linear_op: NVFP4 activation pack options for backbone.layers.39.mixer.out_proj.weight M=1 scale_layout=swizzled_128x4 tensor_scale=fixed:0.0349702
single_token_forward_model: layer 39 ok
single_token_forward_model: running layer 40 kind=2
single_token_forward_model: layer 40 ok
single_token_forward_model: running layer 41 kind=1
single_token_forward_model: layer 41 ok
single_token_forward_model: running layer 42 kind=0
attention_layer: using nano_decode
single_token_forward_model: layer 42 ok
single_token_forward_model: running layer 43 kind=2
single_token_forward_model: layer 43 ok
single_token_forward_model: running layer 44 kind=1
linear_op: NVFP4 activation pack options for backbone.layers.44.mixer.in_proj.weight M=1 scale_layout=swizzled_128x4 tensor_scale=fixed:0.015625
linear_op: NVFP4 activation pack options for backbone.layers.44.mixer.out_proj.weight M=1 scale_layout=swizzled_128x4 tensor_scale=fixed:0.0729167
single_token_forward_model: layer 44 ok
single_token_forward_model: running layer 45 kind=2
single_token_forward_model: layer 45 ok
single_token_forward_model: running layer 46 kind=1
linear_op: NVFP4 activation pack options for backbone.layers.46.mixer.in_proj.weight M=1 scale_layout=swizzled_128x4 tensor_scale=fixed:0.0178571
linear_op: NVFP4 activation pack options for backbone.layers.46.mixer.out_proj.weight M=1 scale_layout=swizzled_128x4 tensor_scale=fixed:0.0688244
single_token_forward_model: layer 46 ok
single_token_forward_model: running layer 47 kind=2
single_token_forward_model: layer 47 ok
single_token_forward_model: running layer 48 kind=1
linear_op: NVFP4 activation pack options for backbone.layers.48.mixer.in_proj.weight M=1 scale_layout=swizzled_128x4 tensor_scale=fixed:0.0217634
linear_op: NVFP4 activation pack options for backbone.layers.48.mixer.out_proj.weight M=1 scale_layout=swizzled_128x4 tensor_scale=fixed:0.127232
single_token_forward_model: layer 48 ok
single_token_forward_model: running layer 49 kind=2
single_token_forward_model: layer 49 ok
single_token_forward_model: running layer 50 kind=1
linear_op: NVFP4 activation pack options for backbone.layers.50.mixer.in_proj.weight M=1 scale_layout=swizzled_128x4 tensor_scale=fixed:0.0262277
linear_op: NVFP4 activation pack options for backbone.layers.50.mixer.out_proj.weight M=1 scale_layout=swizzled_128x4 tensor_scale=fixed:0.203869
single_token_forward_model: layer 50 ok
single_token_forward_model: running layer 51 kind=2
single_token_forward_model: layer 51 ok
single_token_forward_model: lm_head ok
single_token_forward_model: embedding lookup ok for 1 token(s)
single_token_forward_model: running layer 0 kind=1
linear_op: NVFP4 activation pack options for backbone.layers.0.mixer.in_proj.weight M=1 scale_layout=swizzled_128x4 tensor_scale=fixed:0.0164621
linear_op: NVFP4 activation pack options for backbone.layers.0.mixer.out_proj.weight M=1 scale_layout=swizzled_128x4 tensor_scale=fixed:0.00124395
single_token_forward_model: layer 0 ok
single_token_forward_model: running layer 1 kind=2
single_token_forward_model: layer 1 ok
single_token_forward_model: running layer 2 kind=1
linear_op: NVFP4 activation pack options for backbone.layers.2.mixer.in_proj.weight M=1 scale_layout=swizzled_128x4 tensor_scale=fixed:0.031994
linear_op: NVFP4 activation pack options for backbone.layers.2.mixer.out_proj.weight M=1 scale_layout=swizzled_128x4 tensor_scale=fixed:0.00180199
single_token_forward_model: layer 2 ok
single_token_forward_model: running layer 3 kind=2
single_token_forward_model: layer 3 ok
single_token_forward_model: running layer 4 kind=1
single_token_forward_model: layer 4 ok
single_token_forward_model: running layer 5 kind=0
attention_layer: using nano_decode
single_token_forward_model: layer 5 ok
single_token_forward_model: running layer 6 kind=2
single_token_forward_model: layer 6 ok
single_token_forward_model: running layer 7 kind=1
linear_op: NVFP4 activation pack options for backbone.layers.7.mixer.in_proj.weight M=1 scale_layout=swizzled_128x4 tensor_scale=fixed:0.0256696
linear_op: NVFP4 activation pack options for backbone.layers.7.mixer.out_proj.weight M=1 scale_layout=swizzled_128x4 tensor_scale=fixed:0.00240653
single_token_forward_model: layer 7 ok
single_token_forward_model: running layer 8 kind=2
single_token_forward_model: layer 8 ok
single_token_forward_model: running layer 9 kind=1
linear_op: NVFP4 activation pack options for backbone.layers.9.mixer.in_proj.weight M=1 scale_layout=swizzled_128x4 tensor_scale=fixed:0.0121838
linear_op: NVFP4 activation pack options for backbone.layers.9.mixer.out_proj.weight M=1 scale_layout=swizzled_128x4 tensor_scale=fixed:0.00353423
single_token_forward_model: layer 9 ok
single_token_forward_model: running layer 10 kind=2
single_token_forward_model: layer 10 ok
single_token_forward_model: running layer 11 kind=1
single_token_forward_model: layer 11 ok
single_token_forward_model: running layer 12 kind=0
attention_layer: using nano_decode
single_token_forward_model: layer 12 ok
single_token_forward_model: running layer 13 kind=2
single_token_forward_model: layer 13 ok
single_token_forward_model: running layer 14 kind=1
linear_op: NVFP4 activation pack options for backbone.layers.14.mixer.in_proj.weight M=1 scale_layout=swizzled_128x4 tensor_scale=fixed:0.0195312
linear_op: NVFP4 activation pack options for backbone.layers.14.mixer.out_proj.weight M=1 scale_layout=swizzled_128x4 tensor_scale=fixed:0.00767299
single_token_forward_model: layer 14 ok
single_token_forward_model: running layer 15 kind=2
single_token_forward_model: layer 15 ok
single_token_forward_model: running layer 16 kind=1
linear_op: NVFP4 activation pack options for backbone.layers.16.mixer.in_proj.weight M=1 scale_layout=swizzled_128x4 tensor_scale=fixed:0.0177641
linear_op: NVFP4 activation pack options for backbone.layers.16.mixer.out_proj.weight M=1 scale_layout=swizzled_128x4 tensor_scale=fixed:0.00595238
single_token_forward_model: layer 16 ok
single_token_forward_model: running layer 17 kind=2
single_token_forward_model: layer 17 ok
single_token_forward_model: running layer 18 kind=1
single_token_forward_model: layer 18 ok
single_token_forward_model: running layer 19 kind=0
attention_layer: using nano_decode
single_token_forward_model: layer 19 ok
single_token_forward_model: running layer 20 kind=2
single_token_forward_model: layer 20 ok
single_token_forward_model: running layer 21 kind=1
linear_op: NVFP4 activation pack options for backbone.layers.21.mixer.in_proj.weight M=1 scale_layout=swizzled_128x4 tensor_scale=fixed:0.0166481
linear_op: NVFP4 activation pack options for backbone.layers.21.mixer.out_proj.weight M=1 scale_layout=swizzled_128x4 tensor_scale=fixed:0.0100911
single_token_forward_model: layer 21 ok
single_token_forward_model: running layer 22 kind=2
single_token_forward_model: layer 22 ok
single_token_forward_model: running layer 23 kind=1
linear_op: NVFP4 activation pack options for backbone.layers.23.mixer.in_proj.weight M=1 scale_layout=swizzled_128x4 tensor_scale=fixed:0.016369
linear_op: NVFP4 activation pack options for backbone.layers.23.mixer.out_proj.weight M=1 scale_layout=swizzled_128x4 tensor_scale=fixed:0.0143229
single_token_forward_model: layer 23 ok
single_token_forward_model: running layer 24 kind=2
single_token_forward_model: layer 24 ok
single_token_forward_model: running layer 25 kind=1
single_token_forward_model: layer 25 ok
single_token_forward_model: running layer 26 kind=0
attention_layer: using nano_decode
single_token_forward_model: layer 26 ok
single_token_forward_model: running layer 27 kind=2
single_token_forward_model: layer 27 ok
single_token_forward_model: running layer 28 kind=1
linear_op: NVFP4 activation pack options for backbone.layers.28.mixer.in_proj.weight M=1 scale_layout=swizzled_128x4 tensor_scale=fixed:0.016183
linear_op: NVFP4 activation pack options for backbone.layers.28.mixer.out_proj.weight M=1 scale_layout=swizzled_128x4 tensor_scale=fixed:0.0144159
single_token_forward_model: layer 28 ok
single_token_forward_model: running layer 29 kind=2
single_token_forward_model: layer 29 ok
single_token_forward_model: running layer 30 kind=1
linear_op: NVFP4 activation pack options for backbone.layers.30.mixer.in_proj.weight M=1 scale_layout=swizzled_128x4 tensor_scale=fixed:0.0206473
linear_op: NVFP4 activation pack options for backbone.layers.30.mixer.out_proj.weight M=1 scale_layout=swizzled_128x4 tensor_scale=fixed:0.0230655
single_token_forward_model: layer 30 ok
single_token_forward_model: running layer 31 kind=2
single_token_forward_model: layer 31 ok
single_token_forward_model: running layer 32 kind=1
single_token_forward_model: layer 32 ok
single_token_forward_model: running layer 33 kind=0
attention_layer: using nano_decode
single_token_forward_model: layer 33 ok
single_token_forward_model: running layer 34 kind=2
single_token_forward_model: layer 34 ok
single_token_forward_model: running layer 35 kind=1
linear_op: NVFP4 activation pack options for backbone.layers.35.mixer.in_proj.weight M=1 scale_layout=swizzled_128x4 tensor_scale=fixed:0.0179501
linear_op: NVFP4 activation pack options for backbone.layers.35.mixer.out_proj.weight M=1 scale_layout=swizzled_128x4 tensor_scale=fixed:0.0580357
single_token_forward_model: layer 35 ok
single_token_forward_model: running layer 36 kind=2
single_token_forward_model: layer 36 ok
single_token_forward_model: running layer 37 kind=1
linear_op: NVFP4 activation pack options for backbone.layers.37.mixer.in_proj.weight M=1 scale_layout=swizzled_128x4 tensor_scale=fixed:0.0127418
linear_op: NVFP4 activation pack options for backbone.layers.37.mixer.out_proj.weight M=1 scale_layout=swizzled_128x4 tensor_scale=fixed:0.0448289
single_token_forward_model: layer 37 ok
single_token_forward_model: running layer 38 kind=2
single_token_forward_model: layer 38 ok
single_token_forward_model: running layer 39 kind=1
linear_op: NVFP4 activation pack options for backbone.layers.39.mixer.in_proj.weight M=1 scale_layout=swizzled_128x4 tensor_scale=fixed:0.0235305
linear_op: NVFP4 activation pack options for backbone.layers.39.mixer.out_proj.weight M=1 scale_layout=swizzled_128x4 tensor_scale=fixed:0.0349702
single_token_forward_model: layer 39 ok
single_token_forward_model: running layer 40 kind=2
single_token_forward_model: layer 40 ok
single_token_forward_model: running layer 41 kind=1
single_token_forward_model: layer 41 ok
single_token_forward_model: running layer 42 kind=0
attention_layer: using nano_decode
single_token_forward_model: layer 42 ok
single_token_forward_model: running layer 43 kind=2
single_token_forward_model: layer 43 ok
single_token_forward_model: running layer 44 kind=1
linear_op: NVFP4 activation pack options for backbone.layers.44.mixer.in_proj.weight M=1 scale_layout=swizzled_128x4 tensor_scale=fixed:0.015625
linear_op: NVFP4 activation pack options for backbone.layers.44.mixer.out_proj.weight M=1 scale_layout=swizzled_128x4 tensor_scale=fixed:0.0729167
single_token_forward_model: layer 44 ok
single_token_forward_model: running layer 45 kind=2
single_token_forward_model: layer 45 ok
single_token_forward_model: running layer 46 kind=1
linear_op: NVFP4 activation pack options for backbone.layers.46.mixer.in_proj.weight M=1 scale_layout=swizzled_128x4 tensor_scale=fixed:0.0178571
linear_op: NVFP4 activation pack options for backbone.layers.46.mixer.out_proj.weight M=1 scale_layout=swizzled_128x4 tensor_scale=fixed:0.0688244
single_token_forward_model: layer 46 ok
single_token_forward_model: running layer 47 kind=2
single_token_forward_model: layer 47 ok
single_token_forward_model: running layer 48 kind=1
linear_op: NVFP4 activation pack options for backbone.layers.48.mixer.in_proj.weight M=1 scale_layout=swizzled_128x4 tensor_scale=fixed:0.0217634
linear_op: NVFP4 activation pack options for backbone.layers.48.mixer.out_proj.weight M=1 scale_layout=swizzled_128x4 tensor_scale=fixed:0.127232
single_token_forward_model: layer 48 ok
single_token_forward_model: running layer 49 kind=2
single_token_forward_model: layer 49 ok
single_token_forward_model: running layer 50 kind=1
linear_op: NVFP4 activation pack options for backbone.layers.50.mixer.in_proj.weight M=1 scale_layout=swizzled_128x4 tensor_scale=fixed:0.0262277
linear_op: NVFP4 activation pack options for backbone.layers.50.mixer.out_proj.weight M=1 scale_layout=swizzled_128x4 tensor_scale=fixed:0.203869
single_token_forward_model: layer 50 ok
single_token_forward_model: running layer 51 kind=2
single_token_forward_model: layer 51 ok
single_token_forward_model: lm_head ok
single_token_forward_model: embedding lookup ok for 1 token(s)
single_token_forward_model: running layer 0 kind=1
linear_op: NVFP4 activation pack options for backbone.layers.0.mixer.in_proj.weight M=1 scale_layout=swizzled_128x4 tensor_scale=fixed:0.0164621
linear_op: NVFP4 activation pack options for backbone.layers.0.mixer.out_proj.weight M=1 scale_layout=swizzled_128x4 tensor_scale=fixed:0.00124395
single_token_forward_model: layer 0 ok
single_token_forward_model: running layer 1 kind=2
single_token_forward_model: layer 1 ok
single_token_forward_model: running layer 2 kind=1
linear_op: NVFP4 activation pack options for backbone.layers.2.mixer.in_proj.weight M=1 scale_layout=swizzled_128x4 tensor_scale=fixed:0.031994
linear_op: NVFP4 activation pack options for backbone.layers.2.mixer.out_proj.weight M=1 scale_layout=swizzled_128x4 tensor_scale=fixed:0.00180199
single_token_forward_model: layer 2 ok
single_token_forward_model: running layer 3 kind=2
single_token_forward_model: layer 3 ok
single_token_forward_model: running layer 4 kind=1
single_token_forward_model: layer 4 ok
single_token_forward_model: running layer 5 kind=0
attention_layer: using nano_decode
single_token_forward_model: layer 5 ok
single_token_forward_model: running layer 6 kind=2
single_token_forward_model: layer 6 ok
single_token_forward_model: running layer 7 kind=1
linear_op: NVFP4 activation pack options for backbone.layers.7.mixer.in_proj.weight M=1 scale_layout=swizzled_128x4 tensor_scale=fixed:0.0256696
linear_op: NVFP4 activation pack options for backbone.layers.7.mixer.out_proj.weight M=1 scale_layout=swizzled_128x4 tensor_scale=fixed:0.00240653
single_token_forward_model: layer 7 ok
single_token_forward_model: running layer 8 kind=2
single_token_forward_model: layer 8 ok
single_token_forward_model: running layer 9 kind=1
linear_op: NVFP4 activation pack options for backbone.layers.9.mixer.in_proj.weight M=1 scale_layout=swizzled_128x4 tensor_scale=fixed:0.0121838
linear_op: NVFP4 activation pack options for backbone.layers.9.mixer.out_proj.weight M=1 scale_layout=swizzled_128x4 tensor_scale=fixed:0.00353423
single_token_forward_model: layer 9 ok
single_token_forward_model: running layer 10 kind=2
single_token_forward_model: layer 10 ok
single_token_forward_model: running layer 11 kind=1
single_token_forward_model: layer 11 ok
single_token_forward_model: running layer 12 kind=0
attention_layer: using nano_decode
single_token_forward_model: layer 12 ok
single_token_forward_model: running layer 13 kind=2
single_token_forward_model: layer 13 ok
single_token_forward_model: running layer 14 kind=1
linear_op: NVFP4 activation pack options for backbone.layers.14.mixer.in_proj.weight M=1 scale_layout=swizzled_128x4 tensor_scale=fixed:0.0195312
linear_op: NVFP4 activation pack options for backbone.layers.14.mixer.out_proj.weight M=1 scale_layout=swizzled_128x4 tensor_scale=fixed:0.00767299
single_token_forward_model: layer 14 ok
single_token_forward_model: running layer 15 kind=2
single_token_forward_model: layer 15 ok
single_token_forward_model: running layer 16 kind=1
linear_op: NVFP4 activation pack options for backbone.layers.16.mixer.in_proj.weight M=1 scale_layout=swizzled_128x4 tensor_scale=fixed:0.0177641
linear_op: NVFP4 activation pack options for backbone.layers.16.mixer.out_proj.weight M=1 scale_layout=swizzled_128x4 tensor_scale=fixed:0.00595238
single_token_forward_model: layer 16 ok
single_token_forward_model: running layer 17 kind=2
single_token_forward_model: layer 17 ok
single_token_forward_model: running layer 18 kind=1
single_token_forward_model: layer 18 ok
single_token_forward_model: running layer 19 kind=0
attention_layer: using nano_decode
single_token_forward_model: layer 19 ok
single_token_forward_model: running layer 20 kind=2
single_token_forward_model: layer 20 ok
single_token_forward_model: running layer 21 kind=1
linear_op: NVFP4 activation pack options for backbone.layers.21.mixer.in_proj.weight M=1 scale_layout=swizzled_128x4 tensor_scale=fixed:0.0166481
linear_op: NVFP4 activation pack options for backbone.layers.21.mixer.out_proj.weight M=1 scale_layout=swizzled_128x4 tensor_scale=fixed:0.0100911
single_token_forward_model: layer 21 ok
single_token_forward_model: running layer 22 kind=2
single_token_forward_model: layer 22 ok
single_token_forward_model: running layer 23 kind=1
linear_op: NVFP4 activation pack options for backbone.layers.23.mixer.in_proj.weight M=1 scale_layout=swizzled_128x4 tensor_scale=fixed:0.016369
linear_op: NVFP4 activation pack options for backbone.layers.23.mixer.out_proj.weight M=1 scale_layout=swizzled_128x4 tensor_scale=fixed:0.0143229
single_token_forward_model: layer 23 ok
single_token_forward_model: running layer 24 kind=2
single_token_forward_model: layer 24 ok
single_token_forward_model: running layer 25 kind=1
single_token_forward_model: layer 25 ok
single_token_forward_model: running layer 26 kind=0
attention_layer: using nano_decode
single_token_forward_model: layer 26 ok
single_token_forward_model: running layer 27 kind=2
single_token_forward_model: layer 27 ok
single_token_forward_model: running layer 28 kind=1
linear_op: NVFP4 activation pack options for backbone.layers.28.mixer.in_proj.weight M=1 scale_layout=swizzled_128x4 tensor_scale=fixed:0.016183
linear_op: NVFP4 activation pack options for backbone.layers.28.mixer.out_proj.weight M=1 scale_layout=swizzled_128x4 tensor_scale=fixed:0.0144159
single_token_forward_model: layer 28 ok
single_token_forward_model: running layer 29 kind=2
single_token_forward_model: layer 29 ok
single_token_forward_model: running layer 30 kind=1
linear_op: NVFP4 activation pack options for backbone.layers.30.mixer.in_proj.weight M=1 scale_layout=swizzled_128x4 tensor_scale=fixed:0.0206473
linear_op: NVFP4 activation pack options for backbone.layers.30.mixer.out_proj.weight M=1 scale_layout=swizzled_128x4 tensor_scale=fixed:0.0230655
single_token_forward_model: layer 30 ok
single_token_forward_model: running layer 31 kind=2
single_token_forward_model: layer 31 ok
single_token_forward_model: running layer 32 kind=1
single_token_forward_model: layer 32 ok
single_token_forward_model: running layer 33 kind=0
attention_layer: using nano_decode
single_token_forward_model: layer 33 ok
single_token_forward_model: running layer 34 kind=2
single_token_forward_model: layer 34 ok
single_token_forward_model: running layer 35 kind=1
linear_op: NVFP4 activation pack options for backbone.layers.35.mixer.in_proj.weight M=1 scale_layout=swizzled_128x4 tensor_scale=fixed:0.0179501
linear_op: NVFP4 activation pack options for backbone.layers.35.mixer.out_proj.weight M=1 scale_layout=swizzled_128x4 tensor_scale=fixed:0.0580357
single_token_forward_model: layer 35 ok
single_token_forward_model: running layer 36 kind=2
single_token_forward_model: layer 36 ok
single_token_forward_model: running layer 37 kind=1
linear_op: NVFP4 activation pack options for backbone.layers.37.mixer.in_proj.weight M=1 scale_layout=swizzled_128x4 tensor_scale=fixed:0.0127418
linear_op: NVFP4 activation pack options for backbone.layers.37.mixer.out_proj.weight M=1 scale_layout=swizzled_128x4 tensor_scale=fixed:0.0448289
single_token_forward_model: layer 37 ok
single_token_forward_model: running layer 38 kind=2
single_token_forward_model: layer 38 ok
single_token_forward_model: running layer 39 kind=1
linear_op: NVFP4 activation pack options for backbone.layers.39.mixer.in_proj.weight M=1 scale_layout=swizzled_128x4 tensor_scale=fixed:0.0235305
linear_op: NVFP4 activation pack options for backbone.layers.39.mixer.out_proj.weight M=1 scale_layout=swizzled_128x4 tensor_scale=fixed:0.0349702
single_token_forward_model: layer 39 ok
single_token_forward_model: running layer 40 kind=2
single_token_forward_model: layer 40 ok
single_token_forward_model: running layer 41 kind=1
single_token_forward_model: layer 41 ok
single_token_forward_model: running layer 42 kind=0
attention_layer: using nano_decode
single_token_forward_model: layer 42 ok
single_token_forward_model: running layer 43 kind=2
single_token_forward_model: layer 43 ok
single_token_forward_model: running layer 44 kind=1
linear_op: NVFP4 activation pack options for backbone.layers.44.mixer.in_proj.weight M=1 scale_layout=swizzled_128x4 tensor_scale=fixed:0.015625
linear_op: NVFP4 activation pack options for backbone.layers.44.mixer.out_proj.weight M=1 scale_layout=swizzled_128x4 tensor_scale=fixed:0.0729167
single_token_forward_model: layer 44 ok
single_token_forward_model: running layer 45 kind=2
single_token_forward_model: layer 45 ok
single_token_forward_model: running layer 46 kind=1
linear_op: NVFP4 activation pack options for backbone.layers.46.mixer.in_proj.weight M=1 scale_layout=swizzled_128x4 tensor_scale=fixed:0.0178571
linear_op: NVFP4 activation pack options for backbone.layers.46.mixer.out_proj.weight M=1 scale_layout=swizzled_128x4 tensor_scale=fixed:0.0688244
single_token_forward_model: layer 46 ok
single_token_forward_model: running layer 47 kind=2
single_token_forward_model: layer 47 ok
single_token_forward_model: running layer 48 kind=1
linear_op: NVFP4 activation pack options for backbone.layers.48.mixer.in_proj.weight M=1 scale_layout=swizzled_128x4 tensor_scale=fixed:0.0217634
linear_op: NVFP4 activation pack options for backbone.layers.48.mixer.out_proj.weight M=1 scale_layout=swizzled_128x4 tensor_scale=fixed:0.127232
single_token_forward_model: layer 48 ok
single_token_forward_model: running layer 49 kind=2
single_token_forward_model: layer 49 ok
single_token_forward_model: running layer 50 kind=1
linear_op: NVFP4 activation pack options for backbone.layers.50.mixer.in_proj.weight M=1 scale_layout=swizzled_128x4 tensor_scale=fixed:0.0262277
linear_op: NVFP4 activation pack options for backbone.layers.50.mixer.out_proj.weight M=1 scale_layout=swizzled_128x4 tensor_scale=fixed:0.203869
single_token_forward_model: layer 50 ok
single_token_forward_model: running layer 51 kind=2
single_token_forward_model: layer 51 ok
single_token_forward_model: lm_head ok
FAIL: nano_24_token_prefill_regression_test/prompt23 generated token ids should match the focused regression oracle
nano_24_token_prefill_regression_test/prompt23 got: 1414 1438 1256 1010 1062 1603 1482 1784 2342 6588 1455 7510 1639 5389 2479 1362
nano_24_token_prefill_regression_test/prompt23 expected: 1784 3330 25747 1261 6165 4098 1058 1429 7493 1395 1032 1050 1043 1050 10555 1531
