thread_id,warp_id,lane_id,physical_idx,m_coord,n_coord,is_valid
0,0,0,0,0,0,1
0,0,0,1,0,8,1
0,0,0,2,64,0,1
0,0,0,3,64,8,1
0,0,0,4,0,1,1
0,0,0,5,0,9,1
0,0,0,6,64,1,1
0,0,0,7,64,9,1
0,0,0,8,8,0,1
0,0,0,9,8,8,1
0,0,0,10,72,0,1
0,0,0,11,72,8,1
0,0,0,12,8,1,1
0,0,0,13,8,9,1
0,0,0,14,72,1,1
0,0,0,15,72,9,1
0,0,0,16,-1,-1,0
0,0,0,17,-1,-1,0
0,0,0,18,-1,-1,0
0,0,0,19,-1,-1,0
0,0,0,20,-1,-1,0
0,0,0,21,-1,-1,0
0,0,0,22,-1,-1,0
0,0,0,23,-1,-1,0
0,0,0,24,-1,-1,0
0,0,0,25,-1,-1,0
0,0,0,26,-1,-1,0
0,0,0,27,-1,-1,0
0,0,0,28,-1,-1,0
0,0,0,29,-1,-1,0
0,0,0,30,-1,-1,0
0,0,0,31,-1,-1,0
1,0,1,0,0,2,1
1,0,1,1,0,10,1
1,0,1,2,64,2,1
1,0,1,3,64,10,1
1,0,1,4,0,3,1
1,0,1,5,0,11,1
1,0,1,6,64,3,1
1,0,1,7,64,11,1
1,0,1,8,8,2,1
1,0,1,9,8,10,1
1,0,1,10,72,2,1
1,0,1,11,72,10,1
1,0,1,12,8,3,1
1,0,1,13,8,11,1
1,0,1,14,72,3,1
1,0,1,15,72,11,1
1,0,1,16,-1,-1,0
1,0,1,17,-1,-1,0
1,0,1,18,-1,-1,0
1,0,1,19,-1,-1,0
1,0,1,20,-1,-1,0
1,0,1,21,-1,-1,0
1,0,1,22,-1,-1,0
1,0,1,23,-1,-1,0
1,0,1,24,-1,-1,0
1,0,1,25,-1,-1,0
1,0,1,26,-1,-1,0
1,0,1,27,-1,-1,0
1,0,1,28,-1,-1,0
1,0,1,29,-1,-1,0
1,0,1,30,-1,-1,0
1,0,1,31,-1,-1,0
2,0,2,0,0,4,1
2,0,2,1,0,12,1
2,0,2,2,64,4,1
2,0,2,3,64,12,1
2,0,2,4,0,5,1
2,0,2,5,0,13,1
2,0,2,6,64,5,1
2,0,2,7,64,13,1
2,0,2,8,8,4,1
2,0,2,9,8,12,1
2,0,2,10,72,4,1
2,0,2,11,72,12,1
2,0,2,12,8,5,1
2,0,2,13,8,13,1
2,0,2,14,72,5,1
2,0,2,15,72,13,1
2,0,2,16,-1,-1,0
2,0,2,17,-1,-1,0
2,0,2,18,-1,-1,0
2,0,2,19,-1,-1,0
2,0,2,20,-1,-1,0
2,0,2,21,-1,-1,0
2,0,2,22,-1,-1,0
2,0,2,23,-1,-1,0
2,0,2,24,-1,-1,0
2,0,2,25,-1,-1,0
2,0,2,26,-1,-1,0
2,0,2,27,-1,-1,0
2,0,2,28,-1,-1,0
2,0,2,29,-1,-1,0
2,0,2,30,-1,-1,0
2,0,2,31,-1,-1,0
3,0,3,0,0,6,1
3,0,3,1,0,14,1
3,0,3,2,64,6,1
3,0,3,3,64,14,1
3,0,3,4,0,7,1
3,0,3,5,0,15,1
3,0,3,6,64,7,1
3,0,3,7,64,15,1
3,0,3,8,8,6,1
3,0,3,9,8,14,1
3,0,3,10,72,6,1
3,0,3,11,72,14,1
3,0,3,12,8,7,1
3,0,3,13,8,15,1
3,0,3,14,72,7,1
3,0,3,15,72,15,1
3,0,3,16,-1,-1,0
3,0,3,17,-1,-1,0
3,0,3,18,-1,-1,0
3,0,3,19,-1,-1,0
3,0,3,20,-1,-1,0
3,0,3,21,-1,-1,0
3,0,3,22,-1,-1,0
3,0,3,23,-1,-1,0
3,0,3,24,-1,-1,0
3,0,3,25,-1,-1,0
3,0,3,26,-1,-1,0
3,0,3,27,-1,-1,0
3,0,3,28,-1,-1,0
3,0,3,29,-1,-1,0
3,0,3,30,-1,-1,0
3,0,3,31,-1,-1,0
4,0,4,0,1,0,1
4,0,4,1,1,8,1
4,0,4,2,65,0,1
4,0,4,3,65,8,1
4,0,4,4,1,1,1
4,0,4,5,1,9,1
4,0,4,6,65,1,1
4,0,4,7,65,9,1
4,0,4,8,9,0,1
4,0,4,9,9,8,1
4,0,4,10,73,0,1
4,0,4,11,73,8,1
4,0,4,12,9,1,1
4,0,4,13,9,9,1
4,0,4,14,73,1,1
4,0,4,15,73,9,1
4,0,4,16,-1,-1,0
4,0,4,17,-1,-1,0
4,0,4,18,-1,-1,0
4,0,4,19,-1,-1,0
4,0,4,20,-1,-1,0
4,0,4,21,-1,-1,0
4,0,4,22,-1,-1,0
4,0,4,23,-1,-1,0
4,0,4,24,-1,-1,0
4,0,4,25,-1,-1,0
4,0,4,26,-1,-1,0
4,0,4,27,-1,-1,0
4,0,4,28,-1,-1,0
4,0,4,29,-1,-1,0
4,0,4,30,-1,-1,0
4,0,4,31,-1,-1,0
5,0,5,0,1,2,1
5,0,5,1,1,10,1
5,0,5,2,65,2,1
5,0,5,3,65,10,1
5,0,5,4,1,3,1
5,0,5,5,1,11,1
5,0,5,6,65,3,1
5,0,5,7,65,11,1
5,0,5,8,9,2,1
5,0,5,9,9,10,1
5,0,5,10,73,2,1
5,0,5,11,73,10,1
5,0,5,12,9,3,1
5,0,5,13,9,11,1
5,0,5,14,73,3,1
5,0,5,15,73,11,1
5,0,5,16,-1,-1,0
5,0,5,17,-1,-1,0
5,0,5,18,-1,-1,0
5,0,5,19,-1,-1,0
5,0,5,20,-1,-1,0
5,0,5,21,-1,-1,0
5,0,5,22,-1,-1,0
5,0,5,23,-1,-1,0
5,0,5,24,-1,-1,0
5,0,5,25,-1,-1,0
5,0,5,26,-1,-1,0
5,0,5,27,-1,-1,0
5,0,5,28,-1,-1,0
5,0,5,29,-1,-1,0
5,0,5,30,-1,-1,0
5,0,5,31,-1,-1,0
6,0,6,0,1,4,1
6,0,6,1,1,12,1
6,0,6,2,65,4,1
6,0,6,3,65,12,1
6,0,6,4,1,5,1
6,0,6,5,1,13,1
6,0,6,6,65,5,1
6,0,6,7,65,13,1
6,0,6,8,9,4,1
6,0,6,9,9,12,1
6,0,6,10,73,4,1
6,0,6,11,73,12,1
6,0,6,12,9,5,1
6,0,6,13,9,13,1
6,0,6,14,73,5,1
6,0,6,15,73,13,1
6,0,6,16,-1,-1,0
6,0,6,17,-1,-1,0
6,0,6,18,-1,-1,0
6,0,6,19,-1,-1,0
6,0,6,20,-1,-1,0
6,0,6,21,-1,-1,0
6,0,6,22,-1,-1,0
6,0,6,23,-1,-1,0
6,0,6,24,-1,-1,0
6,0,6,25,-1,-1,0
6,0,6,26,-1,-1,0
6,0,6,27,-1,-1,0
6,0,6,28,-1,-1,0
6,0,6,29,-1,-1,0
6,0,6,30,-1,-1,0
6,0,6,31,-1,-1,0
7,0,7,0,1,6,1
7,0,7,1,1,14,1
7,0,7,2,65,6,1
7,0,7,3,65,14,1
7,0,7,4,1,7,1
7,0,7,5,1,15,1
7,0,7,6,65,7,1
7,0,7,7,65,15,1
7,0,7,8,9,6,1
7,0,7,9,9,14,1
7,0,7,10,73,6,1
7,0,7,11,73,14,1
7,0,7,12,9,7,1
7,0,7,13,9,15,1
7,0,7,14,73,7,1
7,0,7,15,73,15,1
7,0,7,16,-1,-1,0
7,0,7,17,-1,-1,0
7,0,7,18,-1,-1,0
7,0,7,19,-1,-1,0
7,0,7,20,-1,-1,0
7,0,7,21,-1,-1,0
7,0,7,22,-1,-1,0
7,0,7,23,-1,-1,0
7,0,7,24,-1,-1,0
7,0,7,25,-1,-1,0
7,0,7,26,-1,-1,0
7,0,7,27,-1,-1,0
7,0,7,28,-1,-1,0
7,0,7,29,-1,-1,0
7,0,7,30,-1,-1,0
7,0,7,31,-1,-1,0
8,0,8,0,2,0,1
8,0,8,1,2,8,1
8,0,8,2,66,0,1
8,0,8,3,66,8,1
8,0,8,4,2,1,1
8,0,8,5,2,9,1
8,0,8,6,66,1,1
8,0,8,7,66,9,1
8,0,8,8,10,0,1
8,0,8,9,10,8,1
8,0,8,10,74,0,1
8,0,8,11,74,8,1
8,0,8,12,10,1,1
8,0,8,13,10,9,1
8,0,8,14,74,1,1
8,0,8,15,74,9,1
8,0,8,16,-1,-1,0
8,0,8,17,-1,-1,0
8,0,8,18,-1,-1,0
8,0,8,19,-1,-1,0
8,0,8,20,-1,-1,0
8,0,8,21,-1,-1,0
8,0,8,22,-1,-1,0
8,0,8,23,-1,-1,0
8,0,8,24,-1,-1,0
8,0,8,25,-1,-1,0
8,0,8,26,-1,-1,0
8,0,8,27,-1,-1,0
8,0,8,28,-1,-1,0
8,0,8,29,-1,-1,0
8,0,8,30,-1,-1,0
8,0,8,31,-1,-1,0
9,0,9,0,2,2,1
9,0,9,1,2,10,1
9,0,9,2,66,2,1
9,0,9,3,66,10,1
9,0,9,4,2,3,1
9,0,9,5,2,11,1
9,0,9,6,66,3,1
9,0,9,7,66,11,1
9,0,9,8,10,2,1
9,0,9,9,10,10,1
9,0,9,10,74,2,1
9,0,9,11,74,10,1
9,0,9,12,10,3,1
9,0,9,13,10,11,1
9,0,9,14,74,3,1
9,0,9,15,74,11,1
9,0,9,16,-1,-1,0
9,0,9,17,-1,-1,0
9,0,9,18,-1,-1,0
9,0,9,19,-1,-1,0
9,0,9,20,-1,-1,0
9,0,9,21,-1,-1,0
9,0,9,22,-1,-1,0
9,0,9,23,-1,-1,0
9,0,9,24,-1,-1,0
9,0,9,25,-1,-1,0
9,0,9,26,-1,-1,0
9,0,9,27,-1,-1,0
9,0,9,28,-1,-1,0
9,0,9,29,-1,-1,0
9,0,9,30,-1,-1,0
9,0,9,31,-1,-1,0
10,0,10,0,2,4,1
10,0,10,1,2,12,1
10,0,10,2,66,4,1
10,0,10,3,66,12,1
10,0,10,4,2,5,1
10,0,10,5,2,13,1
10,0,10,6,66,5,1
10,0,10,7,66,13,1
10,0,10,8,10,4,1
10,0,10,9,10,12,1
10,0,10,10,74,4,1
10,0,10,11,74,12,1
10,0,10,12,10,5,1
10,0,10,13,10,13,1
10,0,10,14,74,5,1
10,0,10,15,74,13,1
10,0,10,16,-1,-1,0
10,0,10,17,-1,-1,0
10,0,10,18,-1,-1,0
10,0,10,19,-1,-1,0
10,0,10,20,-1,-1,0
10,0,10,21,-1,-1,0
10,0,10,22,-1,-1,0
10,0,10,23,-1,-1,0
10,0,10,24,-1,-1,0
10,0,10,25,-1,-1,0
10,0,10,26,-1,-1,0
10,0,10,27,-1,-1,0
10,0,10,28,-1,-1,0
10,0,10,29,-1,-1,0
10,0,10,30,-1,-1,0
10,0,10,31,-1,-1,0
11,0,11,0,2,6,1
11,0,11,1,2,14,1
11,0,11,2,66,6,1
11,0,11,3,66,14,1
11,0,11,4,2,7,1
11,0,11,5,2,15,1
11,0,11,6,66,7,1
11,0,11,7,66,15,1
11,0,11,8,10,6,1
11,0,11,9,10,14,1
11,0,11,10,74,6,1
11,0,11,11,74,14,1
11,0,11,12,10,7,1
11,0,11,13,10,15,1
11,0,11,14,74,7,1
11,0,11,15,74,15,1
11,0,11,16,-1,-1,0
11,0,11,17,-1,-1,0
11,0,11,18,-1,-1,0
11,0,11,19,-1,-1,0
11,0,11,20,-1,-1,0
11,0,11,21,-1,-1,0
11,0,11,22,-1,-1,0
11,0,11,23,-1,-1,0
11,0,11,24,-1,-1,0
11,0,11,25,-1,-1,0
11,0,11,26,-1,-1,0
11,0,11,27,-1,-1,0
11,0,11,28,-1,-1,0
11,0,11,29,-1,-1,0
11,0,11,30,-1,-1,0
11,0,11,31,-1,-1,0
12,0,12,0,3,0,1
12,0,12,1,3,8,1
12,0,12,2,67,0,1
12,0,12,3,67,8,1
12,0,12,4,3,1,1
12,0,12,5,3,9,1
12,0,12,6,67,1,1
12,0,12,7,67,9,1
12,0,12,8,11,0,1
12,0,12,9,11,8,1
12,0,12,10,75,0,1
12,0,12,11,75,8,1
12,0,12,12,11,1,1
12,0,12,13,11,9,1
12,0,12,14,75,1,1
12,0,12,15,75,9,1
12,0,12,16,-1,-1,0
12,0,12,17,-1,-1,0
12,0,12,18,-1,-1,0
12,0,12,19,-1,-1,0
12,0,12,20,-1,-1,0
12,0,12,21,-1,-1,0
12,0,12,22,-1,-1,0
12,0,12,23,-1,-1,0
12,0,12,24,-1,-1,0
12,0,12,25,-1,-1,0
12,0,12,26,-1,-1,0
12,0,12,27,-1,-1,0
12,0,12,28,-1,-1,0
12,0,12,29,-1,-1,0
12,0,12,30,-1,-1,0
12,0,12,31,-1,-1,0
13,0,13,0,3,2,1
13,0,13,1,3,10,1
13,0,13,2,67,2,1
13,0,13,3,67,10,1
13,0,13,4,3,3,1
13,0,13,5,3,11,1
13,0,13,6,67,3,1
13,0,13,7,67,11,1
13,0,13,8,11,2,1
13,0,13,9,11,10,1
13,0,13,10,75,2,1
13,0,13,11,75,10,1
13,0,13,12,11,3,1
13,0,13,13,11,11,1
13,0,13,14,75,3,1
13,0,13,15,75,11,1
13,0,13,16,-1,-1,0
13,0,13,17,-1,-1,0
13,0,13,18,-1,-1,0
13,0,13,19,-1,-1,0
13,0,13,20,-1,-1,0
13,0,13,21,-1,-1,0
13,0,13,22,-1,-1,0
13,0,13,23,-1,-1,0
13,0,13,24,-1,-1,0
13,0,13,25,-1,-1,0
13,0,13,26,-1,-1,0
13,0,13,27,-1,-1,0
13,0,13,28,-1,-1,0
13,0,13,29,-1,-1,0
13,0,13,30,-1,-1,0
13,0,13,31,-1,-1,0
14,0,14,0,3,4,1
14,0,14,1,3,12,1
14,0,14,2,67,4,1
14,0,14,3,67,12,1
14,0,14,4,3,5,1
14,0,14,5,3,13,1
14,0,14,6,67,5,1
14,0,14,7,67,13,1
14,0,14,8,11,4,1
14,0,14,9,11,12,1
14,0,14,10,75,4,1
14,0,14,11,75,12,1
14,0,14,12,11,5,1
14,0,14,13,11,13,1
14,0,14,14,75,5,1
14,0,14,15,75,13,1
14,0,14,16,-1,-1,0
14,0,14,17,-1,-1,0
14,0,14,18,-1,-1,0
14,0,14,19,-1,-1,0
14,0,14,20,-1,-1,0
14,0,14,21,-1,-1,0
14,0,14,22,-1,-1,0
14,0,14,23,-1,-1,0
14,0,14,24,-1,-1,0
14,0,14,25,-1,-1,0
14,0,14,26,-1,-1,0
14,0,14,27,-1,-1,0
14,0,14,28,-1,-1,0
14,0,14,29,-1,-1,0
14,0,14,30,-1,-1,0
14,0,14,31,-1,-1,0
15,0,15,0,3,6,1
15,0,15,1,3,14,1
15,0,15,2,67,6,1
15,0,15,3,67,14,1
15,0,15,4,3,7,1
15,0,15,5,3,15,1
15,0,15,6,67,7,1
15,0,15,7,67,15,1
15,0,15,8,11,6,1
15,0,15,9,11,14,1
15,0,15,10,75,6,1
15,0,15,11,75,14,1
15,0,15,12,11,7,1
15,0,15,13,11,15,1
15,0,15,14,75,7,1
15,0,15,15,75,15,1
15,0,15,16,-1,-1,0
15,0,15,17,-1,-1,0
15,0,15,18,-1,-1,0
15,0,15,19,-1,-1,0
15,0,15,20,-1,-1,0
15,0,15,21,-1,-1,0
15,0,15,22,-1,-1,0
15,0,15,23,-1,-1,0
15,0,15,24,-1,-1,0
15,0,15,25,-1,-1,0
15,0,15,26,-1,-1,0
15,0,15,27,-1,-1,0
15,0,15,28,-1,-1,0
15,0,15,29,-1,-1,0
15,0,15,30,-1,-1,0
15,0,15,31,-1,-1,0
16,0,16,0,4,0,1
16,0,16,1,4,8,1
16,0,16,2,68,0,1
16,0,16,3,68,8,1
16,0,16,4,4,1,1
16,0,16,5,4,9,1
16,0,16,6,68,1,1
16,0,16,7,68,9,1
16,0,16,8,12,0,1
16,0,16,9,12,8,1
16,0,16,10,76,0,1
16,0,16,11,76,8,1
16,0,16,12,12,1,1
16,0,16,13,12,9,1
16,0,16,14,76,1,1
16,0,16,15,76,9,1
16,0,16,16,-1,-1,0
16,0,16,17,-1,-1,0
16,0,16,18,-1,-1,0
16,0,16,19,-1,-1,0
16,0,16,20,-1,-1,0
16,0,16,21,-1,-1,0
16,0,16,22,-1,-1,0
16,0,16,23,-1,-1,0
16,0,16,24,-1,-1,0
16,0,16,25,-1,-1,0
16,0,16,26,-1,-1,0
16,0,16,27,-1,-1,0
16,0,16,28,-1,-1,0
16,0,16,29,-1,-1,0
16,0,16,30,-1,-1,0
16,0,16,31,-1,-1,0
17,0,17,0,4,2,1
17,0,17,1,4,10,1
17,0,17,2,68,2,1
17,0,17,3,68,10,1
17,0,17,4,4,3,1
17,0,17,5,4,11,1
17,0,17,6,68,3,1
17,0,17,7,68,11,1
17,0,17,8,12,2,1
17,0,17,9,12,10,1
17,0,17,10,76,2,1
17,0,17,11,76,10,1
17,0,17,12,12,3,1
17,0,17,13,12,11,1
17,0,17,14,76,3,1
17,0,17,15,76,11,1
17,0,17,16,-1,-1,0
17,0,17,17,-1,-1,0
17,0,17,18,-1,-1,0
17,0,17,19,-1,-1,0
17,0,17,20,-1,-1,0
17,0,17,21,-1,-1,0
17,0,17,22,-1,-1,0
17,0,17,23,-1,-1,0
17,0,17,24,-1,-1,0
17,0,17,25,-1,-1,0
17,0,17,26,-1,-1,0
17,0,17,27,-1,-1,0
17,0,17,28,-1,-1,0
17,0,17,29,-1,-1,0
17,0,17,30,-1,-1,0
17,0,17,31,-1,-1,0
18,0,18,0,4,4,1
18,0,18,1,4,12,1
18,0,18,2,68,4,1
18,0,18,3,68,12,1
18,0,18,4,4,5,1
18,0,18,5,4,13,1
18,0,18,6,68,5,1
18,0,18,7,68,13,1
18,0,18,8,12,4,1
18,0,18,9,12,12,1
18,0,18,10,76,4,1
18,0,18,11,76,12,1
18,0,18,12,12,5,1
18,0,18,13,12,13,1
18,0,18,14,76,5,1
18,0,18,15,76,13,1
18,0,18,16,-1,-1,0
18,0,18,17,-1,-1,0
18,0,18,18,-1,-1,0
18,0,18,19,-1,-1,0
18,0,18,20,-1,-1,0
18,0,18,21,-1,-1,0
18,0,18,22,-1,-1,0
18,0,18,23,-1,-1,0
18,0,18,24,-1,-1,0
18,0,18,25,-1,-1,0
18,0,18,26,-1,-1,0
18,0,18,27,-1,-1,0
18,0,18,28,-1,-1,0
18,0,18,29,-1,-1,0
18,0,18,30,-1,-1,0
18,0,18,31,-1,-1,0
19,0,19,0,4,6,1
19,0,19,1,4,14,1
19,0,19,2,68,6,1
19,0,19,3,68,14,1
19,0,19,4,4,7,1
19,0,19,5,4,15,1
19,0,19,6,68,7,1
19,0,19,7,68,15,1
19,0,19,8,12,6,1
19,0,19,9,12,14,1
19,0,19,10,76,6,1
19,0,19,11,76,14,1
19,0,19,12,12,7,1
19,0,19,13,12,15,1
19,0,19,14,76,7,1
19,0,19,15,76,15,1
19,0,19,16,-1,-1,0
19,0,19,17,-1,-1,0
19,0,19,18,-1,-1,0
19,0,19,19,-1,-1,0
19,0,19,20,-1,-1,0
19,0,19,21,-1,-1,0
19,0,19,22,-1,-1,0
19,0,19,23,-1,-1,0
19,0,19,24,-1,-1,0
19,0,19,25,-1,-1,0
19,0,19,26,-1,-1,0
19,0,19,27,-1,-1,0
19,0,19,28,-1,-1,0
19,0,19,29,-1,-1,0
19,0,19,30,-1,-1,0
19,0,19,31,-1,-1,0
20,0,20,0,5,0,1
20,0,20,1,5,8,1
20,0,20,2,69,0,1
20,0,20,3,69,8,1
20,0,20,4,5,1,1
20,0,20,5,5,9,1
20,0,20,6,69,1,1
20,0,20,7,69,9,1
20,0,20,8,13,0,1
20,0,20,9,13,8,1
20,0,20,10,77,0,1
20,0,20,11,77,8,1
20,0,20,12,13,1,1
20,0,20,13,13,9,1
20,0,20,14,77,1,1
20,0,20,15,77,9,1
20,0,20,16,-1,-1,0
20,0,20,17,-1,-1,0
20,0,20,18,-1,-1,0
20,0,20,19,-1,-1,0
20,0,20,20,-1,-1,0
20,0,20,21,-1,-1,0
20,0,20,22,-1,-1,0
20,0,20,23,-1,-1,0
20,0,20,24,-1,-1,0
20,0,20,25,-1,-1,0
20,0,20,26,-1,-1,0
20,0,20,27,-1,-1,0
20,0,20,28,-1,-1,0
20,0,20,29,-1,-1,0
20,0,20,30,-1,-1,0
20,0,20,31,-1,-1,0
21,0,21,0,5,2,1
21,0,21,1,5,10,1
21,0,21,2,69,2,1
21,0,21,3,69,10,1
21,0,21,4,5,3,1
21,0,21,5,5,11,1
21,0,21,6,69,3,1
21,0,21,7,69,11,1
21,0,21,8,13,2,1
21,0,21,9,13,10,1
21,0,21,10,77,2,1
21,0,21,11,77,10,1
21,0,21,12,13,3,1
21,0,21,13,13,11,1
21,0,21,14,77,3,1
21,0,21,15,77,11,1
21,0,21,16,-1,-1,0
21,0,21,17,-1,-1,0
21,0,21,18,-1,-1,0
21,0,21,19,-1,-1,0
21,0,21,20,-1,-1,0
21,0,21,21,-1,-1,0
21,0,21,22,-1,-1,0
21,0,21,23,-1,-1,0
21,0,21,24,-1,-1,0
21,0,21,25,-1,-1,0
21,0,21,26,-1,-1,0
21,0,21,27,-1,-1,0
21,0,21,28,-1,-1,0
21,0,21,29,-1,-1,0
21,0,21,30,-1,-1,0
21,0,21,31,-1,-1,0
22,0,22,0,5,4,1
22,0,22,1,5,12,1
22,0,22,2,69,4,1
22,0,22,3,69,12,1
22,0,22,4,5,5,1
22,0,22,5,5,13,1
22,0,22,6,69,5,1
22,0,22,7,69,13,1
22,0,22,8,13,4,1
22,0,22,9,13,12,1
22,0,22,10,77,4,1
22,0,22,11,77,12,1
22,0,22,12,13,5,1
22,0,22,13,13,13,1
22,0,22,14,77,5,1
22,0,22,15,77,13,1
22,0,22,16,-1,-1,0
22,0,22,17,-1,-1,0
22,0,22,18,-1,-1,0
22,0,22,19,-1,-1,0
22,0,22,20,-1,-1,0
22,0,22,21,-1,-1,0
22,0,22,22,-1,-1,0
22,0,22,23,-1,-1,0
22,0,22,24,-1,-1,0
22,0,22,25,-1,-1,0
22,0,22,26,-1,-1,0
22,0,22,27,-1,-1,0
22,0,22,28,-1,-1,0
22,0,22,29,-1,-1,0
22,0,22,30,-1,-1,0
22,0,22,31,-1,-1,0
23,0,23,0,5,6,1
23,0,23,1,5,14,1
23,0,23,2,69,6,1
23,0,23,3,69,14,1
23,0,23,4,5,7,1
23,0,23,5,5,15,1
23,0,23,6,69,7,1
23,0,23,7,69,15,1
23,0,23,8,13,6,1
23,0,23,9,13,14,1
23,0,23,10,77,6,1
23,0,23,11,77,14,1
23,0,23,12,13,7,1
23,0,23,13,13,15,1
23,0,23,14,77,7,1
23,0,23,15,77,15,1
23,0,23,16,-1,-1,0
23,0,23,17,-1,-1,0
23,0,23,18,-1,-1,0
23,0,23,19,-1,-1,0
23,0,23,20,-1,-1,0
23,0,23,21,-1,-1,0
23,0,23,22,-1,-1,0
23,0,23,23,-1,-1,0
23,0,23,24,-1,-1,0
23,0,23,25,-1,-1,0
23,0,23,26,-1,-1,0
23,0,23,27,-1,-1,0
23,0,23,28,-1,-1,0
23,0,23,29,-1,-1,0
23,0,23,30,-1,-1,0
23,0,23,31,-1,-1,0
24,0,24,0,6,0,1
24,0,24,1,6,8,1
24,0,24,2,70,0,1
24,0,24,3,70,8,1
24,0,24,4,6,1,1
24,0,24,5,6,9,1
24,0,24,6,70,1,1
24,0,24,7,70,9,1
24,0,24,8,14,0,1
24,0,24,9,14,8,1
24,0,24,10,78,0,1
24,0,24,11,78,8,1
24,0,24,12,14,1,1
24,0,24,13,14,9,1
24,0,24,14,78,1,1
24,0,24,15,78,9,1
24,0,24,16,-1,-1,0
24,0,24,17,-1,-1,0
24,0,24,18,-1,-1,0
24,0,24,19,-1,-1,0
24,0,24,20,-1,-1,0
24,0,24,21,-1,-1,0
24,0,24,22,-1,-1,0
24,0,24,23,-1,-1,0
24,0,24,24,-1,-1,0
24,0,24,25,-1,-1,0
24,0,24,26,-1,-1,0
24,0,24,27,-1,-1,0
24,0,24,28,-1,-1,0
24,0,24,29,-1,-1,0
24,0,24,30,-1,-1,0
24,0,24,31,-1,-1,0
25,0,25,0,6,2,1
25,0,25,1,6,10,1
25,0,25,2,70,2,1
25,0,25,3,70,10,1
25,0,25,4,6,3,1
25,0,25,5,6,11,1
25,0,25,6,70,3,1
25,0,25,7,70,11,1
25,0,25,8,14,2,1
25,0,25,9,14,10,1
25,0,25,10,78,2,1
25,0,25,11,78,10,1
25,0,25,12,14,3,1
25,0,25,13,14,11,1
25,0,25,14,78,3,1
25,0,25,15,78,11,1
25,0,25,16,-1,-1,0
25,0,25,17,-1,-1,0
25,0,25,18,-1,-1,0
25,0,25,19,-1,-1,0
25,0,25,20,-1,-1,0
25,0,25,21,-1,-1,0
25,0,25,22,-1,-1,0
25,0,25,23,-1,-1,0
25,0,25,24,-1,-1,0
25,0,25,25,-1,-1,0
25,0,25,26,-1,-1,0
25,0,25,27,-1,-1,0
25,0,25,28,-1,-1,0
25,0,25,29,-1,-1,0
25,0,25,30,-1,-1,0
25,0,25,31,-1,-1,0
26,0,26,0,6,4,1
26,0,26,1,6,12,1
26,0,26,2,70,4,1
26,0,26,3,70,12,1
26,0,26,4,6,5,1
26,0,26,5,6,13,1
26,0,26,6,70,5,1
26,0,26,7,70,13,1
26,0,26,8,14,4,1
26,0,26,9,14,12,1
26,0,26,10,78,4,1
26,0,26,11,78,12,1
26,0,26,12,14,5,1
26,0,26,13,14,13,1
26,0,26,14,78,5,1
26,0,26,15,78,13,1
26,0,26,16,-1,-1,0
26,0,26,17,-1,-1,0
26,0,26,18,-1,-1,0
26,0,26,19,-1,-1,0
26,0,26,20,-1,-1,0
26,0,26,21,-1,-1,0
26,0,26,22,-1,-1,0
26,0,26,23,-1,-1,0
26,0,26,24,-1,-1,0
26,0,26,25,-1,-1,0
26,0,26,26,-1,-1,0
26,0,26,27,-1,-1,0
26,0,26,28,-1,-1,0
26,0,26,29,-1,-1,0
26,0,26,30,-1,-1,0
26,0,26,31,-1,-1,0
27,0,27,0,6,6,1
27,0,27,1,6,14,1
27,0,27,2,70,6,1
27,0,27,3,70,14,1
27,0,27,4,6,7,1
27,0,27,5,6,15,1
27,0,27,6,70,7,1
27,0,27,7,70,15,1
27,0,27,8,14,6,1
27,0,27,9,14,14,1
27,0,27,10,78,6,1
27,0,27,11,78,14,1
27,0,27,12,14,7,1
27,0,27,13,14,15,1
27,0,27,14,78,7,1
27,0,27,15,78,15,1
27,0,27,16,-1,-1,0
27,0,27,17,-1,-1,0
27,0,27,18,-1,-1,0
27,0,27,19,-1,-1,0
27,0,27,20,-1,-1,0
27,0,27,21,-1,-1,0
27,0,27,22,-1,-1,0
27,0,27,23,-1,-1,0
27,0,27,24,-1,-1,0
27,0,27,25,-1,-1,0
27,0,27,26,-1,-1,0
27,0,27,27,-1,-1,0
27,0,27,28,-1,-1,0
27,0,27,29,-1,-1,0
27,0,27,30,-1,-1,0
27,0,27,31,-1,-1,0
28,0,28,0,7,0,1
28,0,28,1,7,8,1
28,0,28,2,71,0,1
28,0,28,3,71,8,1
28,0,28,4,7,1,1
28,0,28,5,7,9,1
28,0,28,6,71,1,1
28,0,28,7,71,9,1
28,0,28,8,15,0,1
28,0,28,9,15,8,1
28,0,28,10,79,0,1
28,0,28,11,79,8,1
28,0,28,12,15,1,1
28,0,28,13,15,9,1
28,0,28,14,79,1,1
28,0,28,15,79,9,1
28,0,28,16,-1,-1,0
28,0,28,17,-1,-1,0
28,0,28,18,-1,-1,0
28,0,28,19,-1,-1,0
28,0,28,20,-1,-1,0
28,0,28,21,-1,-1,0
28,0,28,22,-1,-1,0
28,0,28,23,-1,-1,0
28,0,28,24,-1,-1,0
28,0,28,25,-1,-1,0
28,0,28,26,-1,-1,0
28,0,28,27,-1,-1,0
28,0,28,28,-1,-1,0
28,0,28,29,-1,-1,0
28,0,28,30,-1,-1,0
28,0,28,31,-1,-1,0
29,0,29,0,7,2,1
29,0,29,1,7,10,1
29,0,29,2,71,2,1
29,0,29,3,71,10,1
29,0,29,4,7,3,1
29,0,29,5,7,11,1
29,0,29,6,71,3,1
29,0,29,7,71,11,1
29,0,29,8,15,2,1
29,0,29,9,15,10,1
29,0,29,10,79,2,1
29,0,29,11,79,10,1
29,0,29,12,15,3,1
29,0,29,13,15,11,1
29,0,29,14,79,3,1
29,0,29,15,79,11,1
29,0,29,16,-1,-1,0
29,0,29,17,-1,-1,0
29,0,29,18,-1,-1,0
29,0,29,19,-1,-1,0
29,0,29,20,-1,-1,0
29,0,29,21,-1,-1,0
29,0,29,22,-1,-1,0
29,0,29,23,-1,-1,0
29,0,29,24,-1,-1,0
29,0,29,25,-1,-1,0
29,0,29,26,-1,-1,0
29,0,29,27,-1,-1,0
29,0,29,28,-1,-1,0
29,0,29,29,-1,-1,0
29,0,29,30,-1,-1,0
29,0,29,31,-1,-1,0
30,0,30,0,7,4,1
30,0,30,1,7,12,1
30,0,30,2,71,4,1
30,0,30,3,71,12,1
30,0,30,4,7,5,1
30,0,30,5,7,13,1
30,0,30,6,71,5,1
30,0,30,7,71,13,1
30,0,30,8,15,4,1
30,0,30,9,15,12,1
30,0,30,10,79,4,1
30,0,30,11,79,12,1
30,0,30,12,15,5,1
30,0,30,13,15,13,1
30,0,30,14,79,5,1
30,0,30,15,79,13,1
30,0,30,16,-1,-1,0
30,0,30,17,-1,-1,0
30,0,30,18,-1,-1,0
30,0,30,19,-1,-1,0
30,0,30,20,-1,-1,0
30,0,30,21,-1,-1,0
30,0,30,22,-1,-1,0
30,0,30,23,-1,-1,0
30,0,30,24,-1,-1,0
30,0,30,25,-1,-1,0
30,0,30,26,-1,-1,0
30,0,30,27,-1,-1,0
30,0,30,28,-1,-1,0
30,0,30,29,-1,-1,0
30,0,30,30,-1,-1,0
30,0,30,31,-1,-1,0
31,0,31,0,7,6,1
31,0,31,1,7,14,1
31,0,31,2,71,6,1
31,0,31,3,71,14,1
31,0,31,4,7,7,1
31,0,31,5,7,15,1
31,0,31,6,71,7,1
31,0,31,7,71,15,1
31,0,31,8,15,6,1
31,0,31,9,15,14,1
31,0,31,10,79,6,1
31,0,31,11,79,14,1
31,0,31,12,15,7,1
31,0,31,13,15,15,1
31,0,31,14,79,7,1
31,0,31,15,79,15,1
31,0,31,16,-1,-1,0
31,0,31,17,-1,-1,0
31,0,31,18,-1,-1,0
31,0,31,19,-1,-1,0
31,0,31,20,-1,-1,0
31,0,31,21,-1,-1,0
31,0,31,22,-1,-1,0
31,0,31,23,-1,-1,0
31,0,31,24,-1,-1,0
31,0,31,25,-1,-1,0
31,0,31,26,-1,-1,0
31,0,31,27,-1,-1,0
31,0,31,28,-1,-1,0
31,0,31,29,-1,-1,0
31,0,31,30,-1,-1,0
31,0,31,31,-1,-1,0
32,1,0,0,16,0,1
32,1,0,1,16,8,1
32,1,0,2,80,0,1
32,1,0,3,80,8,1
32,1,0,4,16,1,1
32,1,0,5,16,9,1
32,1,0,6,80,1,1
32,1,0,7,80,9,1
32,1,0,8,24,0,1
32,1,0,9,24,8,1
32,1,0,10,88,0,1
32,1,0,11,88,8,1
32,1,0,12,24,1,1
32,1,0,13,24,9,1
32,1,0,14,88,1,1
32,1,0,15,88,9,1
32,1,0,16,-1,-1,0
32,1,0,17,-1,-1,0
32,1,0,18,-1,-1,0
32,1,0,19,-1,-1,0
32,1,0,20,-1,-1,0
32,1,0,21,-1,-1,0
32,1,0,22,-1,-1,0
32,1,0,23,-1,-1,0
32,1,0,24,-1,-1,0
32,1,0,25,-1,-1,0
32,1,0,26,-1,-1,0
32,1,0,27,-1,-1,0
32,1,0,28,-1,-1,0
32,1,0,29,-1,-1,0
32,1,0,30,-1,-1,0
32,1,0,31,-1,-1,0
33,1,1,0,16,2,1
33,1,1,1,16,10,1
33,1,1,2,80,2,1
33,1,1,3,80,10,1
33,1,1,4,16,3,1
33,1,1,5,16,11,1
33,1,1,6,80,3,1
33,1,1,7,80,11,1
33,1,1,8,24,2,1
33,1,1,9,24,10,1
33,1,1,10,88,2,1
33,1,1,11,88,10,1
33,1,1,12,24,3,1
33,1,1,13,24,11,1
33,1,1,14,88,3,1
33,1,1,15,88,11,1
33,1,1,16,-1,-1,0
33,1,1,17,-1,-1,0
33,1,1,18,-1,-1,0
33,1,1,19,-1,-1,0
33,1,1,20,-1,-1,0
33,1,1,21,-1,-1,0
33,1,1,22,-1,-1,0
33,1,1,23,-1,-1,0
33,1,1,24,-1,-1,0
33,1,1,25,-1,-1,0
33,1,1,26,-1,-1,0
33,1,1,27,-1,-1,0
33,1,1,28,-1,-1,0
33,1,1,29,-1,-1,0
33,1,1,30,-1,-1,0
33,1,1,31,-1,-1,0
34,1,2,0,16,4,1
34,1,2,1,16,12,1
34,1,2,2,80,4,1
34,1,2,3,80,12,1
34,1,2,4,16,5,1
34,1,2,5,16,13,1
34,1,2,6,80,5,1
34,1,2,7,80,13,1
34,1,2,8,24,4,1
34,1,2,9,24,12,1
34,1,2,10,88,4,1
34,1,2,11,88,12,1
34,1,2,12,24,5,1
34,1,2,13,24,13,1
34,1,2,14,88,5,1
34,1,2,15,88,13,1
34,1,2,16,-1,-1,0
34,1,2,17,-1,-1,0
34,1,2,18,-1,-1,0
34,1,2,19,-1,-1,0
34,1,2,20,-1,-1,0
34,1,2,21,-1,-1,0
34,1,2,22,-1,-1,0
34,1,2,23,-1,-1,0
34,1,2,24,-1,-1,0
34,1,2,25,-1,-1,0
34,1,2,26,-1,-1,0
34,1,2,27,-1,-1,0
34,1,2,28,-1,-1,0
34,1,2,29,-1,-1,0
34,1,2,30,-1,-1,0
34,1,2,31,-1,-1,0
35,1,3,0,16,6,1
35,1,3,1,16,14,1
35,1,3,2,80,6,1
35,1,3,3,80,14,1
35,1,3,4,16,7,1
35,1,3,5,16,15,1
35,1,3,6,80,7,1
35,1,3,7,80,15,1
35,1,3,8,24,6,1
35,1,3,9,24,14,1
35,1,3,10,88,6,1
35,1,3,11,88,14,1
35,1,3,12,24,7,1
35,1,3,13,24,15,1
35,1,3,14,88,7,1
35,1,3,15,88,15,1
35,1,3,16,-1,-1,0
35,1,3,17,-1,-1,0
35,1,3,18,-1,-1,0
35,1,3,19,-1,-1,0
35,1,3,20,-1,-1,0
35,1,3,21,-1,-1,0
35,1,3,22,-1,-1,0
35,1,3,23,-1,-1,0
35,1,3,24,-1,-1,0
35,1,3,25,-1,-1,0
35,1,3,26,-1,-1,0
35,1,3,27,-1,-1,0
35,1,3,28,-1,-1,0
35,1,3,29,-1,-1,0
35,1,3,30,-1,-1,0
35,1,3,31,-1,-1,0
36,1,4,0,17,0,1
36,1,4,1,17,8,1
36,1,4,2,81,0,1
36,1,4,3,81,8,1
36,1,4,4,17,1,1
36,1,4,5,17,9,1
36,1,4,6,81,1,1
36,1,4,7,81,9,1
36,1,4,8,25,0,1
36,1,4,9,25,8,1
36,1,4,10,89,0,1
36,1,4,11,89,8,1
36,1,4,12,25,1,1
36,1,4,13,25,9,1
36,1,4,14,89,1,1
36,1,4,15,89,9,1
36,1,4,16,-1,-1,0
36,1,4,17,-1,-1,0
36,1,4,18,-1,-1,0
36,1,4,19,-1,-1,0
36,1,4,20,-1,-1,0
36,1,4,21,-1,-1,0
36,1,4,22,-1,-1,0
36,1,4,23,-1,-1,0
36,1,4,24,-1,-1,0
36,1,4,25,-1,-1,0
36,1,4,26,-1,-1,0
36,1,4,27,-1,-1,0
36,1,4,28,-1,-1,0
36,1,4,29,-1,-1,0
36,1,4,30,-1,-1,0
36,1,4,31,-1,-1,0
37,1,5,0,17,2,1
37,1,5,1,17,10,1
37,1,5,2,81,2,1
37,1,5,3,81,10,1
37,1,5,4,17,3,1
37,1,5,5,17,11,1
37,1,5,6,81,3,1
37,1,5,7,81,11,1
37,1,5,8,25,2,1
37,1,5,9,25,10,1
37,1,5,10,89,2,1
37,1,5,11,89,10,1
37,1,5,12,25,3,1
37,1,5,13,25,11,1
37,1,5,14,89,3,1
37,1,5,15,89,11,1
37,1,5,16,-1,-1,0
37,1,5,17,-1,-1,0
37,1,5,18,-1,-1,0
37,1,5,19,-1,-1,0
37,1,5,20,-1,-1,0
37,1,5,21,-1,-1,0
37,1,5,22,-1,-1,0
37,1,5,23,-1,-1,0
37,1,5,24,-1,-1,0
37,1,5,25,-1,-1,0
37,1,5,26,-1,-1,0
37,1,5,27,-1,-1,0
37,1,5,28,-1,-1,0
37,1,5,29,-1,-1,0
37,1,5,30,-1,-1,0
37,1,5,31,-1,-1,0
38,1,6,0,17,4,1
38,1,6,1,17,12,1
38,1,6,2,81,4,1
38,1,6,3,81,12,1
38,1,6,4,17,5,1
38,1,6,5,17,13,1
38,1,6,6,81,5,1
38,1,6,7,81,13,1
38,1,6,8,25,4,1
38,1,6,9,25,12,1
38,1,6,10,89,4,1
38,1,6,11,89,12,1
38,1,6,12,25,5,1
38,1,6,13,25,13,1
38,1,6,14,89,5,1
38,1,6,15,89,13,1
38,1,6,16,-1,-1,0
38,1,6,17,-1,-1,0
38,1,6,18,-1,-1,0
38,1,6,19,-1,-1,0
38,1,6,20,-1,-1,0
38,1,6,21,-1,-1,0
38,1,6,22,-1,-1,0
38,1,6,23,-1,-1,0
38,1,6,24,-1,-1,0
38,1,6,25,-1,-1,0
38,1,6,26,-1,-1,0
38,1,6,27,-1,-1,0
38,1,6,28,-1,-1,0
38,1,6,29,-1,-1,0
38,1,6,30,-1,-1,0
38,1,6,31,-1,-1,0
39,1,7,0,17,6,1
39,1,7,1,17,14,1
39,1,7,2,81,6,1
39,1,7,3,81,14,1
39,1,7,4,17,7,1
39,1,7,5,17,15,1
39,1,7,6,81,7,1
39,1,7,7,81,15,1
39,1,7,8,25,6,1
39,1,7,9,25,14,1
39,1,7,10,89,6,1
39,1,7,11,89,14,1
39,1,7,12,25,7,1
39,1,7,13,25,15,1
39,1,7,14,89,7,1
39,1,7,15,89,15,1
39,1,7,16,-1,-1,0
39,1,7,17,-1,-1,0
39,1,7,18,-1,-1,0
39,1,7,19,-1,-1,0
39,1,7,20,-1,-1,0
39,1,7,21,-1,-1,0
39,1,7,22,-1,-1,0
39,1,7,23,-1,-1,0
39,1,7,24,-1,-1,0
39,1,7,25,-1,-1,0
39,1,7,26,-1,-1,0
39,1,7,27,-1,-1,0
39,1,7,28,-1,-1,0
39,1,7,29,-1,-1,0
39,1,7,30,-1,-1,0
39,1,7,31,-1,-1,0
40,1,8,0,18,0,1
40,1,8,1,18,8,1
40,1,8,2,82,0,1
40,1,8,3,82,8,1
40,1,8,4,18,1,1
40,1,8,5,18,9,1
40,1,8,6,82,1,1
40,1,8,7,82,9,1
40,1,8,8,26,0,1
40,1,8,9,26,8,1
40,1,8,10,90,0,1
40,1,8,11,90,8,1
40,1,8,12,26,1,1
40,1,8,13,26,9,1
40,1,8,14,90,1,1
40,1,8,15,90,9,1
40,1,8,16,-1,-1,0
40,1,8,17,-1,-1,0
40,1,8,18,-1,-1,0
40,1,8,19,-1,-1,0
40,1,8,20,-1,-1,0
40,1,8,21,-1,-1,0
40,1,8,22,-1,-1,0
40,1,8,23,-1,-1,0
40,1,8,24,-1,-1,0
40,1,8,25,-1,-1,0
40,1,8,26,-1,-1,0
40,1,8,27,-1,-1,0
40,1,8,28,-1,-1,0
40,1,8,29,-1,-1,0
40,1,8,30,-1,-1,0
40,1,8,31,-1,-1,0
41,1,9,0,18,2,1
41,1,9,1,18,10,1
41,1,9,2,82,2,1
41,1,9,3,82,10,1
41,1,9,4,18,3,1
41,1,9,5,18,11,1
41,1,9,6,82,3,1
41,1,9,7,82,11,1
41,1,9,8,26,2,1
41,1,9,9,26,10,1
41,1,9,10,90,2,1
41,1,9,11,90,10,1
41,1,9,12,26,3,1
41,1,9,13,26,11,1
41,1,9,14,90,3,1
41,1,9,15,90,11,1
41,1,9,16,-1,-1,0
41,1,9,17,-1,-1,0
41,1,9,18,-1,-1,0
41,1,9,19,-1,-1,0
41,1,9,20,-1,-1,0
41,1,9,21,-1,-1,0
41,1,9,22,-1,-1,0
41,1,9,23,-1,-1,0
41,1,9,24,-1,-1,0
41,1,9,25,-1,-1,0
41,1,9,26,-1,-1,0
41,1,9,27,-1,-1,0
41,1,9,28,-1,-1,0
41,1,9,29,-1,-1,0
41,1,9,30,-1,-1,0
41,1,9,31,-1,-1,0
42,1,10,0,18,4,1
42,1,10,1,18,12,1
42,1,10,2,82,4,1
42,1,10,3,82,12,1
42,1,10,4,18,5,1
42,1,10,5,18,13,1
42,1,10,6,82,5,1
42,1,10,7,82,13,1
42,1,10,8,26,4,1
42,1,10,9,26,12,1
42,1,10,10,90,4,1
42,1,10,11,90,12,1
42,1,10,12,26,5,1
42,1,10,13,26,13,1
42,1,10,14,90,5,1
42,1,10,15,90,13,1
42,1,10,16,-1,-1,0
42,1,10,17,-1,-1,0
42,1,10,18,-1,-1,0
42,1,10,19,-1,-1,0
42,1,10,20,-1,-1,0
42,1,10,21,-1,-1,0
42,1,10,22,-1,-1,0
42,1,10,23,-1,-1,0
42,1,10,24,-1,-1,0
42,1,10,25,-1,-1,0
42,1,10,26,-1,-1,0
42,1,10,27,-1,-1,0
42,1,10,28,-1,-1,0
42,1,10,29,-1,-1,0
42,1,10,30,-1,-1,0
42,1,10,31,-1,-1,0
43,1,11,0,18,6,1
43,1,11,1,18,14,1
43,1,11,2,82,6,1
43,1,11,3,82,14,1
43,1,11,4,18,7,1
43,1,11,5,18,15,1
43,1,11,6,82,7,1
43,1,11,7,82,15,1
43,1,11,8,26,6,1
43,1,11,9,26,14,1
43,1,11,10,90,6,1
43,1,11,11,90,14,1
43,1,11,12,26,7,1
43,1,11,13,26,15,1
43,1,11,14,90,7,1
43,1,11,15,90,15,1
43,1,11,16,-1,-1,0
43,1,11,17,-1,-1,0
43,1,11,18,-1,-1,0
43,1,11,19,-1,-1,0
43,1,11,20,-1,-1,0
43,1,11,21,-1,-1,0
43,1,11,22,-1,-1,0
43,1,11,23,-1,-1,0
43,1,11,24,-1,-1,0
43,1,11,25,-1,-1,0
43,1,11,26,-1,-1,0
43,1,11,27,-1,-1,0
43,1,11,28,-1,-1,0
43,1,11,29,-1,-1,0
43,1,11,30,-1,-1,0
43,1,11,31,-1,-1,0
44,1,12,0,19,0,1
44,1,12,1,19,8,1
44,1,12,2,83,0,1
44,1,12,3,83,8,1
44,1,12,4,19,1,1
44,1,12,5,19,9,1
44,1,12,6,83,1,1
44,1,12,7,83,9,1
44,1,12,8,27,0,1
44,1,12,9,27,8,1
44,1,12,10,91,0,1
44,1,12,11,91,8,1
44,1,12,12,27,1,1
44,1,12,13,27,9,1
44,1,12,14,91,1,1
44,1,12,15,91,9,1
44,1,12,16,-1,-1,0
44,1,12,17,-1,-1,0
44,1,12,18,-1,-1,0
44,1,12,19,-1,-1,0
44,1,12,20,-1,-1,0
44,1,12,21,-1,-1,0
44,1,12,22,-1,-1,0
44,1,12,23,-1,-1,0
44,1,12,24,-1,-1,0
44,1,12,25,-1,-1,0
44,1,12,26,-1,-1,0
44,1,12,27,-1,-1,0
44,1,12,28,-1,-1,0
44,1,12,29,-1,-1,0
44,1,12,30,-1,-1,0
44,1,12,31,-1,-1,0
45,1,13,0,19,2,1
45,1,13,1,19,10,1
45,1,13,2,83,2,1
45,1,13,3,83,10,1
45,1,13,4,19,3,1
45,1,13,5,19,11,1
45,1,13,6,83,3,1
45,1,13,7,83,11,1
45,1,13,8,27,2,1
45,1,13,9,27,10,1
45,1,13,10,91,2,1
45,1,13,11,91,10,1
45,1,13,12,27,3,1
45,1,13,13,27,11,1
45,1,13,14,91,3,1
45,1,13,15,91,11,1
45,1,13,16,-1,-1,0
45,1,13,17,-1,-1,0
45,1,13,18,-1,-1,0
45,1,13,19,-1,-1,0
45,1,13,20,-1,-1,0
45,1,13,21,-1,-1,0
45,1,13,22,-1,-1,0
45,1,13,23,-1,-1,0
45,1,13,24,-1,-1,0
45,1,13,25,-1,-1,0
45,1,13,26,-1,-1,0
45,1,13,27,-1,-1,0
45,1,13,28,-1,-1,0
45,1,13,29,-1,-1,0
45,1,13,30,-1,-1,0
45,1,13,31,-1,-1,0
46,1,14,0,19,4,1
46,1,14,1,19,12,1
46,1,14,2,83,4,1
46,1,14,3,83,12,1
46,1,14,4,19,5,1
46,1,14,5,19,13,1
46,1,14,6,83,5,1
46,1,14,7,83,13,1
46,1,14,8,27,4,1
46,1,14,9,27,12,1
46,1,14,10,91,4,1
46,1,14,11,91,12,1
46,1,14,12,27,5,1
46,1,14,13,27,13,1
46,1,14,14,91,5,1
46,1,14,15,91,13,1
46,1,14,16,-1,-1,0
46,1,14,17,-1,-1,0
46,1,14,18,-1,-1,0
46,1,14,19,-1,-1,0
46,1,14,20,-1,-1,0
46,1,14,21,-1,-1,0
46,1,14,22,-1,-1,0
46,1,14,23,-1,-1,0
46,1,14,24,-1,-1,0
46,1,14,25,-1,-1,0
46,1,14,26,-1,-1,0
46,1,14,27,-1,-1,0
46,1,14,28,-1,-1,0
46,1,14,29,-1,-1,0
46,1,14,30,-1,-1,0
46,1,14,31,-1,-1,0
47,1,15,0,19,6,1
47,1,15,1,19,14,1
47,1,15,2,83,6,1
47,1,15,3,83,14,1
47,1,15,4,19,7,1
47,1,15,5,19,15,1
47,1,15,6,83,7,1
47,1,15,7,83,15,1
47,1,15,8,27,6,1
47,1,15,9,27,14,1
47,1,15,10,91,6,1
47,1,15,11,91,14,1
47,1,15,12,27,7,1
47,1,15,13,27,15,1
47,1,15,14,91,7,1
47,1,15,15,91,15,1
47,1,15,16,-1,-1,0
47,1,15,17,-1,-1,0
47,1,15,18,-1,-1,0
47,1,15,19,-1,-1,0
47,1,15,20,-1,-1,0
47,1,15,21,-1,-1,0
47,1,15,22,-1,-1,0
47,1,15,23,-1,-1,0
47,1,15,24,-1,-1,0
47,1,15,25,-1,-1,0
47,1,15,26,-1,-1,0
47,1,15,27,-1,-1,0
47,1,15,28,-1,-1,0
47,1,15,29,-1,-1,0
47,1,15,30,-1,-1,0
47,1,15,31,-1,-1,0
48,1,16,0,20,0,1
48,1,16,1,20,8,1
48,1,16,2,84,0,1
48,1,16,3,84,8,1
48,1,16,4,20,1,1
48,1,16,5,20,9,1
48,1,16,6,84,1,1
48,1,16,7,84,9,1
48,1,16,8,28,0,1
48,1,16,9,28,8,1
48,1,16,10,92,0,1
48,1,16,11,92,8,1
48,1,16,12,28,1,1
48,1,16,13,28,9,1
48,1,16,14,92,1,1
48,1,16,15,92,9,1
48,1,16,16,-1,-1,0
48,1,16,17,-1,-1,0
48,1,16,18,-1,-1,0
48,1,16,19,-1,-1,0
48,1,16,20,-1,-1,0
48,1,16,21,-1,-1,0
48,1,16,22,-1,-1,0
48,1,16,23,-1,-1,0
48,1,16,24,-1,-1,0
48,1,16,25,-1,-1,0
48,1,16,26,-1,-1,0
48,1,16,27,-1,-1,0
48,1,16,28,-1,-1,0
48,1,16,29,-1,-1,0
48,1,16,30,-1,-1,0
48,1,16,31,-1,-1,0
49,1,17,0,20,2,1
49,1,17,1,20,10,1
49,1,17,2,84,2,1
49,1,17,3,84,10,1
49,1,17,4,20,3,1
49,1,17,5,20,11,1
49,1,17,6,84,3,1
49,1,17,7,84,11,1
49,1,17,8,28,2,1
49,1,17,9,28,10,1
49,1,17,10,92,2,1
49,1,17,11,92,10,1
49,1,17,12,28,3,1
49,1,17,13,28,11,1
49,1,17,14,92,3,1
49,1,17,15,92,11,1
49,1,17,16,-1,-1,0
49,1,17,17,-1,-1,0
49,1,17,18,-1,-1,0
49,1,17,19,-1,-1,0
49,1,17,20,-1,-1,0
49,1,17,21,-1,-1,0
49,1,17,22,-1,-1,0
49,1,17,23,-1,-1,0
49,1,17,24,-1,-1,0
49,1,17,25,-1,-1,0
49,1,17,26,-1,-1,0
49,1,17,27,-1,-1,0
49,1,17,28,-1,-1,0
49,1,17,29,-1,-1,0
49,1,17,30,-1,-1,0
49,1,17,31,-1,-1,0
50,1,18,0,20,4,1
50,1,18,1,20,12,1
50,1,18,2,84,4,1
50,1,18,3,84,12,1
50,1,18,4,20,5,1
50,1,18,5,20,13,1
50,1,18,6,84,5,1
50,1,18,7,84,13,1
50,1,18,8,28,4,1
50,1,18,9,28,12,1
50,1,18,10,92,4,1
50,1,18,11,92,12,1
50,1,18,12,28,5,1
50,1,18,13,28,13,1
50,1,18,14,92,5,1
50,1,18,15,92,13,1
50,1,18,16,-1,-1,0
50,1,18,17,-1,-1,0
50,1,18,18,-1,-1,0
50,1,18,19,-1,-1,0
50,1,18,20,-1,-1,0
50,1,18,21,-1,-1,0
50,1,18,22,-1,-1,0
50,1,18,23,-1,-1,0
50,1,18,24,-1,-1,0
50,1,18,25,-1,-1,0
50,1,18,26,-1,-1,0
50,1,18,27,-1,-1,0
50,1,18,28,-1,-1,0
50,1,18,29,-1,-1,0
50,1,18,30,-1,-1,0
50,1,18,31,-1,-1,0
51,1,19,0,20,6,1
51,1,19,1,20,14,1
51,1,19,2,84,6,1
51,1,19,3,84,14,1
51,1,19,4,20,7,1
51,1,19,5,20,15,1
51,1,19,6,84,7,1
51,1,19,7,84,15,1
51,1,19,8,28,6,1
51,1,19,9,28,14,1
51,1,19,10,92,6,1
51,1,19,11,92,14,1
51,1,19,12,28,7,1
51,1,19,13,28,15,1
51,1,19,14,92,7,1
51,1,19,15,92,15,1
51,1,19,16,-1,-1,0
51,1,19,17,-1,-1,0
51,1,19,18,-1,-1,0
51,1,19,19,-1,-1,0
51,1,19,20,-1,-1,0
51,1,19,21,-1,-1,0
51,1,19,22,-1,-1,0
51,1,19,23,-1,-1,0
51,1,19,24,-1,-1,0
51,1,19,25,-1,-1,0
51,1,19,26,-1,-1,0
51,1,19,27,-1,-1,0
51,1,19,28,-1,-1,0
51,1,19,29,-1,-1,0
51,1,19,30,-1,-1,0
51,1,19,31,-1,-1,0
52,1,20,0,21,0,1
52,1,20,1,21,8,1
52,1,20,2,85,0,1
52,1,20,3,85,8,1
52,1,20,4,21,1,1
52,1,20,5,21,9,1
52,1,20,6,85,1,1
52,1,20,7,85,9,1
52,1,20,8,29,0,1
52,1,20,9,29,8,1
52,1,20,10,93,0,1
52,1,20,11,93,8,1
52,1,20,12,29,1,1
52,1,20,13,29,9,1
52,1,20,14,93,1,1
52,1,20,15,93,9,1
52,1,20,16,-1,-1,0
52,1,20,17,-1,-1,0
52,1,20,18,-1,-1,0
52,1,20,19,-1,-1,0
52,1,20,20,-1,-1,0
52,1,20,21,-1,-1,0
52,1,20,22,-1,-1,0
52,1,20,23,-1,-1,0
52,1,20,24,-1,-1,0
52,1,20,25,-1,-1,0
52,1,20,26,-1,-1,0
52,1,20,27,-1,-1,0
52,1,20,28,-1,-1,0
52,1,20,29,-1,-1,0
52,1,20,30,-1,-1,0
52,1,20,31,-1,-1,0
53,1,21,0,21,2,1
53,1,21,1,21,10,1
53,1,21,2,85,2,1
53,1,21,3,85,10,1
53,1,21,4,21,3,1
53,1,21,5,21,11,1
53,1,21,6,85,3,1
53,1,21,7,85,11,1
53,1,21,8,29,2,1
53,1,21,9,29,10,1
53,1,21,10,93,2,1
53,1,21,11,93,10,1
53,1,21,12,29,3,1
53,1,21,13,29,11,1
53,1,21,14,93,3,1
53,1,21,15,93,11,1
53,1,21,16,-1,-1,0
53,1,21,17,-1,-1,0
53,1,21,18,-1,-1,0
53,1,21,19,-1,-1,0
53,1,21,20,-1,-1,0
53,1,21,21,-1,-1,0
53,1,21,22,-1,-1,0
53,1,21,23,-1,-1,0
53,1,21,24,-1,-1,0
53,1,21,25,-1,-1,0
53,1,21,26,-1,-1,0
53,1,21,27,-1,-1,0
53,1,21,28,-1,-1,0
53,1,21,29,-1,-1,0
53,1,21,30,-1,-1,0
53,1,21,31,-1,-1,0
54,1,22,0,21,4,1
54,1,22,1,21,12,1
54,1,22,2,85,4,1
54,1,22,3,85,12,1
54,1,22,4,21,5,1
54,1,22,5,21,13,1
54,1,22,6,85,5,1
54,1,22,7,85,13,1
54,1,22,8,29,4,1
54,1,22,9,29,12,1
54,1,22,10,93,4,1
54,1,22,11,93,12,1
54,1,22,12,29,5,1
54,1,22,13,29,13,1
54,1,22,14,93,5,1
54,1,22,15,93,13,1
54,1,22,16,-1,-1,0
54,1,22,17,-1,-1,0
54,1,22,18,-1,-1,0
54,1,22,19,-1,-1,0
54,1,22,20,-1,-1,0
54,1,22,21,-1,-1,0
54,1,22,22,-1,-1,0
54,1,22,23,-1,-1,0
54,1,22,24,-1,-1,0
54,1,22,25,-1,-1,0
54,1,22,26,-1,-1,0
54,1,22,27,-1,-1,0
54,1,22,28,-1,-1,0
54,1,22,29,-1,-1,0
54,1,22,30,-1,-1,0
54,1,22,31,-1,-1,0
55,1,23,0,21,6,1
55,1,23,1,21,14,1
55,1,23,2,85,6,1
55,1,23,3,85,14,1
55,1,23,4,21,7,1
55,1,23,5,21,15,1
55,1,23,6,85,7,1
55,1,23,7,85,15,1
55,1,23,8,29,6,1
55,1,23,9,29,14,1
55,1,23,10,93,6,1
55,1,23,11,93,14,1
55,1,23,12,29,7,1
55,1,23,13,29,15,1
55,1,23,14,93,7,1
55,1,23,15,93,15,1
55,1,23,16,-1,-1,0
55,1,23,17,-1,-1,0
55,1,23,18,-1,-1,0
55,1,23,19,-1,-1,0
55,1,23,20,-1,-1,0
55,1,23,21,-1,-1,0
55,1,23,22,-1,-1,0
55,1,23,23,-1,-1,0
55,1,23,24,-1,-1,0
55,1,23,25,-1,-1,0
55,1,23,26,-1,-1,0
55,1,23,27,-1,-1,0
55,1,23,28,-1,-1,0
55,1,23,29,-1,-1,0
55,1,23,30,-1,-1,0
55,1,23,31,-1,-1,0
56,1,24,0,22,0,1
56,1,24,1,22,8,1
56,1,24,2,86,0,1
56,1,24,3,86,8,1
56,1,24,4,22,1,1
56,1,24,5,22,9,1
56,1,24,6,86,1,1
56,1,24,7,86,9,1
56,1,24,8,30,0,1
56,1,24,9,30,8,1
56,1,24,10,94,0,1
56,1,24,11,94,8,1
56,1,24,12,30,1,1
56,1,24,13,30,9,1
56,1,24,14,94,1,1
56,1,24,15,94,9,1
56,1,24,16,-1,-1,0
56,1,24,17,-1,-1,0
56,1,24,18,-1,-1,0
56,1,24,19,-1,-1,0
56,1,24,20,-1,-1,0
56,1,24,21,-1,-1,0
56,1,24,22,-1,-1,0
56,1,24,23,-1,-1,0
56,1,24,24,-1,-1,0
56,1,24,25,-1,-1,0
56,1,24,26,-1,-1,0
56,1,24,27,-1,-1,0
56,1,24,28,-1,-1,0
56,1,24,29,-1,-1,0
56,1,24,30,-1,-1,0
56,1,24,31,-1,-1,0
57,1,25,0,22,2,1
57,1,25,1,22,10,1
57,1,25,2,86,2,1
57,1,25,3,86,10,1
57,1,25,4,22,3,1
57,1,25,5,22,11,1
57,1,25,6,86,3,1
57,1,25,7,86,11,1
57,1,25,8,30,2,1
57,1,25,9,30,10,1
57,1,25,10,94,2,1
57,1,25,11,94,10,1
57,1,25,12,30,3,1
57,1,25,13,30,11,1
57,1,25,14,94,3,1
57,1,25,15,94,11,1
57,1,25,16,-1,-1,0
57,1,25,17,-1,-1,0
57,1,25,18,-1,-1,0
57,1,25,19,-1,-1,0
57,1,25,20,-1,-1,0
57,1,25,21,-1,-1,0
57,1,25,22,-1,-1,0
57,1,25,23,-1,-1,0
57,1,25,24,-1,-1,0
57,1,25,25,-1,-1,0
57,1,25,26,-1,-1,0
57,1,25,27,-1,-1,0
57,1,25,28,-1,-1,0
57,1,25,29,-1,-1,0
57,1,25,30,-1,-1,0
57,1,25,31,-1,-1,0
58,1,26,0,22,4,1
58,1,26,1,22,12,1
58,1,26,2,86,4,1
58,1,26,3,86,12,1
58,1,26,4,22,5,1
58,1,26,5,22,13,1
58,1,26,6,86,5,1
58,1,26,7,86,13,1
58,1,26,8,30,4,1
58,1,26,9,30,12,1
58,1,26,10,94,4,1
58,1,26,11,94,12,1
58,1,26,12,30,5,1
58,1,26,13,30,13,1
58,1,26,14,94,5,1
58,1,26,15,94,13,1
58,1,26,16,-1,-1,0
58,1,26,17,-1,-1,0
58,1,26,18,-1,-1,0
58,1,26,19,-1,-1,0
58,1,26,20,-1,-1,0
58,1,26,21,-1,-1,0
58,1,26,22,-1,-1,0
58,1,26,23,-1,-1,0
58,1,26,24,-1,-1,0
58,1,26,25,-1,-1,0
58,1,26,26,-1,-1,0
58,1,26,27,-1,-1,0
58,1,26,28,-1,-1,0
58,1,26,29,-1,-1,0
58,1,26,30,-1,-1,0
58,1,26,31,-1,-1,0
59,1,27,0,22,6,1
59,1,27,1,22,14,1
59,1,27,2,86,6,1
59,1,27,3,86,14,1
59,1,27,4,22,7,1
59,1,27,5,22,15,1
59,1,27,6,86,7,1
59,1,27,7,86,15,1
59,1,27,8,30,6,1
59,1,27,9,30,14,1
59,1,27,10,94,6,1
59,1,27,11,94,14,1
59,1,27,12,30,7,1
59,1,27,13,30,15,1
59,1,27,14,94,7,1
59,1,27,15,94,15,1
59,1,27,16,-1,-1,0
59,1,27,17,-1,-1,0
59,1,27,18,-1,-1,0
59,1,27,19,-1,-1,0
59,1,27,20,-1,-1,0
59,1,27,21,-1,-1,0
59,1,27,22,-1,-1,0
59,1,27,23,-1,-1,0
59,1,27,24,-1,-1,0
59,1,27,25,-1,-1,0
59,1,27,26,-1,-1,0
59,1,27,27,-1,-1,0
59,1,27,28,-1,-1,0
59,1,27,29,-1,-1,0
59,1,27,30,-1,-1,0
59,1,27,31,-1,-1,0
60,1,28,0,23,0,1
60,1,28,1,23,8,1
60,1,28,2,87,0,1
60,1,28,3,87,8,1
60,1,28,4,23,1,1
60,1,28,5,23,9,1
60,1,28,6,87,1,1
60,1,28,7,87,9,1
60,1,28,8,31,0,1
60,1,28,9,31,8,1
60,1,28,10,95,0,1
60,1,28,11,95,8,1
60,1,28,12,31,1,1
60,1,28,13,31,9,1
60,1,28,14,95,1,1
60,1,28,15,95,9,1
60,1,28,16,-1,-1,0
60,1,28,17,-1,-1,0
60,1,28,18,-1,-1,0
60,1,28,19,-1,-1,0
60,1,28,20,-1,-1,0
60,1,28,21,-1,-1,0
60,1,28,22,-1,-1,0
60,1,28,23,-1,-1,0
60,1,28,24,-1,-1,0
60,1,28,25,-1,-1,0
60,1,28,26,-1,-1,0
60,1,28,27,-1,-1,0
60,1,28,28,-1,-1,0
60,1,28,29,-1,-1,0
60,1,28,30,-1,-1,0
60,1,28,31,-1,-1,0
61,1,29,0,23,2,1
61,1,29,1,23,10,1
61,1,29,2,87,2,1
61,1,29,3,87,10,1
61,1,29,4,23,3,1
61,1,29,5,23,11,1
61,1,29,6,87,3,1
61,1,29,7,87,11,1
61,1,29,8,31,2,1
61,1,29,9,31,10,1
61,1,29,10,95,2,1
61,1,29,11,95,10,1
61,1,29,12,31,3,1
61,1,29,13,31,11,1
61,1,29,14,95,3,1
61,1,29,15,95,11,1
61,1,29,16,-1,-1,0
61,1,29,17,-1,-1,0
61,1,29,18,-1,-1,0
61,1,29,19,-1,-1,0
61,1,29,20,-1,-1,0
61,1,29,21,-1,-1,0
61,1,29,22,-1,-1,0
61,1,29,23,-1,-1,0
61,1,29,24,-1,-1,0
61,1,29,25,-1,-1,0
61,1,29,26,-1,-1,0
61,1,29,27,-1,-1,0
61,1,29,28,-1,-1,0
61,1,29,29,-1,-1,0
61,1,29,30,-1,-1,0
61,1,29,31,-1,-1,0
62,1,30,0,23,4,1
62,1,30,1,23,12,1
62,1,30,2,87,4,1
62,1,30,3,87,12,1
62,1,30,4,23,5,1
62,1,30,5,23,13,1
62,1,30,6,87,5,1
62,1,30,7,87,13,1
62,1,30,8,31,4,1
62,1,30,9,31,12,1
62,1,30,10,95,4,1
62,1,30,11,95,12,1
62,1,30,12,31,5,1
62,1,30,13,31,13,1
62,1,30,14,95,5,1
62,1,30,15,95,13,1
62,1,30,16,-1,-1,0
62,1,30,17,-1,-1,0
62,1,30,18,-1,-1,0
62,1,30,19,-1,-1,0
62,1,30,20,-1,-1,0
62,1,30,21,-1,-1,0
62,1,30,22,-1,-1,0
62,1,30,23,-1,-1,0
62,1,30,24,-1,-1,0
62,1,30,25,-1,-1,0
62,1,30,26,-1,-1,0
62,1,30,27,-1,-1,0
62,1,30,28,-1,-1,0
62,1,30,29,-1,-1,0
62,1,30,30,-1,-1,0
62,1,30,31,-1,-1,0
63,1,31,0,23,6,1
63,1,31,1,23,14,1
63,1,31,2,87,6,1
63,1,31,3,87,14,1
63,1,31,4,23,7,1
63,1,31,5,23,15,1
63,1,31,6,87,7,1
63,1,31,7,87,15,1
63,1,31,8,31,6,1
63,1,31,9,31,14,1
63,1,31,10,95,6,1
63,1,31,11,95,14,1
63,1,31,12,31,7,1
63,1,31,13,31,15,1
63,1,31,14,95,7,1
63,1,31,15,95,15,1
63,1,31,16,-1,-1,0
63,1,31,17,-1,-1,0
63,1,31,18,-1,-1,0
63,1,31,19,-1,-1,0
63,1,31,20,-1,-1,0
63,1,31,21,-1,-1,0
63,1,31,22,-1,-1,0
63,1,31,23,-1,-1,0
63,1,31,24,-1,-1,0
63,1,31,25,-1,-1,0
63,1,31,26,-1,-1,0
63,1,31,27,-1,-1,0
63,1,31,28,-1,-1,0
63,1,31,29,-1,-1,0
63,1,31,30,-1,-1,0
63,1,31,31,-1,-1,0
64,2,0,0,32,0,1
64,2,0,1,32,8,1
64,2,0,2,96,0,1
64,2,0,3,96,8,1
64,2,0,4,32,1,1
64,2,0,5,32,9,1
64,2,0,6,96,1,1
64,2,0,7,96,9,1
64,2,0,8,40,0,1
64,2,0,9,40,8,1
64,2,0,10,104,0,1
64,2,0,11,104,8,1
64,2,0,12,40,1,1
64,2,0,13,40,9,1
64,2,0,14,104,1,1
64,2,0,15,104,9,1
64,2,0,16,-1,-1,0
64,2,0,17,-1,-1,0
64,2,0,18,-1,-1,0
64,2,0,19,-1,-1,0
64,2,0,20,-1,-1,0
64,2,0,21,-1,-1,0
64,2,0,22,-1,-1,0
64,2,0,23,-1,-1,0
64,2,0,24,-1,-1,0
64,2,0,25,-1,-1,0
64,2,0,26,-1,-1,0
64,2,0,27,-1,-1,0
64,2,0,28,-1,-1,0
64,2,0,29,-1,-1,0
64,2,0,30,-1,-1,0
64,2,0,31,-1,-1,0
65,2,1,0,32,2,1
65,2,1,1,32,10,1
65,2,1,2,96,2,1
65,2,1,3,96,10,1
65,2,1,4,32,3,1
65,2,1,5,32,11,1
65,2,1,6,96,3,1
65,2,1,7,96,11,1
65,2,1,8,40,2,1
65,2,1,9,40,10,1
65,2,1,10,104,2,1
65,2,1,11,104,10,1
65,2,1,12,40,3,1
65,2,1,13,40,11,1
65,2,1,14,104,3,1
65,2,1,15,104,11,1
65,2,1,16,-1,-1,0
65,2,1,17,-1,-1,0
65,2,1,18,-1,-1,0
65,2,1,19,-1,-1,0
65,2,1,20,-1,-1,0
65,2,1,21,-1,-1,0
65,2,1,22,-1,-1,0
65,2,1,23,-1,-1,0
65,2,1,24,-1,-1,0
65,2,1,25,-1,-1,0
65,2,1,26,-1,-1,0
65,2,1,27,-1,-1,0
65,2,1,28,-1,-1,0
65,2,1,29,-1,-1,0
65,2,1,30,-1,-1,0
65,2,1,31,-1,-1,0
66,2,2,0,32,4,1
66,2,2,1,32,12,1
66,2,2,2,96,4,1
66,2,2,3,96,12,1
66,2,2,4,32,5,1
66,2,2,5,32,13,1
66,2,2,6,96,5,1
66,2,2,7,96,13,1
66,2,2,8,40,4,1
66,2,2,9,40,12,1
66,2,2,10,104,4,1
66,2,2,11,104,12,1
66,2,2,12,40,5,1
66,2,2,13,40,13,1
66,2,2,14,104,5,1
66,2,2,15,104,13,1
66,2,2,16,-1,-1,0
66,2,2,17,-1,-1,0
66,2,2,18,-1,-1,0
66,2,2,19,-1,-1,0
66,2,2,20,-1,-1,0
66,2,2,21,-1,-1,0
66,2,2,22,-1,-1,0
66,2,2,23,-1,-1,0
66,2,2,24,-1,-1,0
66,2,2,25,-1,-1,0
66,2,2,26,-1,-1,0
66,2,2,27,-1,-1,0
66,2,2,28,-1,-1,0
66,2,2,29,-1,-1,0
66,2,2,30,-1,-1,0
66,2,2,31,-1,-1,0
67,2,3,0,32,6,1
67,2,3,1,32,14,1
67,2,3,2,96,6,1
67,2,3,3,96,14,1
67,2,3,4,32,7,1
67,2,3,5,32,15,1
67,2,3,6,96,7,1
67,2,3,7,96,15,1
67,2,3,8,40,6,1
67,2,3,9,40,14,1
67,2,3,10,104,6,1
67,2,3,11,104,14,1
67,2,3,12,40,7,1
67,2,3,13,40,15,1
67,2,3,14,104,7,1
67,2,3,15,104,15,1
67,2,3,16,-1,-1,0
67,2,3,17,-1,-1,0
67,2,3,18,-1,-1,0
67,2,3,19,-1,-1,0
67,2,3,20,-1,-1,0
67,2,3,21,-1,-1,0
67,2,3,22,-1,-1,0
67,2,3,23,-1,-1,0
67,2,3,24,-1,-1,0
67,2,3,25,-1,-1,0
67,2,3,26,-1,-1,0
67,2,3,27,-1,-1,0
67,2,3,28,-1,-1,0
67,2,3,29,-1,-1,0
67,2,3,30,-1,-1,0
67,2,3,31,-1,-1,0
68,2,4,0,33,0,1
68,2,4,1,33,8,1
68,2,4,2,97,0,1
68,2,4,3,97,8,1
68,2,4,4,33,1,1
68,2,4,5,33,9,1
68,2,4,6,97,1,1
68,2,4,7,97,9,1
68,2,4,8,41,0,1
68,2,4,9,41,8,1
68,2,4,10,105,0,1
68,2,4,11,105,8,1
68,2,4,12,41,1,1
68,2,4,13,41,9,1
68,2,4,14,105,1,1
68,2,4,15,105,9,1
68,2,4,16,-1,-1,0
68,2,4,17,-1,-1,0
68,2,4,18,-1,-1,0
68,2,4,19,-1,-1,0
68,2,4,20,-1,-1,0
68,2,4,21,-1,-1,0
68,2,4,22,-1,-1,0
68,2,4,23,-1,-1,0
68,2,4,24,-1,-1,0
68,2,4,25,-1,-1,0
68,2,4,26,-1,-1,0
68,2,4,27,-1,-1,0
68,2,4,28,-1,-1,0
68,2,4,29,-1,-1,0
68,2,4,30,-1,-1,0
68,2,4,31,-1,-1,0
69,2,5,0,33,2,1
69,2,5,1,33,10,1
69,2,5,2,97,2,1
69,2,5,3,97,10,1
69,2,5,4,33,3,1
69,2,5,5,33,11,1
69,2,5,6,97,3,1
69,2,5,7,97,11,1
69,2,5,8,41,2,1
69,2,5,9,41,10,1
69,2,5,10,105,2,1
69,2,5,11,105,10,1
69,2,5,12,41,3,1
69,2,5,13,41,11,1
69,2,5,14,105,3,1
69,2,5,15,105,11,1
69,2,5,16,-1,-1,0
69,2,5,17,-1,-1,0
69,2,5,18,-1,-1,0
69,2,5,19,-1,-1,0
69,2,5,20,-1,-1,0
69,2,5,21,-1,-1,0
69,2,5,22,-1,-1,0
69,2,5,23,-1,-1,0
69,2,5,24,-1,-1,0
69,2,5,25,-1,-1,0
69,2,5,26,-1,-1,0
69,2,5,27,-1,-1,0
69,2,5,28,-1,-1,0
69,2,5,29,-1,-1,0
69,2,5,30,-1,-1,0
69,2,5,31,-1,-1,0
70,2,6,0,33,4,1
70,2,6,1,33,12,1
70,2,6,2,97,4,1
70,2,6,3,97,12,1
70,2,6,4,33,5,1
70,2,6,5,33,13,1
70,2,6,6,97,5,1
70,2,6,7,97,13,1
70,2,6,8,41,4,1
70,2,6,9,41,12,1
70,2,6,10,105,4,1
70,2,6,11,105,12,1
70,2,6,12,41,5,1
70,2,6,13,41,13,1
70,2,6,14,105,5,1
70,2,6,15,105,13,1
70,2,6,16,-1,-1,0
70,2,6,17,-1,-1,0
70,2,6,18,-1,-1,0
70,2,6,19,-1,-1,0
70,2,6,20,-1,-1,0
70,2,6,21,-1,-1,0
70,2,6,22,-1,-1,0
70,2,6,23,-1,-1,0
70,2,6,24,-1,-1,0
70,2,6,25,-1,-1,0
70,2,6,26,-1,-1,0
70,2,6,27,-1,-1,0
70,2,6,28,-1,-1,0
70,2,6,29,-1,-1,0
70,2,6,30,-1,-1,0
70,2,6,31,-1,-1,0
71,2,7,0,33,6,1
71,2,7,1,33,14,1
71,2,7,2,97,6,1
71,2,7,3,97,14,1
71,2,7,4,33,7,1
71,2,7,5,33,15,1
71,2,7,6,97,7,1
71,2,7,7,97,15,1
71,2,7,8,41,6,1
71,2,7,9,41,14,1
71,2,7,10,105,6,1
71,2,7,11,105,14,1
71,2,7,12,41,7,1
71,2,7,13,41,15,1
71,2,7,14,105,7,1
71,2,7,15,105,15,1
71,2,7,16,-1,-1,0
71,2,7,17,-1,-1,0
71,2,7,18,-1,-1,0
71,2,7,19,-1,-1,0
71,2,7,20,-1,-1,0
71,2,7,21,-1,-1,0
71,2,7,22,-1,-1,0
71,2,7,23,-1,-1,0
71,2,7,24,-1,-1,0
71,2,7,25,-1,-1,0
71,2,7,26,-1,-1,0
71,2,7,27,-1,-1,0
71,2,7,28,-1,-1,0
71,2,7,29,-1,-1,0
71,2,7,30,-1,-1,0
71,2,7,31,-1,-1,0
72,2,8,0,34,0,1
72,2,8,1,34,8,1
72,2,8,2,98,0,1
72,2,8,3,98,8,1
72,2,8,4,34,1,1
72,2,8,5,34,9,1
72,2,8,6,98,1,1
72,2,8,7,98,9,1
72,2,8,8,42,0,1
72,2,8,9,42,8,1
72,2,8,10,106,0,1
72,2,8,11,106,8,1
72,2,8,12,42,1,1
72,2,8,13,42,9,1
72,2,8,14,106,1,1
72,2,8,15,106,9,1
72,2,8,16,-1,-1,0
72,2,8,17,-1,-1,0
72,2,8,18,-1,-1,0
72,2,8,19,-1,-1,0
72,2,8,20,-1,-1,0
72,2,8,21,-1,-1,0
72,2,8,22,-1,-1,0
72,2,8,23,-1,-1,0
72,2,8,24,-1,-1,0
72,2,8,25,-1,-1,0
72,2,8,26,-1,-1,0
72,2,8,27,-1,-1,0
72,2,8,28,-1,-1,0
72,2,8,29,-1,-1,0
72,2,8,30,-1,-1,0
72,2,8,31,-1,-1,0
73,2,9,0,34,2,1
73,2,9,1,34,10,1
73,2,9,2,98,2,1
73,2,9,3,98,10,1
73,2,9,4,34,3,1
73,2,9,5,34,11,1
73,2,9,6,98,3,1
73,2,9,7,98,11,1
73,2,9,8,42,2,1
73,2,9,9,42,10,1
73,2,9,10,106,2,1
73,2,9,11,106,10,1
73,2,9,12,42,3,1
73,2,9,13,42,11,1
73,2,9,14,106,3,1
73,2,9,15,106,11,1
73,2,9,16,-1,-1,0
73,2,9,17,-1,-1,0
73,2,9,18,-1,-1,0
73,2,9,19,-1,-1,0
73,2,9,20,-1,-1,0
73,2,9,21,-1,-1,0
73,2,9,22,-1,-1,0
73,2,9,23,-1,-1,0
73,2,9,24,-1,-1,0
73,2,9,25,-1,-1,0
73,2,9,26,-1,-1,0
73,2,9,27,-1,-1,0
73,2,9,28,-1,-1,0
73,2,9,29,-1,-1,0
73,2,9,30,-1,-1,0
73,2,9,31,-1,-1,0
74,2,10,0,34,4,1
74,2,10,1,34,12,1
74,2,10,2,98,4,1
74,2,10,3,98,12,1
74,2,10,4,34,5,1
74,2,10,5,34,13,1
74,2,10,6,98,5,1
74,2,10,7,98,13,1
74,2,10,8,42,4,1
74,2,10,9,42,12,1
74,2,10,10,106,4,1
74,2,10,11,106,12,1
74,2,10,12,42,5,1
74,2,10,13,42,13,1
74,2,10,14,106,5,1
74,2,10,15,106,13,1
74,2,10,16,-1,-1,0
74,2,10,17,-1,-1,0
74,2,10,18,-1,-1,0
74,2,10,19,-1,-1,0
74,2,10,20,-1,-1,0
74,2,10,21,-1,-1,0
74,2,10,22,-1,-1,0
74,2,10,23,-1,-1,0
74,2,10,24,-1,-1,0
74,2,10,25,-1,-1,0
74,2,10,26,-1,-1,0
74,2,10,27,-1,-1,0
74,2,10,28,-1,-1,0
74,2,10,29,-1,-1,0
74,2,10,30,-1,-1,0
74,2,10,31,-1,-1,0
75,2,11,0,34,6,1
75,2,11,1,34,14,1
75,2,11,2,98,6,1
75,2,11,3,98,14,1
75,2,11,4,34,7,1
75,2,11,5,34,15,1
75,2,11,6,98,7,1
75,2,11,7,98,15,1
75,2,11,8,42,6,1
75,2,11,9,42,14,1
75,2,11,10,106,6,1
75,2,11,11,106,14,1
75,2,11,12,42,7,1
75,2,11,13,42,15,1
75,2,11,14,106,7,1
75,2,11,15,106,15,1
75,2,11,16,-1,-1,0
75,2,11,17,-1,-1,0
75,2,11,18,-1,-1,0
75,2,11,19,-1,-1,0
75,2,11,20,-1,-1,0
75,2,11,21,-1,-1,0
75,2,11,22,-1,-1,0
75,2,11,23,-1,-1,0
75,2,11,24,-1,-1,0
75,2,11,25,-1,-1,0
75,2,11,26,-1,-1,0
75,2,11,27,-1,-1,0
75,2,11,28,-1,-1,0
75,2,11,29,-1,-1,0
75,2,11,30,-1,-1,0
75,2,11,31,-1,-1,0
76,2,12,0,35,0,1
76,2,12,1,35,8,1
76,2,12,2,99,0,1
76,2,12,3,99,8,1
76,2,12,4,35,1,1
76,2,12,5,35,9,1
76,2,12,6,99,1,1
76,2,12,7,99,9,1
76,2,12,8,43,0,1
76,2,12,9,43,8,1
76,2,12,10,107,0,1
76,2,12,11,107,8,1
76,2,12,12,43,1,1
76,2,12,13,43,9,1
76,2,12,14,107,1,1
76,2,12,15,107,9,1
76,2,12,16,-1,-1,0
76,2,12,17,-1,-1,0
76,2,12,18,-1,-1,0
76,2,12,19,-1,-1,0
76,2,12,20,-1,-1,0
76,2,12,21,-1,-1,0
76,2,12,22,-1,-1,0
76,2,12,23,-1,-1,0
76,2,12,24,-1,-1,0
76,2,12,25,-1,-1,0
76,2,12,26,-1,-1,0
76,2,12,27,-1,-1,0
76,2,12,28,-1,-1,0
76,2,12,29,-1,-1,0
76,2,12,30,-1,-1,0
76,2,12,31,-1,-1,0
77,2,13,0,35,2,1
77,2,13,1,35,10,1
77,2,13,2,99,2,1
77,2,13,3,99,10,1
77,2,13,4,35,3,1
77,2,13,5,35,11,1
77,2,13,6,99,3,1
77,2,13,7,99,11,1
77,2,13,8,43,2,1
77,2,13,9,43,10,1
77,2,13,10,107,2,1
77,2,13,11,107,10,1
77,2,13,12,43,3,1
77,2,13,13,43,11,1
77,2,13,14,107,3,1
77,2,13,15,107,11,1
77,2,13,16,-1,-1,0
77,2,13,17,-1,-1,0
77,2,13,18,-1,-1,0
77,2,13,19,-1,-1,0
77,2,13,20,-1,-1,0
77,2,13,21,-1,-1,0
77,2,13,22,-1,-1,0
77,2,13,23,-1,-1,0
77,2,13,24,-1,-1,0
77,2,13,25,-1,-1,0
77,2,13,26,-1,-1,0
77,2,13,27,-1,-1,0
77,2,13,28,-1,-1,0
77,2,13,29,-1,-1,0
77,2,13,30,-1,-1,0
77,2,13,31,-1,-1,0
78,2,14,0,35,4,1
78,2,14,1,35,12,1
78,2,14,2,99,4,1
78,2,14,3,99,12,1
78,2,14,4,35,5,1
78,2,14,5,35,13,1
78,2,14,6,99,5,1
78,2,14,7,99,13,1
78,2,14,8,43,4,1
78,2,14,9,43,12,1
78,2,14,10,107,4,1
78,2,14,11,107,12,1
78,2,14,12,43,5,1
78,2,14,13,43,13,1
78,2,14,14,107,5,1
78,2,14,15,107,13,1
78,2,14,16,-1,-1,0
78,2,14,17,-1,-1,0
78,2,14,18,-1,-1,0
78,2,14,19,-1,-1,0
78,2,14,20,-1,-1,0
78,2,14,21,-1,-1,0
78,2,14,22,-1,-1,0
78,2,14,23,-1,-1,0
78,2,14,24,-1,-1,0
78,2,14,25,-1,-1,0
78,2,14,26,-1,-1,0
78,2,14,27,-1,-1,0
78,2,14,28,-1,-1,0
78,2,14,29,-1,-1,0
78,2,14,30,-1,-1,0
78,2,14,31,-1,-1,0
79,2,15,0,35,6,1
79,2,15,1,35,14,1
79,2,15,2,99,6,1
79,2,15,3,99,14,1
79,2,15,4,35,7,1
79,2,15,5,35,15,1
79,2,15,6,99,7,1
79,2,15,7,99,15,1
79,2,15,8,43,6,1
79,2,15,9,43,14,1
79,2,15,10,107,6,1
79,2,15,11,107,14,1
79,2,15,12,43,7,1
79,2,15,13,43,15,1
79,2,15,14,107,7,1
79,2,15,15,107,15,1
79,2,15,16,-1,-1,0
79,2,15,17,-1,-1,0
79,2,15,18,-1,-1,0
79,2,15,19,-1,-1,0
79,2,15,20,-1,-1,0
79,2,15,21,-1,-1,0
79,2,15,22,-1,-1,0
79,2,15,23,-1,-1,0
79,2,15,24,-1,-1,0
79,2,15,25,-1,-1,0
79,2,15,26,-1,-1,0
79,2,15,27,-1,-1,0
79,2,15,28,-1,-1,0
79,2,15,29,-1,-1,0
79,2,15,30,-1,-1,0
79,2,15,31,-1,-1,0
80,2,16,0,36,0,1
80,2,16,1,36,8,1
80,2,16,2,100,0,1
80,2,16,3,100,8,1
80,2,16,4,36,1,1
80,2,16,5,36,9,1
80,2,16,6,100,1,1
80,2,16,7,100,9,1
80,2,16,8,44,0,1
80,2,16,9,44,8,1
80,2,16,10,108,0,1
80,2,16,11,108,8,1
80,2,16,12,44,1,1
80,2,16,13,44,9,1
80,2,16,14,108,1,1
80,2,16,15,108,9,1
80,2,16,16,-1,-1,0
80,2,16,17,-1,-1,0
80,2,16,18,-1,-1,0
80,2,16,19,-1,-1,0
80,2,16,20,-1,-1,0
80,2,16,21,-1,-1,0
80,2,16,22,-1,-1,0
80,2,16,23,-1,-1,0
80,2,16,24,-1,-1,0
80,2,16,25,-1,-1,0
80,2,16,26,-1,-1,0
80,2,16,27,-1,-1,0
80,2,16,28,-1,-1,0
80,2,16,29,-1,-1,0
80,2,16,30,-1,-1,0
80,2,16,31,-1,-1,0
81,2,17,0,36,2,1
81,2,17,1,36,10,1
81,2,17,2,100,2,1
81,2,17,3,100,10,1
81,2,17,4,36,3,1
81,2,17,5,36,11,1
81,2,17,6,100,3,1
81,2,17,7,100,11,1
81,2,17,8,44,2,1
81,2,17,9,44,10,1
81,2,17,10,108,2,1
81,2,17,11,108,10,1
81,2,17,12,44,3,1
81,2,17,13,44,11,1
81,2,17,14,108,3,1
81,2,17,15,108,11,1
81,2,17,16,-1,-1,0
81,2,17,17,-1,-1,0
81,2,17,18,-1,-1,0
81,2,17,19,-1,-1,0
81,2,17,20,-1,-1,0
81,2,17,21,-1,-1,0
81,2,17,22,-1,-1,0
81,2,17,23,-1,-1,0
81,2,17,24,-1,-1,0
81,2,17,25,-1,-1,0
81,2,17,26,-1,-1,0
81,2,17,27,-1,-1,0
81,2,17,28,-1,-1,0
81,2,17,29,-1,-1,0
81,2,17,30,-1,-1,0
81,2,17,31,-1,-1,0
82,2,18,0,36,4,1
82,2,18,1,36,12,1
82,2,18,2,100,4,1
82,2,18,3,100,12,1
82,2,18,4,36,5,1
82,2,18,5,36,13,1
82,2,18,6,100,5,1
82,2,18,7,100,13,1
82,2,18,8,44,4,1
82,2,18,9,44,12,1
82,2,18,10,108,4,1
82,2,18,11,108,12,1
82,2,18,12,44,5,1
82,2,18,13,44,13,1
82,2,18,14,108,5,1
82,2,18,15,108,13,1
82,2,18,16,-1,-1,0
82,2,18,17,-1,-1,0
82,2,18,18,-1,-1,0
82,2,18,19,-1,-1,0
82,2,18,20,-1,-1,0
82,2,18,21,-1,-1,0
82,2,18,22,-1,-1,0
82,2,18,23,-1,-1,0
82,2,18,24,-1,-1,0
82,2,18,25,-1,-1,0
82,2,18,26,-1,-1,0
82,2,18,27,-1,-1,0
82,2,18,28,-1,-1,0
82,2,18,29,-1,-1,0
82,2,18,30,-1,-1,0
82,2,18,31,-1,-1,0
83,2,19,0,36,6,1
83,2,19,1,36,14,1
83,2,19,2,100,6,1
83,2,19,3,100,14,1
83,2,19,4,36,7,1
83,2,19,5,36,15,1
83,2,19,6,100,7,1
83,2,19,7,100,15,1
83,2,19,8,44,6,1
83,2,19,9,44,14,1
83,2,19,10,108,6,1
83,2,19,11,108,14,1
83,2,19,12,44,7,1
83,2,19,13,44,15,1
83,2,19,14,108,7,1
83,2,19,15,108,15,1
83,2,19,16,-1,-1,0
83,2,19,17,-1,-1,0
83,2,19,18,-1,-1,0
83,2,19,19,-1,-1,0
83,2,19,20,-1,-1,0
83,2,19,21,-1,-1,0
83,2,19,22,-1,-1,0
83,2,19,23,-1,-1,0
83,2,19,24,-1,-1,0
83,2,19,25,-1,-1,0
83,2,19,26,-1,-1,0
83,2,19,27,-1,-1,0
83,2,19,28,-1,-1,0
83,2,19,29,-1,-1,0
83,2,19,30,-1,-1,0
83,2,19,31,-1,-1,0
84,2,20,0,37,0,1
84,2,20,1,37,8,1
84,2,20,2,101,0,1
84,2,20,3,101,8,1
84,2,20,4,37,1,1
84,2,20,5,37,9,1
84,2,20,6,101,1,1
84,2,20,7,101,9,1
84,2,20,8,45,0,1
84,2,20,9,45,8,1
84,2,20,10,109,0,1
84,2,20,11,109,8,1
84,2,20,12,45,1,1
84,2,20,13,45,9,1
84,2,20,14,109,1,1
84,2,20,15,109,9,1
84,2,20,16,-1,-1,0
84,2,20,17,-1,-1,0
84,2,20,18,-1,-1,0
84,2,20,19,-1,-1,0
84,2,20,20,-1,-1,0
84,2,20,21,-1,-1,0
84,2,20,22,-1,-1,0
84,2,20,23,-1,-1,0
84,2,20,24,-1,-1,0
84,2,20,25,-1,-1,0
84,2,20,26,-1,-1,0
84,2,20,27,-1,-1,0
84,2,20,28,-1,-1,0
84,2,20,29,-1,-1,0
84,2,20,30,-1,-1,0
84,2,20,31,-1,-1,0
85,2,21,0,37,2,1
85,2,21,1,37,10,1
85,2,21,2,101,2,1
85,2,21,3,101,10,1
85,2,21,4,37,3,1
85,2,21,5,37,11,1
85,2,21,6,101,3,1
85,2,21,7,101,11,1
85,2,21,8,45,2,1
85,2,21,9,45,10,1
85,2,21,10,109,2,1
85,2,21,11,109,10,1
85,2,21,12,45,3,1
85,2,21,13,45,11,1
85,2,21,14,109,3,1
85,2,21,15,109,11,1
85,2,21,16,-1,-1,0
85,2,21,17,-1,-1,0
85,2,21,18,-1,-1,0
85,2,21,19,-1,-1,0
85,2,21,20,-1,-1,0
85,2,21,21,-1,-1,0
85,2,21,22,-1,-1,0
85,2,21,23,-1,-1,0
85,2,21,24,-1,-1,0
85,2,21,25,-1,-1,0
85,2,21,26,-1,-1,0
85,2,21,27,-1,-1,0
85,2,21,28,-1,-1,0
85,2,21,29,-1,-1,0
85,2,21,30,-1,-1,0
85,2,21,31,-1,-1,0
86,2,22,0,37,4,1
86,2,22,1,37,12,1
86,2,22,2,101,4,1
86,2,22,3,101,12,1
86,2,22,4,37,5,1
86,2,22,5,37,13,1
86,2,22,6,101,5,1
86,2,22,7,101,13,1
86,2,22,8,45,4,1
86,2,22,9,45,12,1
86,2,22,10,109,4,1
86,2,22,11,109,12,1
86,2,22,12,45,5,1
86,2,22,13,45,13,1
86,2,22,14,109,5,1
86,2,22,15,109,13,1
86,2,22,16,-1,-1,0
86,2,22,17,-1,-1,0
86,2,22,18,-1,-1,0
86,2,22,19,-1,-1,0
86,2,22,20,-1,-1,0
86,2,22,21,-1,-1,0
86,2,22,22,-1,-1,0
86,2,22,23,-1,-1,0
86,2,22,24,-1,-1,0
86,2,22,25,-1,-1,0
86,2,22,26,-1,-1,0
86,2,22,27,-1,-1,0
86,2,22,28,-1,-1,0
86,2,22,29,-1,-1,0
86,2,22,30,-1,-1,0
86,2,22,31,-1,-1,0
87,2,23,0,37,6,1
87,2,23,1,37,14,1
87,2,23,2,101,6,1
87,2,23,3,101,14,1
87,2,23,4,37,7,1
87,2,23,5,37,15,1
87,2,23,6,101,7,1
87,2,23,7,101,15,1
87,2,23,8,45,6,1
87,2,23,9,45,14,1
87,2,23,10,109,6,1
87,2,23,11,109,14,1
87,2,23,12,45,7,1
87,2,23,13,45,15,1
87,2,23,14,109,7,1
87,2,23,15,109,15,1
87,2,23,16,-1,-1,0
87,2,23,17,-1,-1,0
87,2,23,18,-1,-1,0
87,2,23,19,-1,-1,0
87,2,23,20,-1,-1,0
87,2,23,21,-1,-1,0
87,2,23,22,-1,-1,0
87,2,23,23,-1,-1,0
87,2,23,24,-1,-1,0
87,2,23,25,-1,-1,0
87,2,23,26,-1,-1,0
87,2,23,27,-1,-1,0
87,2,23,28,-1,-1,0
87,2,23,29,-1,-1,0
87,2,23,30,-1,-1,0
87,2,23,31,-1,-1,0
88,2,24,0,38,0,1
88,2,24,1,38,8,1
88,2,24,2,102,0,1
88,2,24,3,102,8,1
88,2,24,4,38,1,1
88,2,24,5,38,9,1
88,2,24,6,102,1,1
88,2,24,7,102,9,1
88,2,24,8,46,0,1
88,2,24,9,46,8,1
88,2,24,10,110,0,1
88,2,24,11,110,8,1
88,2,24,12,46,1,1
88,2,24,13,46,9,1
88,2,24,14,110,1,1
88,2,24,15,110,9,1
88,2,24,16,-1,-1,0
88,2,24,17,-1,-1,0
88,2,24,18,-1,-1,0
88,2,24,19,-1,-1,0
88,2,24,20,-1,-1,0
88,2,24,21,-1,-1,0
88,2,24,22,-1,-1,0
88,2,24,23,-1,-1,0
88,2,24,24,-1,-1,0
88,2,24,25,-1,-1,0
88,2,24,26,-1,-1,0
88,2,24,27,-1,-1,0
88,2,24,28,-1,-1,0
88,2,24,29,-1,-1,0
88,2,24,30,-1,-1,0
88,2,24,31,-1,-1,0
89,2,25,0,38,2,1
89,2,25,1,38,10,1
89,2,25,2,102,2,1
89,2,25,3,102,10,1
89,2,25,4,38,3,1
89,2,25,5,38,11,1
89,2,25,6,102,3,1
89,2,25,7,102,11,1
89,2,25,8,46,2,1
89,2,25,9,46,10,1
89,2,25,10,110,2,1
89,2,25,11,110,10,1
89,2,25,12,46,3,1
89,2,25,13,46,11,1
89,2,25,14,110,3,1
89,2,25,15,110,11,1
89,2,25,16,-1,-1,0
89,2,25,17,-1,-1,0
89,2,25,18,-1,-1,0
89,2,25,19,-1,-1,0
89,2,25,20,-1,-1,0
89,2,25,21,-1,-1,0
89,2,25,22,-1,-1,0
89,2,25,23,-1,-1,0
89,2,25,24,-1,-1,0
89,2,25,25,-1,-1,0
89,2,25,26,-1,-1,0
89,2,25,27,-1,-1,0
89,2,25,28,-1,-1,0
89,2,25,29,-1,-1,0
89,2,25,30,-1,-1,0
89,2,25,31,-1,-1,0
90,2,26,0,38,4,1
90,2,26,1,38,12,1
90,2,26,2,102,4,1
90,2,26,3,102,12,1
90,2,26,4,38,5,1
90,2,26,5,38,13,1
90,2,26,6,102,5,1
90,2,26,7,102,13,1
90,2,26,8,46,4,1
90,2,26,9,46,12,1
90,2,26,10,110,4,1
90,2,26,11,110,12,1
90,2,26,12,46,5,1
90,2,26,13,46,13,1
90,2,26,14,110,5,1
90,2,26,15,110,13,1
90,2,26,16,-1,-1,0
90,2,26,17,-1,-1,0
90,2,26,18,-1,-1,0
90,2,26,19,-1,-1,0
90,2,26,20,-1,-1,0
90,2,26,21,-1,-1,0
90,2,26,22,-1,-1,0
90,2,26,23,-1,-1,0
90,2,26,24,-1,-1,0
90,2,26,25,-1,-1,0
90,2,26,26,-1,-1,0
90,2,26,27,-1,-1,0
90,2,26,28,-1,-1,0
90,2,26,29,-1,-1,0
90,2,26,30,-1,-1,0
90,2,26,31,-1,-1,0
91,2,27,0,38,6,1
91,2,27,1,38,14,1
91,2,27,2,102,6,1
91,2,27,3,102,14,1
91,2,27,4,38,7,1
91,2,27,5,38,15,1
91,2,27,6,102,7,1
91,2,27,7,102,15,1
91,2,27,8,46,6,1
91,2,27,9,46,14,1
91,2,27,10,110,6,1
91,2,27,11,110,14,1
91,2,27,12,46,7,1
91,2,27,13,46,15,1
91,2,27,14,110,7,1
91,2,27,15,110,15,1
91,2,27,16,-1,-1,0
91,2,27,17,-1,-1,0
91,2,27,18,-1,-1,0
91,2,27,19,-1,-1,0
91,2,27,20,-1,-1,0
91,2,27,21,-1,-1,0
91,2,27,22,-1,-1,0
91,2,27,23,-1,-1,0
91,2,27,24,-1,-1,0
91,2,27,25,-1,-1,0
91,2,27,26,-1,-1,0
91,2,27,27,-1,-1,0
91,2,27,28,-1,-1,0
91,2,27,29,-1,-1,0
91,2,27,30,-1,-1,0
91,2,27,31,-1,-1,0
92,2,28,0,39,0,1
92,2,28,1,39,8,1
92,2,28,2,103,0,1
92,2,28,3,103,8,1
92,2,28,4,39,1,1
92,2,28,5,39,9,1
92,2,28,6,103,1,1
92,2,28,7,103,9,1
92,2,28,8,47,0,1
92,2,28,9,47,8,1
92,2,28,10,111,0,1
92,2,28,11,111,8,1
92,2,28,12,47,1,1
92,2,28,13,47,9,1
92,2,28,14,111,1,1
92,2,28,15,111,9,1
92,2,28,16,-1,-1,0
92,2,28,17,-1,-1,0
92,2,28,18,-1,-1,0
92,2,28,19,-1,-1,0
92,2,28,20,-1,-1,0
92,2,28,21,-1,-1,0
92,2,28,22,-1,-1,0
92,2,28,23,-1,-1,0
92,2,28,24,-1,-1,0
92,2,28,25,-1,-1,0
92,2,28,26,-1,-1,0
92,2,28,27,-1,-1,0
92,2,28,28,-1,-1,0
92,2,28,29,-1,-1,0
92,2,28,30,-1,-1,0
92,2,28,31,-1,-1,0
93,2,29,0,39,2,1
93,2,29,1,39,10,1
93,2,29,2,103,2,1
93,2,29,3,103,10,1
93,2,29,4,39,3,1
93,2,29,5,39,11,1
93,2,29,6,103,3,1
93,2,29,7,103,11,1
93,2,29,8,47,2,1
93,2,29,9,47,10,1
93,2,29,10,111,2,1
93,2,29,11,111,10,1
93,2,29,12,47,3,1
93,2,29,13,47,11,1
93,2,29,14,111,3,1
93,2,29,15,111,11,1
93,2,29,16,-1,-1,0
93,2,29,17,-1,-1,0
93,2,29,18,-1,-1,0
93,2,29,19,-1,-1,0
93,2,29,20,-1,-1,0
93,2,29,21,-1,-1,0
93,2,29,22,-1,-1,0
93,2,29,23,-1,-1,0
93,2,29,24,-1,-1,0
93,2,29,25,-1,-1,0
93,2,29,26,-1,-1,0
93,2,29,27,-1,-1,0
93,2,29,28,-1,-1,0
93,2,29,29,-1,-1,0
93,2,29,30,-1,-1,0
93,2,29,31,-1,-1,0
94,2,30,0,39,4,1
94,2,30,1,39,12,1
94,2,30,2,103,4,1
94,2,30,3,103,12,1
94,2,30,4,39,5,1
94,2,30,5,39,13,1
94,2,30,6,103,5,1
94,2,30,7,103,13,1
94,2,30,8,47,4,1
94,2,30,9,47,12,1
94,2,30,10,111,4,1
94,2,30,11,111,12,1
94,2,30,12,47,5,1
94,2,30,13,47,13,1
94,2,30,14,111,5,1
94,2,30,15,111,13,1
94,2,30,16,-1,-1,0
94,2,30,17,-1,-1,0
94,2,30,18,-1,-1,0
94,2,30,19,-1,-1,0
94,2,30,20,-1,-1,0
94,2,30,21,-1,-1,0
94,2,30,22,-1,-1,0
94,2,30,23,-1,-1,0
94,2,30,24,-1,-1,0
94,2,30,25,-1,-1,0
94,2,30,26,-1,-1,0
94,2,30,27,-1,-1,0
94,2,30,28,-1,-1,0
94,2,30,29,-1,-1,0
94,2,30,30,-1,-1,0
94,2,30,31,-1,-1,0
95,2,31,0,39,6,1
95,2,31,1,39,14,1
95,2,31,2,103,6,1
95,2,31,3,103,14,1
95,2,31,4,39,7,1
95,2,31,5,39,15,1
95,2,31,6,103,7,1
95,2,31,7,103,15,1
95,2,31,8,47,6,1
95,2,31,9,47,14,1
95,2,31,10,111,6,1
95,2,31,11,111,14,1
95,2,31,12,47,7,1
95,2,31,13,47,15,1
95,2,31,14,111,7,1
95,2,31,15,111,15,1
95,2,31,16,-1,-1,0
95,2,31,17,-1,-1,0
95,2,31,18,-1,-1,0
95,2,31,19,-1,-1,0
95,2,31,20,-1,-1,0
95,2,31,21,-1,-1,0
95,2,31,22,-1,-1,0
95,2,31,23,-1,-1,0
95,2,31,24,-1,-1,0
95,2,31,25,-1,-1,0
95,2,31,26,-1,-1,0
95,2,31,27,-1,-1,0
95,2,31,28,-1,-1,0
95,2,31,29,-1,-1,0
95,2,31,30,-1,-1,0
95,2,31,31,-1,-1,0
96,3,0,0,48,0,1
96,3,0,1,48,8,1
96,3,0,2,112,0,1
96,3,0,3,112,8,1
96,3,0,4,48,1,1
96,3,0,5,48,9,1
96,3,0,6,112,1,1
96,3,0,7,112,9,1
96,3,0,8,56,0,1
96,3,0,9,56,8,1
96,3,0,10,120,0,1
96,3,0,11,120,8,1
96,3,0,12,56,1,1
96,3,0,13,56,9,1
96,3,0,14,120,1,1
96,3,0,15,120,9,1
96,3,0,16,-1,-1,0
96,3,0,17,-1,-1,0
96,3,0,18,-1,-1,0
96,3,0,19,-1,-1,0
96,3,0,20,-1,-1,0
96,3,0,21,-1,-1,0
96,3,0,22,-1,-1,0
96,3,0,23,-1,-1,0
96,3,0,24,-1,-1,0
96,3,0,25,-1,-1,0
96,3,0,26,-1,-1,0
96,3,0,27,-1,-1,0
96,3,0,28,-1,-1,0
96,3,0,29,-1,-1,0
96,3,0,30,-1,-1,0
96,3,0,31,-1,-1,0
97,3,1,0,48,2,1
97,3,1,1,48,10,1
97,3,1,2,112,2,1
97,3,1,3,112,10,1
97,3,1,4,48,3,1
97,3,1,5,48,11,1
97,3,1,6,112,3,1
97,3,1,7,112,11,1
97,3,1,8,56,2,1
97,3,1,9,56,10,1
97,3,1,10,120,2,1
97,3,1,11,120,10,1
97,3,1,12,56,3,1
97,3,1,13,56,11,1
97,3,1,14,120,3,1
97,3,1,15,120,11,1
97,3,1,16,-1,-1,0
97,3,1,17,-1,-1,0
97,3,1,18,-1,-1,0
97,3,1,19,-1,-1,0
97,3,1,20,-1,-1,0
97,3,1,21,-1,-1,0
97,3,1,22,-1,-1,0
97,3,1,23,-1,-1,0
97,3,1,24,-1,-1,0
97,3,1,25,-1,-1,0
97,3,1,26,-1,-1,0
97,3,1,27,-1,-1,0
97,3,1,28,-1,-1,0
97,3,1,29,-1,-1,0
97,3,1,30,-1,-1,0
97,3,1,31,-1,-1,0
98,3,2,0,48,4,1
98,3,2,1,48,12,1
98,3,2,2,112,4,1
98,3,2,3,112,12,1
98,3,2,4,48,5,1
98,3,2,5,48,13,1
98,3,2,6,112,5,1
98,3,2,7,112,13,1
98,3,2,8,56,4,1
98,3,2,9,56,12,1
98,3,2,10,120,4,1
98,3,2,11,120,12,1
98,3,2,12,56,5,1
98,3,2,13,56,13,1
98,3,2,14,120,5,1
98,3,2,15,120,13,1
98,3,2,16,-1,-1,0
98,3,2,17,-1,-1,0
98,3,2,18,-1,-1,0
98,3,2,19,-1,-1,0
98,3,2,20,-1,-1,0
98,3,2,21,-1,-1,0
98,3,2,22,-1,-1,0
98,3,2,23,-1,-1,0
98,3,2,24,-1,-1,0
98,3,2,25,-1,-1,0
98,3,2,26,-1,-1,0
98,3,2,27,-1,-1,0
98,3,2,28,-1,-1,0
98,3,2,29,-1,-1,0
98,3,2,30,-1,-1,0
98,3,2,31,-1,-1,0
99,3,3,0,48,6,1
99,3,3,1,48,14,1
99,3,3,2,112,6,1
99,3,3,3,112,14,1
99,3,3,4,48,7,1
99,3,3,5,48,15,1
99,3,3,6,112,7,1
99,3,3,7,112,15,1
99,3,3,8,56,6,1
99,3,3,9,56,14,1
99,3,3,10,120,6,1
99,3,3,11,120,14,1
99,3,3,12,56,7,1
99,3,3,13,56,15,1
99,3,3,14,120,7,1
99,3,3,15,120,15,1
99,3,3,16,-1,-1,0
99,3,3,17,-1,-1,0
99,3,3,18,-1,-1,0
99,3,3,19,-1,-1,0
99,3,3,20,-1,-1,0
99,3,3,21,-1,-1,0
99,3,3,22,-1,-1,0
99,3,3,23,-1,-1,0
99,3,3,24,-1,-1,0
99,3,3,25,-1,-1,0
99,3,3,26,-1,-1,0
99,3,3,27,-1,-1,0
99,3,3,28,-1,-1,0
99,3,3,29,-1,-1,0
99,3,3,30,-1,-1,0
99,3,3,31,-1,-1,0
100,3,4,0,49,0,1
100,3,4,1,49,8,1
100,3,4,2,113,0,1
100,3,4,3,113,8,1
100,3,4,4,49,1,1
100,3,4,5,49,9,1
100,3,4,6,113,1,1
100,3,4,7,113,9,1
100,3,4,8,57,0,1
100,3,4,9,57,8,1
100,3,4,10,121,0,1
100,3,4,11,121,8,1
100,3,4,12,57,1,1
100,3,4,13,57,9,1
100,3,4,14,121,1,1
100,3,4,15,121,9,1
100,3,4,16,-1,-1,0
100,3,4,17,-1,-1,0
100,3,4,18,-1,-1,0
100,3,4,19,-1,-1,0
100,3,4,20,-1,-1,0
100,3,4,21,-1,-1,0
100,3,4,22,-1,-1,0
100,3,4,23,-1,-1,0
100,3,4,24,-1,-1,0
100,3,4,25,-1,-1,0
100,3,4,26,-1,-1,0
100,3,4,27,-1,-1,0
100,3,4,28,-1,-1,0
100,3,4,29,-1,-1,0
100,3,4,30,-1,-1,0
100,3,4,31,-1,-1,0
101,3,5,0,49,2,1
101,3,5,1,49,10,1
101,3,5,2,113,2,1
101,3,5,3,113,10,1
101,3,5,4,49,3,1
101,3,5,5,49,11,1
101,3,5,6,113,3,1
101,3,5,7,113,11,1
101,3,5,8,57,2,1
101,3,5,9,57,10,1
101,3,5,10,121,2,1
101,3,5,11,121,10,1
101,3,5,12,57,3,1
101,3,5,13,57,11,1
101,3,5,14,121,3,1
101,3,5,15,121,11,1
101,3,5,16,-1,-1,0
101,3,5,17,-1,-1,0
101,3,5,18,-1,-1,0
101,3,5,19,-1,-1,0
101,3,5,20,-1,-1,0
101,3,5,21,-1,-1,0
101,3,5,22,-1,-1,0
101,3,5,23,-1,-1,0
101,3,5,24,-1,-1,0
101,3,5,25,-1,-1,0
101,3,5,26,-1,-1,0
101,3,5,27,-1,-1,0
101,3,5,28,-1,-1,0
101,3,5,29,-1,-1,0
101,3,5,30,-1,-1,0
101,3,5,31,-1,-1,0
102,3,6,0,49,4,1
102,3,6,1,49,12,1
102,3,6,2,113,4,1
102,3,6,3,113,12,1
102,3,6,4,49,5,1
102,3,6,5,49,13,1
102,3,6,6,113,5,1
102,3,6,7,113,13,1
102,3,6,8,57,4,1
102,3,6,9,57,12,1
102,3,6,10,121,4,1
102,3,6,11,121,12,1
102,3,6,12,57,5,1
102,3,6,13,57,13,1
102,3,6,14,121,5,1
102,3,6,15,121,13,1
102,3,6,16,-1,-1,0
102,3,6,17,-1,-1,0
102,3,6,18,-1,-1,0
102,3,6,19,-1,-1,0
102,3,6,20,-1,-1,0
102,3,6,21,-1,-1,0
102,3,6,22,-1,-1,0
102,3,6,23,-1,-1,0
102,3,6,24,-1,-1,0
102,3,6,25,-1,-1,0
102,3,6,26,-1,-1,0
102,3,6,27,-1,-1,0
102,3,6,28,-1,-1,0
102,3,6,29,-1,-1,0
102,3,6,30,-1,-1,0
102,3,6,31,-1,-1,0
103,3,7,0,49,6,1
103,3,7,1,49,14,1
103,3,7,2,113,6,1
103,3,7,3,113,14,1
103,3,7,4,49,7,1
103,3,7,5,49,15,1
103,3,7,6,113,7,1
103,3,7,7,113,15,1
103,3,7,8,57,6,1
103,3,7,9,57,14,1
103,3,7,10,121,6,1
103,3,7,11,121,14,1
103,3,7,12,57,7,1
103,3,7,13,57,15,1
103,3,7,14,121,7,1
103,3,7,15,121,15,1
103,3,7,16,-1,-1,0
103,3,7,17,-1,-1,0
103,3,7,18,-1,-1,0
103,3,7,19,-1,-1,0
103,3,7,20,-1,-1,0
103,3,7,21,-1,-1,0
103,3,7,22,-1,-1,0
103,3,7,23,-1,-1,0
103,3,7,24,-1,-1,0
103,3,7,25,-1,-1,0
103,3,7,26,-1,-1,0
103,3,7,27,-1,-1,0
103,3,7,28,-1,-1,0
103,3,7,29,-1,-1,0
103,3,7,30,-1,-1,0
103,3,7,31,-1,-1,0
104,3,8,0,50,0,1
104,3,8,1,50,8,1
104,3,8,2,114,0,1
104,3,8,3,114,8,1
104,3,8,4,50,1,1
104,3,8,5,50,9,1
104,3,8,6,114,1,1
104,3,8,7,114,9,1
104,3,8,8,58,0,1
104,3,8,9,58,8,1
104,3,8,10,122,0,1
104,3,8,11,122,8,1
104,3,8,12,58,1,1
104,3,8,13,58,9,1
104,3,8,14,122,1,1
104,3,8,15,122,9,1
104,3,8,16,-1,-1,0
104,3,8,17,-1,-1,0
104,3,8,18,-1,-1,0
104,3,8,19,-1,-1,0
104,3,8,20,-1,-1,0
104,3,8,21,-1,-1,0
104,3,8,22,-1,-1,0
104,3,8,23,-1,-1,0
104,3,8,24,-1,-1,0
104,3,8,25,-1,-1,0
104,3,8,26,-1,-1,0
104,3,8,27,-1,-1,0
104,3,8,28,-1,-1,0
104,3,8,29,-1,-1,0
104,3,8,30,-1,-1,0
104,3,8,31,-1,-1,0
105,3,9,0,50,2,1
105,3,9,1,50,10,1
105,3,9,2,114,2,1
105,3,9,3,114,10,1
105,3,9,4,50,3,1
105,3,9,5,50,11,1
105,3,9,6,114,3,1
105,3,9,7,114,11,1
105,3,9,8,58,2,1
105,3,9,9,58,10,1
105,3,9,10,122,2,1
105,3,9,11,122,10,1
105,3,9,12,58,3,1
105,3,9,13,58,11,1
105,3,9,14,122,3,1
105,3,9,15,122,11,1
105,3,9,16,-1,-1,0
105,3,9,17,-1,-1,0
105,3,9,18,-1,-1,0
105,3,9,19,-1,-1,0
105,3,9,20,-1,-1,0
105,3,9,21,-1,-1,0
105,3,9,22,-1,-1,0
105,3,9,23,-1,-1,0
105,3,9,24,-1,-1,0
105,3,9,25,-1,-1,0
105,3,9,26,-1,-1,0
105,3,9,27,-1,-1,0
105,3,9,28,-1,-1,0
105,3,9,29,-1,-1,0
105,3,9,30,-1,-1,0
105,3,9,31,-1,-1,0
106,3,10,0,50,4,1
106,3,10,1,50,12,1
106,3,10,2,114,4,1
106,3,10,3,114,12,1
106,3,10,4,50,5,1
106,3,10,5,50,13,1
106,3,10,6,114,5,1
106,3,10,7,114,13,1
106,3,10,8,58,4,1
106,3,10,9,58,12,1
106,3,10,10,122,4,1
106,3,10,11,122,12,1
106,3,10,12,58,5,1
106,3,10,13,58,13,1
106,3,10,14,122,5,1
106,3,10,15,122,13,1
106,3,10,16,-1,-1,0
106,3,10,17,-1,-1,0
106,3,10,18,-1,-1,0
106,3,10,19,-1,-1,0
106,3,10,20,-1,-1,0
106,3,10,21,-1,-1,0
106,3,10,22,-1,-1,0
106,3,10,23,-1,-1,0
106,3,10,24,-1,-1,0
106,3,10,25,-1,-1,0
106,3,10,26,-1,-1,0
106,3,10,27,-1,-1,0
106,3,10,28,-1,-1,0
106,3,10,29,-1,-1,0
106,3,10,30,-1,-1,0
106,3,10,31,-1,-1,0
107,3,11,0,50,6,1
107,3,11,1,50,14,1
107,3,11,2,114,6,1
107,3,11,3,114,14,1
107,3,11,4,50,7,1
107,3,11,5,50,15,1
107,3,11,6,114,7,1
107,3,11,7,114,15,1
107,3,11,8,58,6,1
107,3,11,9,58,14,1
107,3,11,10,122,6,1
107,3,11,11,122,14,1
107,3,11,12,58,7,1
107,3,11,13,58,15,1
107,3,11,14,122,7,1
107,3,11,15,122,15,1
107,3,11,16,-1,-1,0
107,3,11,17,-1,-1,0
107,3,11,18,-1,-1,0
107,3,11,19,-1,-1,0
107,3,11,20,-1,-1,0
107,3,11,21,-1,-1,0
107,3,11,22,-1,-1,0
107,3,11,23,-1,-1,0
107,3,11,24,-1,-1,0
107,3,11,25,-1,-1,0
107,3,11,26,-1,-1,0
107,3,11,27,-1,-1,0
107,3,11,28,-1,-1,0
107,3,11,29,-1,-1,0
107,3,11,30,-1,-1,0
107,3,11,31,-1,-1,0
108,3,12,0,51,0,1
108,3,12,1,51,8,1
108,3,12,2,115,0,1
108,3,12,3,115,8,1
108,3,12,4,51,1,1
108,3,12,5,51,9,1
108,3,12,6,115,1,1
108,3,12,7,115,9,1
108,3,12,8,59,0,1
108,3,12,9,59,8,1
108,3,12,10,123,0,1
108,3,12,11,123,8,1
108,3,12,12,59,1,1
108,3,12,13,59,9,1
108,3,12,14,123,1,1
108,3,12,15,123,9,1
108,3,12,16,-1,-1,0
108,3,12,17,-1,-1,0
108,3,12,18,-1,-1,0
108,3,12,19,-1,-1,0
108,3,12,20,-1,-1,0
108,3,12,21,-1,-1,0
108,3,12,22,-1,-1,0
108,3,12,23,-1,-1,0
108,3,12,24,-1,-1,0
108,3,12,25,-1,-1,0
108,3,12,26,-1,-1,0
108,3,12,27,-1,-1,0
108,3,12,28,-1,-1,0
108,3,12,29,-1,-1,0
108,3,12,30,-1,-1,0
108,3,12,31,-1,-1,0
109,3,13,0,51,2,1
109,3,13,1,51,10,1
109,3,13,2,115,2,1
109,3,13,3,115,10,1
109,3,13,4,51,3,1
109,3,13,5,51,11,1
109,3,13,6,115,3,1
109,3,13,7,115,11,1
109,3,13,8,59,2,1
109,3,13,9,59,10,1
109,3,13,10,123,2,1
109,3,13,11,123,10,1
109,3,13,12,59,3,1
109,3,13,13,59,11,1
109,3,13,14,123,3,1
109,3,13,15,123,11,1
109,3,13,16,-1,-1,0
109,3,13,17,-1,-1,0
109,3,13,18,-1,-1,0
109,3,13,19,-1,-1,0
109,3,13,20,-1,-1,0
109,3,13,21,-1,-1,0
109,3,13,22,-1,-1,0
109,3,13,23,-1,-1,0
109,3,13,24,-1,-1,0
109,3,13,25,-1,-1,0
109,3,13,26,-1,-1,0
109,3,13,27,-1,-1,0
109,3,13,28,-1,-1,0
109,3,13,29,-1,-1,0
109,3,13,30,-1,-1,0
109,3,13,31,-1,-1,0
110,3,14,0,51,4,1
110,3,14,1,51,12,1
110,3,14,2,115,4,1
110,3,14,3,115,12,1
110,3,14,4,51,5,1
110,3,14,5,51,13,1
110,3,14,6,115,5,1
110,3,14,7,115,13,1
110,3,14,8,59,4,1
110,3,14,9,59,12,1
110,3,14,10,123,4,1
110,3,14,11,123,12,1
110,3,14,12,59,5,1
110,3,14,13,59,13,1
110,3,14,14,123,5,1
110,3,14,15,123,13,1
110,3,14,16,-1,-1,0
110,3,14,17,-1,-1,0
110,3,14,18,-1,-1,0
110,3,14,19,-1,-1,0
110,3,14,20,-1,-1,0
110,3,14,21,-1,-1,0
110,3,14,22,-1,-1,0
110,3,14,23,-1,-1,0
110,3,14,24,-1,-1,0
110,3,14,25,-1,-1,0
110,3,14,26,-1,-1,0
110,3,14,27,-1,-1,0
110,3,14,28,-1,-1,0
110,3,14,29,-1,-1,0
110,3,14,30,-1,-1,0
110,3,14,31,-1,-1,0
111,3,15,0,51,6,1
111,3,15,1,51,14,1
111,3,15,2,115,6,1
111,3,15,3,115,14,1
111,3,15,4,51,7,1
111,3,15,5,51,15,1
111,3,15,6,115,7,1
111,3,15,7,115,15,1
111,3,15,8,59,6,1
111,3,15,9,59,14,1
111,3,15,10,123,6,1
111,3,15,11,123,14,1
111,3,15,12,59,7,1
111,3,15,13,59,15,1
111,3,15,14,123,7,1
111,3,15,15,123,15,1
111,3,15,16,-1,-1,0
111,3,15,17,-1,-1,0
111,3,15,18,-1,-1,0
111,3,15,19,-1,-1,0
111,3,15,20,-1,-1,0
111,3,15,21,-1,-1,0
111,3,15,22,-1,-1,0
111,3,15,23,-1,-1,0
111,3,15,24,-1,-1,0
111,3,15,25,-1,-1,0
111,3,15,26,-1,-1,0
111,3,15,27,-1,-1,0
111,3,15,28,-1,-1,0
111,3,15,29,-1,-1,0
111,3,15,30,-1,-1,0
111,3,15,31,-1,-1,0
112,3,16,0,52,0,1
112,3,16,1,52,8,1
112,3,16,2,116,0,1
112,3,16,3,116,8,1
112,3,16,4,52,1,1
112,3,16,5,52,9,1
112,3,16,6,116,1,1
112,3,16,7,116,9,1
112,3,16,8,60,0,1
112,3,16,9,60,8,1
112,3,16,10,124,0,1
112,3,16,11,124,8,1
112,3,16,12,60,1,1
112,3,16,13,60,9,1
112,3,16,14,124,1,1
112,3,16,15,124,9,1
112,3,16,16,-1,-1,0
112,3,16,17,-1,-1,0
112,3,16,18,-1,-1,0
112,3,16,19,-1,-1,0
112,3,16,20,-1,-1,0
112,3,16,21,-1,-1,0
112,3,16,22,-1,-1,0
112,3,16,23,-1,-1,0
112,3,16,24,-1,-1,0
112,3,16,25,-1,-1,0
112,3,16,26,-1,-1,0
112,3,16,27,-1,-1,0
112,3,16,28,-1,-1,0
112,3,16,29,-1,-1,0
112,3,16,30,-1,-1,0
112,3,16,31,-1,-1,0
113,3,17,0,52,2,1
113,3,17,1,52,10,1
113,3,17,2,116,2,1
113,3,17,3,116,10,1
113,3,17,4,52,3,1
113,3,17,5,52,11,1
113,3,17,6,116,3,1
113,3,17,7,116,11,1
113,3,17,8,60,2,1
113,3,17,9,60,10,1
113,3,17,10,124,2,1
113,3,17,11,124,10,1
113,3,17,12,60,3,1
113,3,17,13,60,11,1
113,3,17,14,124,3,1
113,3,17,15,124,11,1
113,3,17,16,-1,-1,0
113,3,17,17,-1,-1,0
113,3,17,18,-1,-1,0
113,3,17,19,-1,-1,0
113,3,17,20,-1,-1,0
113,3,17,21,-1,-1,0
113,3,17,22,-1,-1,0
113,3,17,23,-1,-1,0
113,3,17,24,-1,-1,0
113,3,17,25,-1,-1,0
113,3,17,26,-1,-1,0
113,3,17,27,-1,-1,0
113,3,17,28,-1,-1,0
113,3,17,29,-1,-1,0
113,3,17,30,-1,-1,0
113,3,17,31,-1,-1,0
114,3,18,0,52,4,1
114,3,18,1,52,12,1
114,3,18,2,116,4,1
114,3,18,3,116,12,1
114,3,18,4,52,5,1
114,3,18,5,52,13,1
114,3,18,6,116,5,1
114,3,18,7,116,13,1
114,3,18,8,60,4,1
114,3,18,9,60,12,1
114,3,18,10,124,4,1
114,3,18,11,124,12,1
114,3,18,12,60,5,1
114,3,18,13,60,13,1
114,3,18,14,124,5,1
114,3,18,15,124,13,1
114,3,18,16,-1,-1,0
114,3,18,17,-1,-1,0
114,3,18,18,-1,-1,0
114,3,18,19,-1,-1,0
114,3,18,20,-1,-1,0
114,3,18,21,-1,-1,0
114,3,18,22,-1,-1,0
114,3,18,23,-1,-1,0
114,3,18,24,-1,-1,0
114,3,18,25,-1,-1,0
114,3,18,26,-1,-1,0
114,3,18,27,-1,-1,0
114,3,18,28,-1,-1,0
114,3,18,29,-1,-1,0
114,3,18,30,-1,-1,0
114,3,18,31,-1,-1,0
115,3,19,0,52,6,1
115,3,19,1,52,14,1
115,3,19,2,116,6,1
115,3,19,3,116,14,1
115,3,19,4,52,7,1
115,3,19,5,52,15,1
115,3,19,6,116,7,1
115,3,19,7,116,15,1
115,3,19,8,60,6,1
115,3,19,9,60,14,1
115,3,19,10,124,6,1
115,3,19,11,124,14,1
115,3,19,12,60,7,1
115,3,19,13,60,15,1
115,3,19,14,124,7,1
115,3,19,15,124,15,1
115,3,19,16,-1,-1,0
115,3,19,17,-1,-1,0
115,3,19,18,-1,-1,0
115,3,19,19,-1,-1,0
115,3,19,20,-1,-1,0
115,3,19,21,-1,-1,0
115,3,19,22,-1,-1,0
115,3,19,23,-1,-1,0
115,3,19,24,-1,-1,0
115,3,19,25,-1,-1,0
115,3,19,26,-1,-1,0
115,3,19,27,-1,-1,0
115,3,19,28,-1,-1,0
115,3,19,29,-1,-1,0
115,3,19,30,-1,-1,0
115,3,19,31,-1,-1,0
116,3,20,0,53,0,1
116,3,20,1,53,8,1
116,3,20,2,117,0,1
116,3,20,3,117,8,1
116,3,20,4,53,1,1
116,3,20,5,53,9,1
116,3,20,6,117,1,1
116,3,20,7,117,9,1
116,3,20,8,61,0,1
116,3,20,9,61,8,1
116,3,20,10,125,0,1
116,3,20,11,125,8,1
116,3,20,12,61,1,1
116,3,20,13,61,9,1
116,3,20,14,125,1,1
116,3,20,15,125,9,1
116,3,20,16,-1,-1,0
116,3,20,17,-1,-1,0
116,3,20,18,-1,-1,0
116,3,20,19,-1,-1,0
116,3,20,20,-1,-1,0
116,3,20,21,-1,-1,0
116,3,20,22,-1,-1,0
116,3,20,23,-1,-1,0
116,3,20,24,-1,-1,0
116,3,20,25,-1,-1,0
116,3,20,26,-1,-1,0
116,3,20,27,-1,-1,0
116,3,20,28,-1,-1,0
116,3,20,29,-1,-1,0
116,3,20,30,-1,-1,0
116,3,20,31,-1,-1,0
117,3,21,0,53,2,1
117,3,21,1,53,10,1
117,3,21,2,117,2,1
117,3,21,3,117,10,1
117,3,21,4,53,3,1
117,3,21,5,53,11,1
117,3,21,6,117,3,1
117,3,21,7,117,11,1
117,3,21,8,61,2,1
117,3,21,9,61,10,1
117,3,21,10,125,2,1
117,3,21,11,125,10,1
117,3,21,12,61,3,1
117,3,21,13,61,11,1
117,3,21,14,125,3,1
117,3,21,15,125,11,1
117,3,21,16,-1,-1,0
117,3,21,17,-1,-1,0
117,3,21,18,-1,-1,0
117,3,21,19,-1,-1,0
117,3,21,20,-1,-1,0
117,3,21,21,-1,-1,0
117,3,21,22,-1,-1,0
117,3,21,23,-1,-1,0
117,3,21,24,-1,-1,0
117,3,21,25,-1,-1,0
117,3,21,26,-1,-1,0
117,3,21,27,-1,-1,0
117,3,21,28,-1,-1,0
117,3,21,29,-1,-1,0
117,3,21,30,-1,-1,0
117,3,21,31,-1,-1,0
118,3,22,0,53,4,1
118,3,22,1,53,12,1
118,3,22,2,117,4,1
118,3,22,3,117,12,1
118,3,22,4,53,5,1
118,3,22,5,53,13,1
118,3,22,6,117,5,1
118,3,22,7,117,13,1
118,3,22,8,61,4,1
118,3,22,9,61,12,1
118,3,22,10,125,4,1
118,3,22,11,125,12,1
118,3,22,12,61,5,1
118,3,22,13,61,13,1
118,3,22,14,125,5,1
118,3,22,15,125,13,1
118,3,22,16,-1,-1,0
118,3,22,17,-1,-1,0
118,3,22,18,-1,-1,0
118,3,22,19,-1,-1,0
118,3,22,20,-1,-1,0
118,3,22,21,-1,-1,0
118,3,22,22,-1,-1,0
118,3,22,23,-1,-1,0
118,3,22,24,-1,-1,0
118,3,22,25,-1,-1,0
118,3,22,26,-1,-1,0
118,3,22,27,-1,-1,0
118,3,22,28,-1,-1,0
118,3,22,29,-1,-1,0
118,3,22,30,-1,-1,0
118,3,22,31,-1,-1,0
119,3,23,0,53,6,1
119,3,23,1,53,14,1
119,3,23,2,117,6,1
119,3,23,3,117,14,1
119,3,23,4,53,7,1
119,3,23,5,53,15,1
119,3,23,6,117,7,1
119,3,23,7,117,15,1
119,3,23,8,61,6,1
119,3,23,9,61,14,1
119,3,23,10,125,6,1
119,3,23,11,125,14,1
119,3,23,12,61,7,1
119,3,23,13,61,15,1
119,3,23,14,125,7,1
119,3,23,15,125,15,1
119,3,23,16,-1,-1,0
119,3,23,17,-1,-1,0
119,3,23,18,-1,-1,0
119,3,23,19,-1,-1,0
119,3,23,20,-1,-1,0
119,3,23,21,-1,-1,0
119,3,23,22,-1,-1,0
119,3,23,23,-1,-1,0
119,3,23,24,-1,-1,0
119,3,23,25,-1,-1,0
119,3,23,26,-1,-1,0
119,3,23,27,-1,-1,0
119,3,23,28,-1,-1,0
119,3,23,29,-1,-1,0
119,3,23,30,-1,-1,0
119,3,23,31,-1,-1,0
120,3,24,0,54,0,1
120,3,24,1,54,8,1
120,3,24,2,118,0,1
120,3,24,3,118,8,1
120,3,24,4,54,1,1
120,3,24,5,54,9,1
120,3,24,6,118,1,1
120,3,24,7,118,9,1
120,3,24,8,62,0,1
120,3,24,9,62,8,1
120,3,24,10,126,0,1
120,3,24,11,126,8,1
120,3,24,12,62,1,1
120,3,24,13,62,9,1
120,3,24,14,126,1,1
120,3,24,15,126,9,1
120,3,24,16,-1,-1,0
120,3,24,17,-1,-1,0
120,3,24,18,-1,-1,0
120,3,24,19,-1,-1,0
120,3,24,20,-1,-1,0
120,3,24,21,-1,-1,0
120,3,24,22,-1,-1,0
120,3,24,23,-1,-1,0
120,3,24,24,-1,-1,0
120,3,24,25,-1,-1,0
120,3,24,26,-1,-1,0
120,3,24,27,-1,-1,0
120,3,24,28,-1,-1,0
120,3,24,29,-1,-1,0
120,3,24,30,-1,-1,0
120,3,24,31,-1,-1,0
121,3,25,0,54,2,1
121,3,25,1,54,10,1
121,3,25,2,118,2,1
121,3,25,3,118,10,1
121,3,25,4,54,3,1
121,3,25,5,54,11,1
121,3,25,6,118,3,1
121,3,25,7,118,11,1
121,3,25,8,62,2,1
121,3,25,9,62,10,1
121,3,25,10,126,2,1
121,3,25,11,126,10,1
121,3,25,12,62,3,1
121,3,25,13,62,11,1
121,3,25,14,126,3,1
121,3,25,15,126,11,1
121,3,25,16,-1,-1,0
121,3,25,17,-1,-1,0
121,3,25,18,-1,-1,0
121,3,25,19,-1,-1,0
121,3,25,20,-1,-1,0
121,3,25,21,-1,-1,0
121,3,25,22,-1,-1,0
121,3,25,23,-1,-1,0
121,3,25,24,-1,-1,0
121,3,25,25,-1,-1,0
121,3,25,26,-1,-1,0
121,3,25,27,-1,-1,0
121,3,25,28,-1,-1,0
121,3,25,29,-1,-1,0
121,3,25,30,-1,-1,0
121,3,25,31,-1,-1,0
122,3,26,0,54,4,1
122,3,26,1,54,12,1
122,3,26,2,118,4,1
122,3,26,3,118,12,1
122,3,26,4,54,5,1
122,3,26,5,54,13,1
122,3,26,6,118,5,1
122,3,26,7,118,13,1
122,3,26,8,62,4,1
122,3,26,9,62,12,1
122,3,26,10,126,4,1
122,3,26,11,126,12,1
122,3,26,12,62,5,1
122,3,26,13,62,13,1
122,3,26,14,126,5,1
122,3,26,15,126,13,1
122,3,26,16,-1,-1,0
122,3,26,17,-1,-1,0
122,3,26,18,-1,-1,0
122,3,26,19,-1,-1,0
122,3,26,20,-1,-1,0
122,3,26,21,-1,-1,0
122,3,26,22,-1,-1,0
122,3,26,23,-1,-1,0
122,3,26,24,-1,-1,0
122,3,26,25,-1,-1,0
122,3,26,26,-1,-1,0
122,3,26,27,-1,-1,0
122,3,26,28,-1,-1,0
122,3,26,29,-1,-1,0
122,3,26,30,-1,-1,0
122,3,26,31,-1,-1,0
123,3,27,0,54,6,1
123,3,27,1,54,14,1
123,3,27,2,118,6,1
123,3,27,3,118,14,1
123,3,27,4,54,7,1
123,3,27,5,54,15,1
123,3,27,6,118,7,1
123,3,27,7,118,15,1
123,3,27,8,62,6,1
123,3,27,9,62,14,1
123,3,27,10,126,6,1
123,3,27,11,126,14,1
123,3,27,12,62,7,1
123,3,27,13,62,15,1
123,3,27,14,126,7,1
123,3,27,15,126,15,1
123,3,27,16,-1,-1,0
123,3,27,17,-1,-1,0
123,3,27,18,-1,-1,0
123,3,27,19,-1,-1,0
123,3,27,20,-1,-1,0
123,3,27,21,-1,-1,0
123,3,27,22,-1,-1,0
123,3,27,23,-1,-1,0
123,3,27,24,-1,-1,0
123,3,27,25,-1,-1,0
123,3,27,26,-1,-1,0
123,3,27,27,-1,-1,0
123,3,27,28,-1,-1,0
123,3,27,29,-1,-1,0
123,3,27,30,-1,-1,0
123,3,27,31,-1,-1,0
124,3,28,0,55,0,1
124,3,28,1,55,8,1
124,3,28,2,119,0,1
124,3,28,3,119,8,1
124,3,28,4,55,1,1
124,3,28,5,55,9,1
124,3,28,6,119,1,1
124,3,28,7,119,9,1
124,3,28,8,63,0,1
124,3,28,9,63,8,1
124,3,28,10,127,0,1
124,3,28,11,127,8,1
124,3,28,12,63,1,1
124,3,28,13,63,9,1
124,3,28,14,127,1,1
124,3,28,15,127,9,1
124,3,28,16,-1,-1,0
124,3,28,17,-1,-1,0
124,3,28,18,-1,-1,0
124,3,28,19,-1,-1,0
124,3,28,20,-1,-1,0
124,3,28,21,-1,-1,0
124,3,28,22,-1,-1,0
124,3,28,23,-1,-1,0
124,3,28,24,-1,-1,0
124,3,28,25,-1,-1,0
124,3,28,26,-1,-1,0
124,3,28,27,-1,-1,0
124,3,28,28,-1,-1,0
124,3,28,29,-1,-1,0
124,3,28,30,-1,-1,0
124,3,28,31,-1,-1,0
125,3,29,0,55,2,1
125,3,29,1,55,10,1
125,3,29,2,119,2,1
125,3,29,3,119,10,1
125,3,29,4,55,3,1
125,3,29,5,55,11,1
125,3,29,6,119,3,1
125,3,29,7,119,11,1
125,3,29,8,63,2,1
125,3,29,9,63,10,1
125,3,29,10,127,2,1
125,3,29,11,127,10,1
125,3,29,12,63,3,1
125,3,29,13,63,11,1
125,3,29,14,127,3,1
125,3,29,15,127,11,1
125,3,29,16,-1,-1,0
125,3,29,17,-1,-1,0
125,3,29,18,-1,-1,0
125,3,29,19,-1,-1,0
125,3,29,20,-1,-1,0
125,3,29,21,-1,-1,0
125,3,29,22,-1,-1,0
125,3,29,23,-1,-1,0
125,3,29,24,-1,-1,0
125,3,29,25,-1,-1,0
125,3,29,26,-1,-1,0
125,3,29,27,-1,-1,0
125,3,29,28,-1,-1,0
125,3,29,29,-1,-1,0
125,3,29,30,-1,-1,0
125,3,29,31,-1,-1,0
126,3,30,0,55,4,1
126,3,30,1,55,12,1
126,3,30,2,119,4,1
126,3,30,3,119,12,1
126,3,30,4,55,5,1
126,3,30,5,55,13,1
126,3,30,6,119,5,1
126,3,30,7,119,13,1
126,3,30,8,63,4,1
126,3,30,9,63,12,1
126,3,30,10,127,4,1
126,3,30,11,127,12,1
126,3,30,12,63,5,1
126,3,30,13,63,13,1
126,3,30,14,127,5,1
126,3,30,15,127,13,1
126,3,30,16,-1,-1,0
126,3,30,17,-1,-1,0
126,3,30,18,-1,-1,0
126,3,30,19,-1,-1,0
126,3,30,20,-1,-1,0
126,3,30,21,-1,-1,0
126,3,30,22,-1,-1,0
126,3,30,23,-1,-1,0
126,3,30,24,-1,-1,0
126,3,30,25,-1,-1,0
126,3,30,26,-1,-1,0
126,3,30,27,-1,-1,0
126,3,30,28,-1,-1,0
126,3,30,29,-1,-1,0
126,3,30,30,-1,-1,0
126,3,30,31,-1,-1,0
127,3,31,0,55,6,1
127,3,31,1,55,14,1
127,3,31,2,119,6,1
127,3,31,3,119,14,1
127,3,31,4,55,7,1
127,3,31,5,55,15,1
127,3,31,6,119,7,1
127,3,31,7,119,15,1
127,3,31,8,63,6,1
127,3,31,9,63,14,1
127,3,31,10,127,6,1
127,3,31,11,127,14,1
127,3,31,12,63,7,1
127,3,31,13,63,15,1
127,3,31,14,127,7,1
127,3,31,15,127,15,1
127,3,31,16,-1,-1,0
127,3,31,17,-1,-1,0
127,3,31,18,-1,-1,0
127,3,31,19,-1,-1,0
127,3,31,20,-1,-1,0
127,3,31,21,-1,-1,0
127,3,31,22,-1,-1,0
127,3,31,23,-1,-1,0
127,3,31,24,-1,-1,0
127,3,31,25,-1,-1,0
127,3,31,26,-1,-1,0
127,3,31,27,-1,-1,0
127,3,31,28,-1,-1,0
127,3,31,29,-1,-1,0
127,3,31,30,-1,-1,0
127,3,31,31,-1,-1,0
128,4,0,0,0,16,1
128,4,0,1,0,24,1
128,4,0,2,64,16,1
128,4,0,3,64,24,1
128,4,0,4,0,17,1
128,4,0,5,0,25,1
128,4,0,6,64,17,1
128,4,0,7,64,25,1
128,4,0,8,8,16,1
128,4,0,9,8,24,1
128,4,0,10,72,16,1
128,4,0,11,72,24,1
128,4,0,12,8,17,1
128,4,0,13,8,25,1
128,4,0,14,72,17,1
128,4,0,15,72,25,1
128,4,0,16,-1,-1,0
128,4,0,17,-1,-1,0
128,4,0,18,-1,-1,0
128,4,0,19,-1,-1,0
128,4,0,20,-1,-1,0
128,4,0,21,-1,-1,0
128,4,0,22,-1,-1,0
128,4,0,23,-1,-1,0
128,4,0,24,-1,-1,0
128,4,0,25,-1,-1,0
128,4,0,26,-1,-1,0
128,4,0,27,-1,-1,0
128,4,0,28,-1,-1,0
128,4,0,29,-1,-1,0
128,4,0,30,-1,-1,0
128,4,0,31,-1,-1,0
129,4,1,0,0,18,1
129,4,1,1,0,26,1
129,4,1,2,64,18,1
129,4,1,3,64,26,1
129,4,1,4,0,19,1
129,4,1,5,0,27,1
129,4,1,6,64,19,1
129,4,1,7,64,27,1
129,4,1,8,8,18,1
129,4,1,9,8,26,1
129,4,1,10,72,18,1
129,4,1,11,72,26,1
129,4,1,12,8,19,1
129,4,1,13,8,27,1
129,4,1,14,72,19,1
129,4,1,15,72,27,1
129,4,1,16,-1,-1,0
129,4,1,17,-1,-1,0
129,4,1,18,-1,-1,0
129,4,1,19,-1,-1,0
129,4,1,20,-1,-1,0
129,4,1,21,-1,-1,0
129,4,1,22,-1,-1,0
129,4,1,23,-1,-1,0
129,4,1,24,-1,-1,0
129,4,1,25,-1,-1,0
129,4,1,26,-1,-1,0
129,4,1,27,-1,-1,0
129,4,1,28,-1,-1,0
129,4,1,29,-1,-1,0
129,4,1,30,-1,-1,0
129,4,1,31,-1,-1,0
130,4,2,0,0,20,1
130,4,2,1,0,28,1
130,4,2,2,64,20,1
130,4,2,3,64,28,1
130,4,2,4,0,21,1
130,4,2,5,0,29,1
130,4,2,6,64,21,1
130,4,2,7,64,29,1
130,4,2,8,8,20,1
130,4,2,9,8,28,1
130,4,2,10,72,20,1
130,4,2,11,72,28,1
130,4,2,12,8,21,1
130,4,2,13,8,29,1
130,4,2,14,72,21,1
130,4,2,15,72,29,1
130,4,2,16,-1,-1,0
130,4,2,17,-1,-1,0
130,4,2,18,-1,-1,0
130,4,2,19,-1,-1,0
130,4,2,20,-1,-1,0
130,4,2,21,-1,-1,0
130,4,2,22,-1,-1,0
130,4,2,23,-1,-1,0
130,4,2,24,-1,-1,0
130,4,2,25,-1,-1,0
130,4,2,26,-1,-1,0
130,4,2,27,-1,-1,0
130,4,2,28,-1,-1,0
130,4,2,29,-1,-1,0
130,4,2,30,-1,-1,0
130,4,2,31,-1,-1,0
131,4,3,0,0,22,1
131,4,3,1,0,30,1
131,4,3,2,64,22,1
131,4,3,3,64,30,1
131,4,3,4,0,23,1
131,4,3,5,0,31,1
131,4,3,6,64,23,1
131,4,3,7,64,31,1
131,4,3,8,8,22,1
131,4,3,9,8,30,1
131,4,3,10,72,22,1
131,4,3,11,72,30,1
131,4,3,12,8,23,1
131,4,3,13,8,31,1
131,4,3,14,72,23,1
131,4,3,15,72,31,1
131,4,3,16,-1,-1,0
131,4,3,17,-1,-1,0
131,4,3,18,-1,-1,0
131,4,3,19,-1,-1,0
131,4,3,20,-1,-1,0
131,4,3,21,-1,-1,0
131,4,3,22,-1,-1,0
131,4,3,23,-1,-1,0
131,4,3,24,-1,-1,0
131,4,3,25,-1,-1,0
131,4,3,26,-1,-1,0
131,4,3,27,-1,-1,0
131,4,3,28,-1,-1,0
131,4,3,29,-1,-1,0
131,4,3,30,-1,-1,0
131,4,3,31,-1,-1,0
132,4,4,0,1,16,1
132,4,4,1,1,24,1
132,4,4,2,65,16,1
132,4,4,3,65,24,1
132,4,4,4,1,17,1
132,4,4,5,1,25,1
132,4,4,6,65,17,1
132,4,4,7,65,25,1
132,4,4,8,9,16,1
132,4,4,9,9,24,1
132,4,4,10,73,16,1
132,4,4,11,73,24,1
132,4,4,12,9,17,1
132,4,4,13,9,25,1
132,4,4,14,73,17,1
132,4,4,15,73,25,1
132,4,4,16,-1,-1,0
132,4,4,17,-1,-1,0
132,4,4,18,-1,-1,0
132,4,4,19,-1,-1,0
132,4,4,20,-1,-1,0
132,4,4,21,-1,-1,0
132,4,4,22,-1,-1,0
132,4,4,23,-1,-1,0
132,4,4,24,-1,-1,0
132,4,4,25,-1,-1,0
132,4,4,26,-1,-1,0
132,4,4,27,-1,-1,0
132,4,4,28,-1,-1,0
132,4,4,29,-1,-1,0
132,4,4,30,-1,-1,0
132,4,4,31,-1,-1,0
133,4,5,0,1,18,1
133,4,5,1,1,26,1
133,4,5,2,65,18,1
133,4,5,3,65,26,1
133,4,5,4,1,19,1
133,4,5,5,1,27,1
133,4,5,6,65,19,1
133,4,5,7,65,27,1
133,4,5,8,9,18,1
133,4,5,9,9,26,1
133,4,5,10,73,18,1
133,4,5,11,73,26,1
133,4,5,12,9,19,1
133,4,5,13,9,27,1
133,4,5,14,73,19,1
133,4,5,15,73,27,1
133,4,5,16,-1,-1,0
133,4,5,17,-1,-1,0
133,4,5,18,-1,-1,0
133,4,5,19,-1,-1,0
133,4,5,20,-1,-1,0
133,4,5,21,-1,-1,0
133,4,5,22,-1,-1,0
133,4,5,23,-1,-1,0
133,4,5,24,-1,-1,0
133,4,5,25,-1,-1,0
133,4,5,26,-1,-1,0
133,4,5,27,-1,-1,0
133,4,5,28,-1,-1,0
133,4,5,29,-1,-1,0
133,4,5,30,-1,-1,0
133,4,5,31,-1,-1,0
134,4,6,0,1,20,1
134,4,6,1,1,28,1
134,4,6,2,65,20,1
134,4,6,3,65,28,1
134,4,6,4,1,21,1
134,4,6,5,1,29,1
134,4,6,6,65,21,1
134,4,6,7,65,29,1
134,4,6,8,9,20,1
134,4,6,9,9,28,1
134,4,6,10,73,20,1
134,4,6,11,73,28,1
134,4,6,12,9,21,1
134,4,6,13,9,29,1
134,4,6,14,73,21,1
134,4,6,15,73,29,1
134,4,6,16,-1,-1,0
134,4,6,17,-1,-1,0
134,4,6,18,-1,-1,0
134,4,6,19,-1,-1,0
134,4,6,20,-1,-1,0
134,4,6,21,-1,-1,0
134,4,6,22,-1,-1,0
134,4,6,23,-1,-1,0
134,4,6,24,-1,-1,0
134,4,6,25,-1,-1,0
134,4,6,26,-1,-1,0
134,4,6,27,-1,-1,0
134,4,6,28,-1,-1,0
134,4,6,29,-1,-1,0
134,4,6,30,-1,-1,0
134,4,6,31,-1,-1,0
135,4,7,0,1,22,1
135,4,7,1,1,30,1
135,4,7,2,65,22,1
135,4,7,3,65,30,1
135,4,7,4,1,23,1
135,4,7,5,1,31,1
135,4,7,6,65,23,1
135,4,7,7,65,31,1
135,4,7,8,9,22,1
135,4,7,9,9,30,1
135,4,7,10,73,22,1
135,4,7,11,73,30,1
135,4,7,12,9,23,1
135,4,7,13,9,31,1
135,4,7,14,73,23,1
135,4,7,15,73,31,1
135,4,7,16,-1,-1,0
135,4,7,17,-1,-1,0
135,4,7,18,-1,-1,0
135,4,7,19,-1,-1,0
135,4,7,20,-1,-1,0
135,4,7,21,-1,-1,0
135,4,7,22,-1,-1,0
135,4,7,23,-1,-1,0
135,4,7,24,-1,-1,0
135,4,7,25,-1,-1,0
135,4,7,26,-1,-1,0
135,4,7,27,-1,-1,0
135,4,7,28,-1,-1,0
135,4,7,29,-1,-1,0
135,4,7,30,-1,-1,0
135,4,7,31,-1,-1,0
136,4,8,0,2,16,1
136,4,8,1,2,24,1
136,4,8,2,66,16,1
136,4,8,3,66,24,1
136,4,8,4,2,17,1
136,4,8,5,2,25,1
136,4,8,6,66,17,1
136,4,8,7,66,25,1
136,4,8,8,10,16,1
136,4,8,9,10,24,1
136,4,8,10,74,16,1
136,4,8,11,74,24,1
136,4,8,12,10,17,1
136,4,8,13,10,25,1
136,4,8,14,74,17,1
136,4,8,15,74,25,1
136,4,8,16,-1,-1,0
136,4,8,17,-1,-1,0
136,4,8,18,-1,-1,0
136,4,8,19,-1,-1,0
136,4,8,20,-1,-1,0
136,4,8,21,-1,-1,0
136,4,8,22,-1,-1,0
136,4,8,23,-1,-1,0
136,4,8,24,-1,-1,0
136,4,8,25,-1,-1,0
136,4,8,26,-1,-1,0
136,4,8,27,-1,-1,0
136,4,8,28,-1,-1,0
136,4,8,29,-1,-1,0
136,4,8,30,-1,-1,0
136,4,8,31,-1,-1,0
137,4,9,0,2,18,1
137,4,9,1,2,26,1
137,4,9,2,66,18,1
137,4,9,3,66,26,1
137,4,9,4,2,19,1
137,4,9,5,2,27,1
137,4,9,6,66,19,1
137,4,9,7,66,27,1
137,4,9,8,10,18,1
137,4,9,9,10,26,1
137,4,9,10,74,18,1
137,4,9,11,74,26,1
137,4,9,12,10,19,1
137,4,9,13,10,27,1
137,4,9,14,74,19,1
137,4,9,15,74,27,1
137,4,9,16,-1,-1,0
137,4,9,17,-1,-1,0
137,4,9,18,-1,-1,0
137,4,9,19,-1,-1,0
137,4,9,20,-1,-1,0
137,4,9,21,-1,-1,0
137,4,9,22,-1,-1,0
137,4,9,23,-1,-1,0
137,4,9,24,-1,-1,0
137,4,9,25,-1,-1,0
137,4,9,26,-1,-1,0
137,4,9,27,-1,-1,0
137,4,9,28,-1,-1,0
137,4,9,29,-1,-1,0
137,4,9,30,-1,-1,0
137,4,9,31,-1,-1,0
138,4,10,0,2,20,1
138,4,10,1,2,28,1
138,4,10,2,66,20,1
138,4,10,3,66,28,1
138,4,10,4,2,21,1
138,4,10,5,2,29,1
138,4,10,6,66,21,1
138,4,10,7,66,29,1
138,4,10,8,10,20,1
138,4,10,9,10,28,1
138,4,10,10,74,20,1
138,4,10,11,74,28,1
138,4,10,12,10,21,1
138,4,10,13,10,29,1
138,4,10,14,74,21,1
138,4,10,15,74,29,1
138,4,10,16,-1,-1,0
138,4,10,17,-1,-1,0
138,4,10,18,-1,-1,0
138,4,10,19,-1,-1,0
138,4,10,20,-1,-1,0
138,4,10,21,-1,-1,0
138,4,10,22,-1,-1,0
138,4,10,23,-1,-1,0
138,4,10,24,-1,-1,0
138,4,10,25,-1,-1,0
138,4,10,26,-1,-1,0
138,4,10,27,-1,-1,0
138,4,10,28,-1,-1,0
138,4,10,29,-1,-1,0
138,4,10,30,-1,-1,0
138,4,10,31,-1,-1,0
139,4,11,0,2,22,1
139,4,11,1,2,30,1
139,4,11,2,66,22,1
139,4,11,3,66,30,1
139,4,11,4,2,23,1
139,4,11,5,2,31,1
139,4,11,6,66,23,1
139,4,11,7,66,31,1
139,4,11,8,10,22,1
139,4,11,9,10,30,1
139,4,11,10,74,22,1
139,4,11,11,74,30,1
139,4,11,12,10,23,1
139,4,11,13,10,31,1
139,4,11,14,74,23,1
139,4,11,15,74,31,1
139,4,11,16,-1,-1,0
139,4,11,17,-1,-1,0
139,4,11,18,-1,-1,0
139,4,11,19,-1,-1,0
139,4,11,20,-1,-1,0
139,4,11,21,-1,-1,0
139,4,11,22,-1,-1,0
139,4,11,23,-1,-1,0
139,4,11,24,-1,-1,0
139,4,11,25,-1,-1,0
139,4,11,26,-1,-1,0
139,4,11,27,-1,-1,0
139,4,11,28,-1,-1,0
139,4,11,29,-1,-1,0
139,4,11,30,-1,-1,0
139,4,11,31,-1,-1,0
140,4,12,0,3,16,1
140,4,12,1,3,24,1
140,4,12,2,67,16,1
140,4,12,3,67,24,1
140,4,12,4,3,17,1
140,4,12,5,3,25,1
140,4,12,6,67,17,1
140,4,12,7,67,25,1
140,4,12,8,11,16,1
140,4,12,9,11,24,1
140,4,12,10,75,16,1
140,4,12,11,75,24,1
140,4,12,12,11,17,1
140,4,12,13,11,25,1
140,4,12,14,75,17,1
140,4,12,15,75,25,1
140,4,12,16,-1,-1,0
140,4,12,17,-1,-1,0
140,4,12,18,-1,-1,0
140,4,12,19,-1,-1,0
140,4,12,20,-1,-1,0
140,4,12,21,-1,-1,0
140,4,12,22,-1,-1,0
140,4,12,23,-1,-1,0
140,4,12,24,-1,-1,0
140,4,12,25,-1,-1,0
140,4,12,26,-1,-1,0
140,4,12,27,-1,-1,0
140,4,12,28,-1,-1,0
140,4,12,29,-1,-1,0
140,4,12,30,-1,-1,0
140,4,12,31,-1,-1,0
141,4,13,0,3,18,1
141,4,13,1,3,26,1
141,4,13,2,67,18,1
141,4,13,3,67,26,1
141,4,13,4,3,19,1
141,4,13,5,3,27,1
141,4,13,6,67,19,1
141,4,13,7,67,27,1
141,4,13,8,11,18,1
141,4,13,9,11,26,1
141,4,13,10,75,18,1
141,4,13,11,75,26,1
141,4,13,12,11,19,1
141,4,13,13,11,27,1
141,4,13,14,75,19,1
141,4,13,15,75,27,1
141,4,13,16,-1,-1,0
141,4,13,17,-1,-1,0
141,4,13,18,-1,-1,0
141,4,13,19,-1,-1,0
141,4,13,20,-1,-1,0
141,4,13,21,-1,-1,0
141,4,13,22,-1,-1,0
141,4,13,23,-1,-1,0
141,4,13,24,-1,-1,0
141,4,13,25,-1,-1,0
141,4,13,26,-1,-1,0
141,4,13,27,-1,-1,0
141,4,13,28,-1,-1,0
141,4,13,29,-1,-1,0
141,4,13,30,-1,-1,0
141,4,13,31,-1,-1,0
142,4,14,0,3,20,1
142,4,14,1,3,28,1
142,4,14,2,67,20,1
142,4,14,3,67,28,1
142,4,14,4,3,21,1
142,4,14,5,3,29,1
142,4,14,6,67,21,1
142,4,14,7,67,29,1
142,4,14,8,11,20,1
142,4,14,9,11,28,1
142,4,14,10,75,20,1
142,4,14,11,75,28,1
142,4,14,12,11,21,1
142,4,14,13,11,29,1
142,4,14,14,75,21,1
142,4,14,15,75,29,1
142,4,14,16,-1,-1,0
142,4,14,17,-1,-1,0
142,4,14,18,-1,-1,0
142,4,14,19,-1,-1,0
142,4,14,20,-1,-1,0
142,4,14,21,-1,-1,0
142,4,14,22,-1,-1,0
142,4,14,23,-1,-1,0
142,4,14,24,-1,-1,0
142,4,14,25,-1,-1,0
142,4,14,26,-1,-1,0
142,4,14,27,-1,-1,0
142,4,14,28,-1,-1,0
142,4,14,29,-1,-1,0
142,4,14,30,-1,-1,0
142,4,14,31,-1,-1,0
143,4,15,0,3,22,1
143,4,15,1,3,30,1
143,4,15,2,67,22,1
143,4,15,3,67,30,1
143,4,15,4,3,23,1
143,4,15,5,3,31,1
143,4,15,6,67,23,1
143,4,15,7,67,31,1
143,4,15,8,11,22,1
143,4,15,9,11,30,1
143,4,15,10,75,22,1
143,4,15,11,75,30,1
143,4,15,12,11,23,1
143,4,15,13,11,31,1
143,4,15,14,75,23,1
143,4,15,15,75,31,1
143,4,15,16,-1,-1,0
143,4,15,17,-1,-1,0
143,4,15,18,-1,-1,0
143,4,15,19,-1,-1,0
143,4,15,20,-1,-1,0
143,4,15,21,-1,-1,0
143,4,15,22,-1,-1,0
143,4,15,23,-1,-1,0
143,4,15,24,-1,-1,0
143,4,15,25,-1,-1,0
143,4,15,26,-1,-1,0
143,4,15,27,-1,-1,0
143,4,15,28,-1,-1,0
143,4,15,29,-1,-1,0
143,4,15,30,-1,-1,0
143,4,15,31,-1,-1,0
144,4,16,0,4,16,1
144,4,16,1,4,24,1
144,4,16,2,68,16,1
144,4,16,3,68,24,1
144,4,16,4,4,17,1
144,4,16,5,4,25,1
144,4,16,6,68,17,1
144,4,16,7,68,25,1
144,4,16,8,12,16,1
144,4,16,9,12,24,1
144,4,16,10,76,16,1
144,4,16,11,76,24,1
144,4,16,12,12,17,1
144,4,16,13,12,25,1
144,4,16,14,76,17,1
144,4,16,15,76,25,1
144,4,16,16,-1,-1,0
144,4,16,17,-1,-1,0
144,4,16,18,-1,-1,0
144,4,16,19,-1,-1,0
144,4,16,20,-1,-1,0
144,4,16,21,-1,-1,0
144,4,16,22,-1,-1,0
144,4,16,23,-1,-1,0
144,4,16,24,-1,-1,0
144,4,16,25,-1,-1,0
144,4,16,26,-1,-1,0
144,4,16,27,-1,-1,0
144,4,16,28,-1,-1,0
144,4,16,29,-1,-1,0
144,4,16,30,-1,-1,0
144,4,16,31,-1,-1,0
145,4,17,0,4,18,1
145,4,17,1,4,26,1
145,4,17,2,68,18,1
145,4,17,3,68,26,1
145,4,17,4,4,19,1
145,4,17,5,4,27,1
145,4,17,6,68,19,1
145,4,17,7,68,27,1
145,4,17,8,12,18,1
145,4,17,9,12,26,1
145,4,17,10,76,18,1
145,4,17,11,76,26,1
145,4,17,12,12,19,1
145,4,17,13,12,27,1
145,4,17,14,76,19,1
145,4,17,15,76,27,1
145,4,17,16,-1,-1,0
145,4,17,17,-1,-1,0
145,4,17,18,-1,-1,0
145,4,17,19,-1,-1,0
145,4,17,20,-1,-1,0
145,4,17,21,-1,-1,0
145,4,17,22,-1,-1,0
145,4,17,23,-1,-1,0
145,4,17,24,-1,-1,0
145,4,17,25,-1,-1,0
145,4,17,26,-1,-1,0
145,4,17,27,-1,-1,0
145,4,17,28,-1,-1,0
145,4,17,29,-1,-1,0
145,4,17,30,-1,-1,0
145,4,17,31,-1,-1,0
146,4,18,0,4,20,1
146,4,18,1,4,28,1
146,4,18,2,68,20,1
146,4,18,3,68,28,1
146,4,18,4,4,21,1
146,4,18,5,4,29,1
146,4,18,6,68,21,1
146,4,18,7,68,29,1
146,4,18,8,12,20,1
146,4,18,9,12,28,1
146,4,18,10,76,20,1
146,4,18,11,76,28,1
146,4,18,12,12,21,1
146,4,18,13,12,29,1
146,4,18,14,76,21,1
146,4,18,15,76,29,1
146,4,18,16,-1,-1,0
146,4,18,17,-1,-1,0
146,4,18,18,-1,-1,0
146,4,18,19,-1,-1,0
146,4,18,20,-1,-1,0
146,4,18,21,-1,-1,0
146,4,18,22,-1,-1,0
146,4,18,23,-1,-1,0
146,4,18,24,-1,-1,0
146,4,18,25,-1,-1,0
146,4,18,26,-1,-1,0
146,4,18,27,-1,-1,0
146,4,18,28,-1,-1,0
146,4,18,29,-1,-1,0
146,4,18,30,-1,-1,0
146,4,18,31,-1,-1,0
147,4,19,0,4,22,1
147,4,19,1,4,30,1
147,4,19,2,68,22,1
147,4,19,3,68,30,1
147,4,19,4,4,23,1
147,4,19,5,4,31,1
147,4,19,6,68,23,1
147,4,19,7,68,31,1
147,4,19,8,12,22,1
147,4,19,9,12,30,1
147,4,19,10,76,22,1
147,4,19,11,76,30,1
147,4,19,12,12,23,1
147,4,19,13,12,31,1
147,4,19,14,76,23,1
147,4,19,15,76,31,1
147,4,19,16,-1,-1,0
147,4,19,17,-1,-1,0
147,4,19,18,-1,-1,0
147,4,19,19,-1,-1,0
147,4,19,20,-1,-1,0
147,4,19,21,-1,-1,0
147,4,19,22,-1,-1,0
147,4,19,23,-1,-1,0
147,4,19,24,-1,-1,0
147,4,19,25,-1,-1,0
147,4,19,26,-1,-1,0
147,4,19,27,-1,-1,0
147,4,19,28,-1,-1,0
147,4,19,29,-1,-1,0
147,4,19,30,-1,-1,0
147,4,19,31,-1,-1,0
148,4,20,0,5,16,1
148,4,20,1,5,24,1
148,4,20,2,69,16,1
148,4,20,3,69,24,1
148,4,20,4,5,17,1
148,4,20,5,5,25,1
148,4,20,6,69,17,1
148,4,20,7,69,25,1
148,4,20,8,13,16,1
148,4,20,9,13,24,1
148,4,20,10,77,16,1
148,4,20,11,77,24,1
148,4,20,12,13,17,1
148,4,20,13,13,25,1
148,4,20,14,77,17,1
148,4,20,15,77,25,1
148,4,20,16,-1,-1,0
148,4,20,17,-1,-1,0
148,4,20,18,-1,-1,0
148,4,20,19,-1,-1,0
148,4,20,20,-1,-1,0
148,4,20,21,-1,-1,0
148,4,20,22,-1,-1,0
148,4,20,23,-1,-1,0
148,4,20,24,-1,-1,0
148,4,20,25,-1,-1,0
148,4,20,26,-1,-1,0
148,4,20,27,-1,-1,0
148,4,20,28,-1,-1,0
148,4,20,29,-1,-1,0
148,4,20,30,-1,-1,0
148,4,20,31,-1,-1,0
149,4,21,0,5,18,1
149,4,21,1,5,26,1
149,4,21,2,69,18,1
149,4,21,3,69,26,1
149,4,21,4,5,19,1
149,4,21,5,5,27,1
149,4,21,6,69,19,1
149,4,21,7,69,27,1
149,4,21,8,13,18,1
149,4,21,9,13,26,1
149,4,21,10,77,18,1
149,4,21,11,77,26,1
149,4,21,12,13,19,1
149,4,21,13,13,27,1
149,4,21,14,77,19,1
149,4,21,15,77,27,1
149,4,21,16,-1,-1,0
149,4,21,17,-1,-1,0
149,4,21,18,-1,-1,0
149,4,21,19,-1,-1,0
149,4,21,20,-1,-1,0
149,4,21,21,-1,-1,0
149,4,21,22,-1,-1,0
149,4,21,23,-1,-1,0
149,4,21,24,-1,-1,0
149,4,21,25,-1,-1,0
149,4,21,26,-1,-1,0
149,4,21,27,-1,-1,0
149,4,21,28,-1,-1,0
149,4,21,29,-1,-1,0
149,4,21,30,-1,-1,0
149,4,21,31,-1,-1,0
150,4,22,0,5,20,1
150,4,22,1,5,28,1
150,4,22,2,69,20,1
150,4,22,3,69,28,1
150,4,22,4,5,21,1
150,4,22,5,5,29,1
150,4,22,6,69,21,1
150,4,22,7,69,29,1
150,4,22,8,13,20,1
150,4,22,9,13,28,1
150,4,22,10,77,20,1
150,4,22,11,77,28,1
150,4,22,12,13,21,1
150,4,22,13,13,29,1
150,4,22,14,77,21,1
150,4,22,15,77,29,1
150,4,22,16,-1,-1,0
150,4,22,17,-1,-1,0
150,4,22,18,-1,-1,0
150,4,22,19,-1,-1,0
150,4,22,20,-1,-1,0
150,4,22,21,-1,-1,0
150,4,22,22,-1,-1,0
150,4,22,23,-1,-1,0
150,4,22,24,-1,-1,0
150,4,22,25,-1,-1,0
150,4,22,26,-1,-1,0
150,4,22,27,-1,-1,0
150,4,22,28,-1,-1,0
150,4,22,29,-1,-1,0
150,4,22,30,-1,-1,0
150,4,22,31,-1,-1,0
151,4,23,0,5,22,1
151,4,23,1,5,30,1
151,4,23,2,69,22,1
151,4,23,3,69,30,1
151,4,23,4,5,23,1
151,4,23,5,5,31,1
151,4,23,6,69,23,1
151,4,23,7,69,31,1
151,4,23,8,13,22,1
151,4,23,9,13,30,1
151,4,23,10,77,22,1
151,4,23,11,77,30,1
151,4,23,12,13,23,1
151,4,23,13,13,31,1
151,4,23,14,77,23,1
151,4,23,15,77,31,1
151,4,23,16,-1,-1,0
151,4,23,17,-1,-1,0
151,4,23,18,-1,-1,0
151,4,23,19,-1,-1,0
151,4,23,20,-1,-1,0
151,4,23,21,-1,-1,0
151,4,23,22,-1,-1,0
151,4,23,23,-1,-1,0
151,4,23,24,-1,-1,0
151,4,23,25,-1,-1,0
151,4,23,26,-1,-1,0
151,4,23,27,-1,-1,0
151,4,23,28,-1,-1,0
151,4,23,29,-1,-1,0
151,4,23,30,-1,-1,0
151,4,23,31,-1,-1,0
152,4,24,0,6,16,1
152,4,24,1,6,24,1
152,4,24,2,70,16,1
152,4,24,3,70,24,1
152,4,24,4,6,17,1
152,4,24,5,6,25,1
152,4,24,6,70,17,1
152,4,24,7,70,25,1
152,4,24,8,14,16,1
152,4,24,9,14,24,1
152,4,24,10,78,16,1
152,4,24,11,78,24,1
152,4,24,12,14,17,1
152,4,24,13,14,25,1
152,4,24,14,78,17,1
152,4,24,15,78,25,1
152,4,24,16,-1,-1,0
152,4,24,17,-1,-1,0
152,4,24,18,-1,-1,0
152,4,24,19,-1,-1,0
152,4,24,20,-1,-1,0
152,4,24,21,-1,-1,0
152,4,24,22,-1,-1,0
152,4,24,23,-1,-1,0
152,4,24,24,-1,-1,0
152,4,24,25,-1,-1,0
152,4,24,26,-1,-1,0
152,4,24,27,-1,-1,0
152,4,24,28,-1,-1,0
152,4,24,29,-1,-1,0
152,4,24,30,-1,-1,0
152,4,24,31,-1,-1,0
153,4,25,0,6,18,1
153,4,25,1,6,26,1
153,4,25,2,70,18,1
153,4,25,3,70,26,1
153,4,25,4,6,19,1
153,4,25,5,6,27,1
153,4,25,6,70,19,1
153,4,25,7,70,27,1
153,4,25,8,14,18,1
153,4,25,9,14,26,1
153,4,25,10,78,18,1
153,4,25,11,78,26,1
153,4,25,12,14,19,1
153,4,25,13,14,27,1
153,4,25,14,78,19,1
153,4,25,15,78,27,1
153,4,25,16,-1,-1,0
153,4,25,17,-1,-1,0
153,4,25,18,-1,-1,0
153,4,25,19,-1,-1,0
153,4,25,20,-1,-1,0
153,4,25,21,-1,-1,0
153,4,25,22,-1,-1,0
153,4,25,23,-1,-1,0
153,4,25,24,-1,-1,0
153,4,25,25,-1,-1,0
153,4,25,26,-1,-1,0
153,4,25,27,-1,-1,0
153,4,25,28,-1,-1,0
153,4,25,29,-1,-1,0
153,4,25,30,-1,-1,0
153,4,25,31,-1,-1,0
154,4,26,0,6,20,1
154,4,26,1,6,28,1
154,4,26,2,70,20,1
154,4,26,3,70,28,1
154,4,26,4,6,21,1
154,4,26,5,6,29,1
154,4,26,6,70,21,1
154,4,26,7,70,29,1
154,4,26,8,14,20,1
154,4,26,9,14,28,1
154,4,26,10,78,20,1
154,4,26,11,78,28,1
154,4,26,12,14,21,1
154,4,26,13,14,29,1
154,4,26,14,78,21,1
154,4,26,15,78,29,1
154,4,26,16,-1,-1,0
154,4,26,17,-1,-1,0
154,4,26,18,-1,-1,0
154,4,26,19,-1,-1,0
154,4,26,20,-1,-1,0
154,4,26,21,-1,-1,0
154,4,26,22,-1,-1,0
154,4,26,23,-1,-1,0
154,4,26,24,-1,-1,0
154,4,26,25,-1,-1,0
154,4,26,26,-1,-1,0
154,4,26,27,-1,-1,0
154,4,26,28,-1,-1,0
154,4,26,29,-1,-1,0
154,4,26,30,-1,-1,0
154,4,26,31,-1,-1,0
155,4,27,0,6,22,1
155,4,27,1,6,30,1
155,4,27,2,70,22,1
155,4,27,3,70,30,1
155,4,27,4,6,23,1
155,4,27,5,6,31,1
155,4,27,6,70,23,1
155,4,27,7,70,31,1
155,4,27,8,14,22,1
155,4,27,9,14,30,1
155,4,27,10,78,22,1
155,4,27,11,78,30,1
155,4,27,12,14,23,1
155,4,27,13,14,31,1
155,4,27,14,78,23,1
155,4,27,15,78,31,1
155,4,27,16,-1,-1,0
155,4,27,17,-1,-1,0
155,4,27,18,-1,-1,0
155,4,27,19,-1,-1,0
155,4,27,20,-1,-1,0
155,4,27,21,-1,-1,0
155,4,27,22,-1,-1,0
155,4,27,23,-1,-1,0
155,4,27,24,-1,-1,0
155,4,27,25,-1,-1,0
155,4,27,26,-1,-1,0
155,4,27,27,-1,-1,0
155,4,27,28,-1,-1,0
155,4,27,29,-1,-1,0
155,4,27,30,-1,-1,0
155,4,27,31,-1,-1,0
156,4,28,0,7,16,1
156,4,28,1,7,24,1
156,4,28,2,71,16,1
156,4,28,3,71,24,1
156,4,28,4,7,17,1
156,4,28,5,7,25,1
156,4,28,6,71,17,1
156,4,28,7,71,25,1
156,4,28,8,15,16,1
156,4,28,9,15,24,1
156,4,28,10,79,16,1
156,4,28,11,79,24,1
156,4,28,12,15,17,1
156,4,28,13,15,25,1
156,4,28,14,79,17,1
156,4,28,15,79,25,1
156,4,28,16,-1,-1,0
156,4,28,17,-1,-1,0
156,4,28,18,-1,-1,0
156,4,28,19,-1,-1,0
156,4,28,20,-1,-1,0
156,4,28,21,-1,-1,0
156,4,28,22,-1,-1,0
156,4,28,23,-1,-1,0
156,4,28,24,-1,-1,0
156,4,28,25,-1,-1,0
156,4,28,26,-1,-1,0
156,4,28,27,-1,-1,0
156,4,28,28,-1,-1,0
156,4,28,29,-1,-1,0
156,4,28,30,-1,-1,0
156,4,28,31,-1,-1,0
157,4,29,0,7,18,1
157,4,29,1,7,26,1
157,4,29,2,71,18,1
157,4,29,3,71,26,1
157,4,29,4,7,19,1
157,4,29,5,7,27,1
157,4,29,6,71,19,1
157,4,29,7,71,27,1
157,4,29,8,15,18,1
157,4,29,9,15,26,1
157,4,29,10,79,18,1
157,4,29,11,79,26,1
157,4,29,12,15,19,1
157,4,29,13,15,27,1
157,4,29,14,79,19,1
157,4,29,15,79,27,1
157,4,29,16,-1,-1,0
157,4,29,17,-1,-1,0
157,4,29,18,-1,-1,0
157,4,29,19,-1,-1,0
157,4,29,20,-1,-1,0
157,4,29,21,-1,-1,0
157,4,29,22,-1,-1,0
157,4,29,23,-1,-1,0
157,4,29,24,-1,-1,0
157,4,29,25,-1,-1,0
157,4,29,26,-1,-1,0
157,4,29,27,-1,-1,0
157,4,29,28,-1,-1,0
157,4,29,29,-1,-1,0
157,4,29,30,-1,-1,0
157,4,29,31,-1,-1,0
158,4,30,0,7,20,1
158,4,30,1,7,28,1
158,4,30,2,71,20,1
158,4,30,3,71,28,1
158,4,30,4,7,21,1
158,4,30,5,7,29,1
158,4,30,6,71,21,1
158,4,30,7,71,29,1
158,4,30,8,15,20,1
158,4,30,9,15,28,1
158,4,30,10,79,20,1
158,4,30,11,79,28,1
158,4,30,12,15,21,1
158,4,30,13,15,29,1
158,4,30,14,79,21,1
158,4,30,15,79,29,1
158,4,30,16,-1,-1,0
158,4,30,17,-1,-1,0
158,4,30,18,-1,-1,0
158,4,30,19,-1,-1,0
158,4,30,20,-1,-1,0
158,4,30,21,-1,-1,0
158,4,30,22,-1,-1,0
158,4,30,23,-1,-1,0
158,4,30,24,-1,-1,0
158,4,30,25,-1,-1,0
158,4,30,26,-1,-1,0
158,4,30,27,-1,-1,0
158,4,30,28,-1,-1,0
158,4,30,29,-1,-1,0
158,4,30,30,-1,-1,0
158,4,30,31,-1,-1,0
159,4,31,0,7,22,1
159,4,31,1,7,30,1
159,4,31,2,71,22,1
159,4,31,3,71,30,1
159,4,31,4,7,23,1
159,4,31,5,7,31,1
159,4,31,6,71,23,1
159,4,31,7,71,31,1
159,4,31,8,15,22,1
159,4,31,9,15,30,1
159,4,31,10,79,22,1
159,4,31,11,79,30,1
159,4,31,12,15,23,1
159,4,31,13,15,31,1
159,4,31,14,79,23,1
159,4,31,15,79,31,1
159,4,31,16,-1,-1,0
159,4,31,17,-1,-1,0
159,4,31,18,-1,-1,0
159,4,31,19,-1,-1,0
159,4,31,20,-1,-1,0
159,4,31,21,-1,-1,0
159,4,31,22,-1,-1,0
159,4,31,23,-1,-1,0
159,4,31,24,-1,-1,0
159,4,31,25,-1,-1,0
159,4,31,26,-1,-1,0
159,4,31,27,-1,-1,0
159,4,31,28,-1,-1,0
159,4,31,29,-1,-1,0
159,4,31,30,-1,-1,0
159,4,31,31,-1,-1,0
160,5,0,0,16,16,1
160,5,0,1,16,24,1
160,5,0,2,80,16,1
160,5,0,3,80,24,1
160,5,0,4,16,17,1
160,5,0,5,16,25,1
160,5,0,6,80,17,1
160,5,0,7,80,25,1
160,5,0,8,24,16,1
160,5,0,9,24,24,1
160,5,0,10,88,16,1
160,5,0,11,88,24,1
160,5,0,12,24,17,1
160,5,0,13,24,25,1
160,5,0,14,88,17,1
160,5,0,15,88,25,1
160,5,0,16,-1,-1,0
160,5,0,17,-1,-1,0
160,5,0,18,-1,-1,0
160,5,0,19,-1,-1,0
160,5,0,20,-1,-1,0
160,5,0,21,-1,-1,0
160,5,0,22,-1,-1,0
160,5,0,23,-1,-1,0
160,5,0,24,-1,-1,0
160,5,0,25,-1,-1,0
160,5,0,26,-1,-1,0
160,5,0,27,-1,-1,0
160,5,0,28,-1,-1,0
160,5,0,29,-1,-1,0
160,5,0,30,-1,-1,0
160,5,0,31,-1,-1,0
161,5,1,0,16,18,1
161,5,1,1,16,26,1
161,5,1,2,80,18,1
161,5,1,3,80,26,1
161,5,1,4,16,19,1
161,5,1,5,16,27,1
161,5,1,6,80,19,1
161,5,1,7,80,27,1
161,5,1,8,24,18,1
161,5,1,9,24,26,1
161,5,1,10,88,18,1
161,5,1,11,88,26,1
161,5,1,12,24,19,1
161,5,1,13,24,27,1
161,5,1,14,88,19,1
161,5,1,15,88,27,1
161,5,1,16,-1,-1,0
161,5,1,17,-1,-1,0
161,5,1,18,-1,-1,0
161,5,1,19,-1,-1,0
161,5,1,20,-1,-1,0
161,5,1,21,-1,-1,0
161,5,1,22,-1,-1,0
161,5,1,23,-1,-1,0
161,5,1,24,-1,-1,0
161,5,1,25,-1,-1,0
161,5,1,26,-1,-1,0
161,5,1,27,-1,-1,0
161,5,1,28,-1,-1,0
161,5,1,29,-1,-1,0
161,5,1,30,-1,-1,0
161,5,1,31,-1,-1,0
162,5,2,0,16,20,1
162,5,2,1,16,28,1
162,5,2,2,80,20,1
162,5,2,3,80,28,1
162,5,2,4,16,21,1
162,5,2,5,16,29,1
162,5,2,6,80,21,1
162,5,2,7,80,29,1
162,5,2,8,24,20,1
162,5,2,9,24,28,1
162,5,2,10,88,20,1
162,5,2,11,88,28,1
162,5,2,12,24,21,1
162,5,2,13,24,29,1
162,5,2,14,88,21,1
162,5,2,15,88,29,1
162,5,2,16,-1,-1,0
162,5,2,17,-1,-1,0
162,5,2,18,-1,-1,0
162,5,2,19,-1,-1,0
162,5,2,20,-1,-1,0
162,5,2,21,-1,-1,0
162,5,2,22,-1,-1,0
162,5,2,23,-1,-1,0
162,5,2,24,-1,-1,0
162,5,2,25,-1,-1,0
162,5,2,26,-1,-1,0
162,5,2,27,-1,-1,0
162,5,2,28,-1,-1,0
162,5,2,29,-1,-1,0
162,5,2,30,-1,-1,0
162,5,2,31,-1,-1,0
163,5,3,0,16,22,1
163,5,3,1,16,30,1
163,5,3,2,80,22,1
163,5,3,3,80,30,1
163,5,3,4,16,23,1
163,5,3,5,16,31,1
163,5,3,6,80,23,1
163,5,3,7,80,31,1
163,5,3,8,24,22,1
163,5,3,9,24,30,1
163,5,3,10,88,22,1
163,5,3,11,88,30,1
163,5,3,12,24,23,1
163,5,3,13,24,31,1
163,5,3,14,88,23,1
163,5,3,15,88,31,1
163,5,3,16,-1,-1,0
163,5,3,17,-1,-1,0
163,5,3,18,-1,-1,0
163,5,3,19,-1,-1,0
163,5,3,20,-1,-1,0
163,5,3,21,-1,-1,0
163,5,3,22,-1,-1,0
163,5,3,23,-1,-1,0
163,5,3,24,-1,-1,0
163,5,3,25,-1,-1,0
163,5,3,26,-1,-1,0
163,5,3,27,-1,-1,0
163,5,3,28,-1,-1,0
163,5,3,29,-1,-1,0
163,5,3,30,-1,-1,0
163,5,3,31,-1,-1,0
164,5,4,0,17,16,1
164,5,4,1,17,24,1
164,5,4,2,81,16,1
164,5,4,3,81,24,1
164,5,4,4,17,17,1
164,5,4,5,17,25,1
164,5,4,6,81,17,1
164,5,4,7,81,25,1
164,5,4,8,25,16,1
164,5,4,9,25,24,1
164,5,4,10,89,16,1
164,5,4,11,89,24,1
164,5,4,12,25,17,1
164,5,4,13,25,25,1
164,5,4,14,89,17,1
164,5,4,15,89,25,1
164,5,4,16,-1,-1,0
164,5,4,17,-1,-1,0
164,5,4,18,-1,-1,0
164,5,4,19,-1,-1,0
164,5,4,20,-1,-1,0
164,5,4,21,-1,-1,0
164,5,4,22,-1,-1,0
164,5,4,23,-1,-1,0
164,5,4,24,-1,-1,0
164,5,4,25,-1,-1,0
164,5,4,26,-1,-1,0
164,5,4,27,-1,-1,0
164,5,4,28,-1,-1,0
164,5,4,29,-1,-1,0
164,5,4,30,-1,-1,0
164,5,4,31,-1,-1,0
165,5,5,0,17,18,1
165,5,5,1,17,26,1
165,5,5,2,81,18,1
165,5,5,3,81,26,1
165,5,5,4,17,19,1
165,5,5,5,17,27,1
165,5,5,6,81,19,1
165,5,5,7,81,27,1
165,5,5,8,25,18,1
165,5,5,9,25,26,1
165,5,5,10,89,18,1
165,5,5,11,89,26,1
165,5,5,12,25,19,1
165,5,5,13,25,27,1
165,5,5,14,89,19,1
165,5,5,15,89,27,1
165,5,5,16,-1,-1,0
165,5,5,17,-1,-1,0
165,5,5,18,-1,-1,0
165,5,5,19,-1,-1,0
165,5,5,20,-1,-1,0
165,5,5,21,-1,-1,0
165,5,5,22,-1,-1,0
165,5,5,23,-1,-1,0
165,5,5,24,-1,-1,0
165,5,5,25,-1,-1,0
165,5,5,26,-1,-1,0
165,5,5,27,-1,-1,0
165,5,5,28,-1,-1,0
165,5,5,29,-1,-1,0
165,5,5,30,-1,-1,0
165,5,5,31,-1,-1,0
166,5,6,0,17,20,1
166,5,6,1,17,28,1
166,5,6,2,81,20,1
166,5,6,3,81,28,1
166,5,6,4,17,21,1
166,5,6,5,17,29,1
166,5,6,6,81,21,1
166,5,6,7,81,29,1
166,5,6,8,25,20,1
166,5,6,9,25,28,1
166,5,6,10,89,20,1
166,5,6,11,89,28,1
166,5,6,12,25,21,1
166,5,6,13,25,29,1
166,5,6,14,89,21,1
166,5,6,15,89,29,1
166,5,6,16,-1,-1,0
166,5,6,17,-1,-1,0
166,5,6,18,-1,-1,0
166,5,6,19,-1,-1,0
166,5,6,20,-1,-1,0
166,5,6,21,-1,-1,0
166,5,6,22,-1,-1,0
166,5,6,23,-1,-1,0
166,5,6,24,-1,-1,0
166,5,6,25,-1,-1,0
166,5,6,26,-1,-1,0
166,5,6,27,-1,-1,0
166,5,6,28,-1,-1,0
166,5,6,29,-1,-1,0
166,5,6,30,-1,-1,0
166,5,6,31,-1,-1,0
167,5,7,0,17,22,1
167,5,7,1,17,30,1
167,5,7,2,81,22,1
167,5,7,3,81,30,1
167,5,7,4,17,23,1
167,5,7,5,17,31,1
167,5,7,6,81,23,1
167,5,7,7,81,31,1
167,5,7,8,25,22,1
167,5,7,9,25,30,1
167,5,7,10,89,22,1
167,5,7,11,89,30,1
167,5,7,12,25,23,1
167,5,7,13,25,31,1
167,5,7,14,89,23,1
167,5,7,15,89,31,1
167,5,7,16,-1,-1,0
167,5,7,17,-1,-1,0
167,5,7,18,-1,-1,0
167,5,7,19,-1,-1,0
167,5,7,20,-1,-1,0
167,5,7,21,-1,-1,0
167,5,7,22,-1,-1,0
167,5,7,23,-1,-1,0
167,5,7,24,-1,-1,0
167,5,7,25,-1,-1,0
167,5,7,26,-1,-1,0
167,5,7,27,-1,-1,0
167,5,7,28,-1,-1,0
167,5,7,29,-1,-1,0
167,5,7,30,-1,-1,0
167,5,7,31,-1,-1,0
168,5,8,0,18,16,1
168,5,8,1,18,24,1
168,5,8,2,82,16,1
168,5,8,3,82,24,1
168,5,8,4,18,17,1
168,5,8,5,18,25,1
168,5,8,6,82,17,1
168,5,8,7,82,25,1
168,5,8,8,26,16,1
168,5,8,9,26,24,1
168,5,8,10,90,16,1
168,5,8,11,90,24,1
168,5,8,12,26,17,1
168,5,8,13,26,25,1
168,5,8,14,90,17,1
168,5,8,15,90,25,1
168,5,8,16,-1,-1,0
168,5,8,17,-1,-1,0
168,5,8,18,-1,-1,0
168,5,8,19,-1,-1,0
168,5,8,20,-1,-1,0
168,5,8,21,-1,-1,0
168,5,8,22,-1,-1,0
168,5,8,23,-1,-1,0
168,5,8,24,-1,-1,0
168,5,8,25,-1,-1,0
168,5,8,26,-1,-1,0
168,5,8,27,-1,-1,0
168,5,8,28,-1,-1,0
168,5,8,29,-1,-1,0
168,5,8,30,-1,-1,0
168,5,8,31,-1,-1,0
169,5,9,0,18,18,1
169,5,9,1,18,26,1
169,5,9,2,82,18,1
169,5,9,3,82,26,1
169,5,9,4,18,19,1
169,5,9,5,18,27,1
169,5,9,6,82,19,1
169,5,9,7,82,27,1
169,5,9,8,26,18,1
169,5,9,9,26,26,1
169,5,9,10,90,18,1
169,5,9,11,90,26,1
169,5,9,12,26,19,1
169,5,9,13,26,27,1
169,5,9,14,90,19,1
169,5,9,15,90,27,1
169,5,9,16,-1,-1,0
169,5,9,17,-1,-1,0
169,5,9,18,-1,-1,0
169,5,9,19,-1,-1,0
169,5,9,20,-1,-1,0
169,5,9,21,-1,-1,0
169,5,9,22,-1,-1,0
169,5,9,23,-1,-1,0
169,5,9,24,-1,-1,0
169,5,9,25,-1,-1,0
169,5,9,26,-1,-1,0
169,5,9,27,-1,-1,0
169,5,9,28,-1,-1,0
169,5,9,29,-1,-1,0
169,5,9,30,-1,-1,0
169,5,9,31,-1,-1,0
170,5,10,0,18,20,1
170,5,10,1,18,28,1
170,5,10,2,82,20,1
170,5,10,3,82,28,1
170,5,10,4,18,21,1
170,5,10,5,18,29,1
170,5,10,6,82,21,1
170,5,10,7,82,29,1
170,5,10,8,26,20,1
170,5,10,9,26,28,1
170,5,10,10,90,20,1
170,5,10,11,90,28,1
170,5,10,12,26,21,1
170,5,10,13,26,29,1
170,5,10,14,90,21,1
170,5,10,15,90,29,1
170,5,10,16,-1,-1,0
170,5,10,17,-1,-1,0
170,5,10,18,-1,-1,0
170,5,10,19,-1,-1,0
170,5,10,20,-1,-1,0
170,5,10,21,-1,-1,0
170,5,10,22,-1,-1,0
170,5,10,23,-1,-1,0
170,5,10,24,-1,-1,0
170,5,10,25,-1,-1,0
170,5,10,26,-1,-1,0
170,5,10,27,-1,-1,0
170,5,10,28,-1,-1,0
170,5,10,29,-1,-1,0
170,5,10,30,-1,-1,0
170,5,10,31,-1,-1,0
171,5,11,0,18,22,1
171,5,11,1,18,30,1
171,5,11,2,82,22,1
171,5,11,3,82,30,1
171,5,11,4,18,23,1
171,5,11,5,18,31,1
171,5,11,6,82,23,1
171,5,11,7,82,31,1
171,5,11,8,26,22,1
171,5,11,9,26,30,1
171,5,11,10,90,22,1
171,5,11,11,90,30,1
171,5,11,12,26,23,1
171,5,11,13,26,31,1
171,5,11,14,90,23,1
171,5,11,15,90,31,1
171,5,11,16,-1,-1,0
171,5,11,17,-1,-1,0
171,5,11,18,-1,-1,0
171,5,11,19,-1,-1,0
171,5,11,20,-1,-1,0
171,5,11,21,-1,-1,0
171,5,11,22,-1,-1,0
171,5,11,23,-1,-1,0
171,5,11,24,-1,-1,0
171,5,11,25,-1,-1,0
171,5,11,26,-1,-1,0
171,5,11,27,-1,-1,0
171,5,11,28,-1,-1,0
171,5,11,29,-1,-1,0
171,5,11,30,-1,-1,0
171,5,11,31,-1,-1,0
172,5,12,0,19,16,1
172,5,12,1,19,24,1
172,5,12,2,83,16,1
172,5,12,3,83,24,1
172,5,12,4,19,17,1
172,5,12,5,19,25,1
172,5,12,6,83,17,1
172,5,12,7,83,25,1
172,5,12,8,27,16,1
172,5,12,9,27,24,1
172,5,12,10,91,16,1
172,5,12,11,91,24,1
172,5,12,12,27,17,1
172,5,12,13,27,25,1
172,5,12,14,91,17,1
172,5,12,15,91,25,1
172,5,12,16,-1,-1,0
172,5,12,17,-1,-1,0
172,5,12,18,-1,-1,0
172,5,12,19,-1,-1,0
172,5,12,20,-1,-1,0
172,5,12,21,-1,-1,0
172,5,12,22,-1,-1,0
172,5,12,23,-1,-1,0
172,5,12,24,-1,-1,0
172,5,12,25,-1,-1,0
172,5,12,26,-1,-1,0
172,5,12,27,-1,-1,0
172,5,12,28,-1,-1,0
172,5,12,29,-1,-1,0
172,5,12,30,-1,-1,0
172,5,12,31,-1,-1,0
173,5,13,0,19,18,1
173,5,13,1,19,26,1
173,5,13,2,83,18,1
173,5,13,3,83,26,1
173,5,13,4,19,19,1
173,5,13,5,19,27,1
173,5,13,6,83,19,1
173,5,13,7,83,27,1
173,5,13,8,27,18,1
173,5,13,9,27,26,1
173,5,13,10,91,18,1
173,5,13,11,91,26,1
173,5,13,12,27,19,1
173,5,13,13,27,27,1
173,5,13,14,91,19,1
173,5,13,15,91,27,1
173,5,13,16,-1,-1,0
173,5,13,17,-1,-1,0
173,5,13,18,-1,-1,0
173,5,13,19,-1,-1,0
173,5,13,20,-1,-1,0
173,5,13,21,-1,-1,0
173,5,13,22,-1,-1,0
173,5,13,23,-1,-1,0
173,5,13,24,-1,-1,0
173,5,13,25,-1,-1,0
173,5,13,26,-1,-1,0
173,5,13,27,-1,-1,0
173,5,13,28,-1,-1,0
173,5,13,29,-1,-1,0
173,5,13,30,-1,-1,0
173,5,13,31,-1,-1,0
174,5,14,0,19,20,1
174,5,14,1,19,28,1
174,5,14,2,83,20,1
174,5,14,3,83,28,1
174,5,14,4,19,21,1
174,5,14,5,19,29,1
174,5,14,6,83,21,1
174,5,14,7,83,29,1
174,5,14,8,27,20,1
174,5,14,9,27,28,1
174,5,14,10,91,20,1
174,5,14,11,91,28,1
174,5,14,12,27,21,1
174,5,14,13,27,29,1
174,5,14,14,91,21,1
174,5,14,15,91,29,1
174,5,14,16,-1,-1,0
174,5,14,17,-1,-1,0
174,5,14,18,-1,-1,0
174,5,14,19,-1,-1,0
174,5,14,20,-1,-1,0
174,5,14,21,-1,-1,0
174,5,14,22,-1,-1,0
174,5,14,23,-1,-1,0
174,5,14,24,-1,-1,0
174,5,14,25,-1,-1,0
174,5,14,26,-1,-1,0
174,5,14,27,-1,-1,0
174,5,14,28,-1,-1,0
174,5,14,29,-1,-1,0
174,5,14,30,-1,-1,0
174,5,14,31,-1,-1,0
175,5,15,0,19,22,1
175,5,15,1,19,30,1
175,5,15,2,83,22,1
175,5,15,3,83,30,1
175,5,15,4,19,23,1
175,5,15,5,19,31,1
175,5,15,6,83,23,1
175,5,15,7,83,31,1
175,5,15,8,27,22,1
175,5,15,9,27,30,1
175,5,15,10,91,22,1
175,5,15,11,91,30,1
175,5,15,12,27,23,1
175,5,15,13,27,31,1
175,5,15,14,91,23,1
175,5,15,15,91,31,1
175,5,15,16,-1,-1,0
175,5,15,17,-1,-1,0
175,5,15,18,-1,-1,0
175,5,15,19,-1,-1,0
175,5,15,20,-1,-1,0
175,5,15,21,-1,-1,0
175,5,15,22,-1,-1,0
175,5,15,23,-1,-1,0
175,5,15,24,-1,-1,0
175,5,15,25,-1,-1,0
175,5,15,26,-1,-1,0
175,5,15,27,-1,-1,0
175,5,15,28,-1,-1,0
175,5,15,29,-1,-1,0
175,5,15,30,-1,-1,0
175,5,15,31,-1,-1,0
176,5,16,0,20,16,1
176,5,16,1,20,24,1
176,5,16,2,84,16,1
176,5,16,3,84,24,1
176,5,16,4,20,17,1
176,5,16,5,20,25,1
176,5,16,6,84,17,1
176,5,16,7,84,25,1
176,5,16,8,28,16,1
176,5,16,9,28,24,1
176,5,16,10,92,16,1
176,5,16,11,92,24,1
176,5,16,12,28,17,1
176,5,16,13,28,25,1
176,5,16,14,92,17,1
176,5,16,15,92,25,1
176,5,16,16,-1,-1,0
176,5,16,17,-1,-1,0
176,5,16,18,-1,-1,0
176,5,16,19,-1,-1,0
176,5,16,20,-1,-1,0
176,5,16,21,-1,-1,0
176,5,16,22,-1,-1,0
176,5,16,23,-1,-1,0
176,5,16,24,-1,-1,0
176,5,16,25,-1,-1,0
176,5,16,26,-1,-1,0
176,5,16,27,-1,-1,0
176,5,16,28,-1,-1,0
176,5,16,29,-1,-1,0
176,5,16,30,-1,-1,0
176,5,16,31,-1,-1,0
177,5,17,0,20,18,1
177,5,17,1,20,26,1
177,5,17,2,84,18,1
177,5,17,3,84,26,1
177,5,17,4,20,19,1
177,5,17,5,20,27,1
177,5,17,6,84,19,1
177,5,17,7,84,27,1
177,5,17,8,28,18,1
177,5,17,9,28,26,1
177,5,17,10,92,18,1
177,5,17,11,92,26,1
177,5,17,12,28,19,1
177,5,17,13,28,27,1
177,5,17,14,92,19,1
177,5,17,15,92,27,1
177,5,17,16,-1,-1,0
177,5,17,17,-1,-1,0
177,5,17,18,-1,-1,0
177,5,17,19,-1,-1,0
177,5,17,20,-1,-1,0
177,5,17,21,-1,-1,0
177,5,17,22,-1,-1,0
177,5,17,23,-1,-1,0
177,5,17,24,-1,-1,0
177,5,17,25,-1,-1,0
177,5,17,26,-1,-1,0
177,5,17,27,-1,-1,0
177,5,17,28,-1,-1,0
177,5,17,29,-1,-1,0
177,5,17,30,-1,-1,0
177,5,17,31,-1,-1,0
178,5,18,0,20,20,1
178,5,18,1,20,28,1
178,5,18,2,84,20,1
178,5,18,3,84,28,1
178,5,18,4,20,21,1
178,5,18,5,20,29,1
178,5,18,6,84,21,1
178,5,18,7,84,29,1
178,5,18,8,28,20,1
178,5,18,9,28,28,1
178,5,18,10,92,20,1
178,5,18,11,92,28,1
178,5,18,12,28,21,1
178,5,18,13,28,29,1
178,5,18,14,92,21,1
178,5,18,15,92,29,1
178,5,18,16,-1,-1,0
178,5,18,17,-1,-1,0
178,5,18,18,-1,-1,0
178,5,18,19,-1,-1,0
178,5,18,20,-1,-1,0
178,5,18,21,-1,-1,0
178,5,18,22,-1,-1,0
178,5,18,23,-1,-1,0
178,5,18,24,-1,-1,0
178,5,18,25,-1,-1,0
178,5,18,26,-1,-1,0
178,5,18,27,-1,-1,0
178,5,18,28,-1,-1,0
178,5,18,29,-1,-1,0
178,5,18,30,-1,-1,0
178,5,18,31,-1,-1,0
179,5,19,0,20,22,1
179,5,19,1,20,30,1
179,5,19,2,84,22,1
179,5,19,3,84,30,1
179,5,19,4,20,23,1
179,5,19,5,20,31,1
179,5,19,6,84,23,1
179,5,19,7,84,31,1
179,5,19,8,28,22,1
179,5,19,9,28,30,1
179,5,19,10,92,22,1
179,5,19,11,92,30,1
179,5,19,12,28,23,1
179,5,19,13,28,31,1
179,5,19,14,92,23,1
179,5,19,15,92,31,1
179,5,19,16,-1,-1,0
179,5,19,17,-1,-1,0
179,5,19,18,-1,-1,0
179,5,19,19,-1,-1,0
179,5,19,20,-1,-1,0
179,5,19,21,-1,-1,0
179,5,19,22,-1,-1,0
179,5,19,23,-1,-1,0
179,5,19,24,-1,-1,0
179,5,19,25,-1,-1,0
179,5,19,26,-1,-1,0
179,5,19,27,-1,-1,0
179,5,19,28,-1,-1,0
179,5,19,29,-1,-1,0
179,5,19,30,-1,-1,0
179,5,19,31,-1,-1,0
180,5,20,0,21,16,1
180,5,20,1,21,24,1
180,5,20,2,85,16,1
180,5,20,3,85,24,1
180,5,20,4,21,17,1
180,5,20,5,21,25,1
180,5,20,6,85,17,1
180,5,20,7,85,25,1
180,5,20,8,29,16,1
180,5,20,9,29,24,1
180,5,20,10,93,16,1
180,5,20,11,93,24,1
180,5,20,12,29,17,1
180,5,20,13,29,25,1
180,5,20,14,93,17,1
180,5,20,15,93,25,1
180,5,20,16,-1,-1,0
180,5,20,17,-1,-1,0
180,5,20,18,-1,-1,0
180,5,20,19,-1,-1,0
180,5,20,20,-1,-1,0
180,5,20,21,-1,-1,0
180,5,20,22,-1,-1,0
180,5,20,23,-1,-1,0
180,5,20,24,-1,-1,0
180,5,20,25,-1,-1,0
180,5,20,26,-1,-1,0
180,5,20,27,-1,-1,0
180,5,20,28,-1,-1,0
180,5,20,29,-1,-1,0
180,5,20,30,-1,-1,0
180,5,20,31,-1,-1,0
181,5,21,0,21,18,1
181,5,21,1,21,26,1
181,5,21,2,85,18,1
181,5,21,3,85,26,1
181,5,21,4,21,19,1
181,5,21,5,21,27,1
181,5,21,6,85,19,1
181,5,21,7,85,27,1
181,5,21,8,29,18,1
181,5,21,9,29,26,1
181,5,21,10,93,18,1
181,5,21,11,93,26,1
181,5,21,12,29,19,1
181,5,21,13,29,27,1
181,5,21,14,93,19,1
181,5,21,15,93,27,1
181,5,21,16,-1,-1,0
181,5,21,17,-1,-1,0
181,5,21,18,-1,-1,0
181,5,21,19,-1,-1,0
181,5,21,20,-1,-1,0
181,5,21,21,-1,-1,0
181,5,21,22,-1,-1,0
181,5,21,23,-1,-1,0
181,5,21,24,-1,-1,0
181,5,21,25,-1,-1,0
181,5,21,26,-1,-1,0
181,5,21,27,-1,-1,0
181,5,21,28,-1,-1,0
181,5,21,29,-1,-1,0
181,5,21,30,-1,-1,0
181,5,21,31,-1,-1,0
182,5,22,0,21,20,1
182,5,22,1,21,28,1
182,5,22,2,85,20,1
182,5,22,3,85,28,1
182,5,22,4,21,21,1
182,5,22,5,21,29,1
182,5,22,6,85,21,1
182,5,22,7,85,29,1
182,5,22,8,29,20,1
182,5,22,9,29,28,1
182,5,22,10,93,20,1
182,5,22,11,93,28,1
182,5,22,12,29,21,1
182,5,22,13,29,29,1
182,5,22,14,93,21,1
182,5,22,15,93,29,1
182,5,22,16,-1,-1,0
182,5,22,17,-1,-1,0
182,5,22,18,-1,-1,0
182,5,22,19,-1,-1,0
182,5,22,20,-1,-1,0
182,5,22,21,-1,-1,0
182,5,22,22,-1,-1,0
182,5,22,23,-1,-1,0
182,5,22,24,-1,-1,0
182,5,22,25,-1,-1,0
182,5,22,26,-1,-1,0
182,5,22,27,-1,-1,0
182,5,22,28,-1,-1,0
182,5,22,29,-1,-1,0
182,5,22,30,-1,-1,0
182,5,22,31,-1,-1,0
183,5,23,0,21,22,1
183,5,23,1,21,30,1
183,5,23,2,85,22,1
183,5,23,3,85,30,1
183,5,23,4,21,23,1
183,5,23,5,21,31,1
183,5,23,6,85,23,1
183,5,23,7,85,31,1
183,5,23,8,29,22,1
183,5,23,9,29,30,1
183,5,23,10,93,22,1
183,5,23,11,93,30,1
183,5,23,12,29,23,1
183,5,23,13,29,31,1
183,5,23,14,93,23,1
183,5,23,15,93,31,1
183,5,23,16,-1,-1,0
183,5,23,17,-1,-1,0
183,5,23,18,-1,-1,0
183,5,23,19,-1,-1,0
183,5,23,20,-1,-1,0
183,5,23,21,-1,-1,0
183,5,23,22,-1,-1,0
183,5,23,23,-1,-1,0
183,5,23,24,-1,-1,0
183,5,23,25,-1,-1,0
183,5,23,26,-1,-1,0
183,5,23,27,-1,-1,0
183,5,23,28,-1,-1,0
183,5,23,29,-1,-1,0
183,5,23,30,-1,-1,0
183,5,23,31,-1,-1,0
184,5,24,0,22,16,1
184,5,24,1,22,24,1
184,5,24,2,86,16,1
184,5,24,3,86,24,1
184,5,24,4,22,17,1
184,5,24,5,22,25,1
184,5,24,6,86,17,1
184,5,24,7,86,25,1
184,5,24,8,30,16,1
184,5,24,9,30,24,1
184,5,24,10,94,16,1
184,5,24,11,94,24,1
184,5,24,12,30,17,1
184,5,24,13,30,25,1
184,5,24,14,94,17,1
184,5,24,15,94,25,1
184,5,24,16,-1,-1,0
184,5,24,17,-1,-1,0
184,5,24,18,-1,-1,0
184,5,24,19,-1,-1,0
184,5,24,20,-1,-1,0
184,5,24,21,-1,-1,0
184,5,24,22,-1,-1,0
184,5,24,23,-1,-1,0
184,5,24,24,-1,-1,0
184,5,24,25,-1,-1,0
184,5,24,26,-1,-1,0
184,5,24,27,-1,-1,0
184,5,24,28,-1,-1,0
184,5,24,29,-1,-1,0
184,5,24,30,-1,-1,0
184,5,24,31,-1,-1,0
185,5,25,0,22,18,1
185,5,25,1,22,26,1
185,5,25,2,86,18,1
185,5,25,3,86,26,1
185,5,25,4,22,19,1
185,5,25,5,22,27,1
185,5,25,6,86,19,1
185,5,25,7,86,27,1
185,5,25,8,30,18,1
185,5,25,9,30,26,1
185,5,25,10,94,18,1
185,5,25,11,94,26,1
185,5,25,12,30,19,1
185,5,25,13,30,27,1
185,5,25,14,94,19,1
185,5,25,15,94,27,1
185,5,25,16,-1,-1,0
185,5,25,17,-1,-1,0
185,5,25,18,-1,-1,0
185,5,25,19,-1,-1,0
185,5,25,20,-1,-1,0
185,5,25,21,-1,-1,0
185,5,25,22,-1,-1,0
185,5,25,23,-1,-1,0
185,5,25,24,-1,-1,0
185,5,25,25,-1,-1,0
185,5,25,26,-1,-1,0
185,5,25,27,-1,-1,0
185,5,25,28,-1,-1,0
185,5,25,29,-1,-1,0
185,5,25,30,-1,-1,0
185,5,25,31,-1,-1,0
186,5,26,0,22,20,1
186,5,26,1,22,28,1
186,5,26,2,86,20,1
186,5,26,3,86,28,1
186,5,26,4,22,21,1
186,5,26,5,22,29,1
186,5,26,6,86,21,1
186,5,26,7,86,29,1
186,5,26,8,30,20,1
186,5,26,9,30,28,1
186,5,26,10,94,20,1
186,5,26,11,94,28,1
186,5,26,12,30,21,1
186,5,26,13,30,29,1
186,5,26,14,94,21,1
186,5,26,15,94,29,1
186,5,26,16,-1,-1,0
186,5,26,17,-1,-1,0
186,5,26,18,-1,-1,0
186,5,26,19,-1,-1,0
186,5,26,20,-1,-1,0
186,5,26,21,-1,-1,0
186,5,26,22,-1,-1,0
186,5,26,23,-1,-1,0
186,5,26,24,-1,-1,0
186,5,26,25,-1,-1,0
186,5,26,26,-1,-1,0
186,5,26,27,-1,-1,0
186,5,26,28,-1,-1,0
186,5,26,29,-1,-1,0
186,5,26,30,-1,-1,0
186,5,26,31,-1,-1,0
187,5,27,0,22,22,1
187,5,27,1,22,30,1
187,5,27,2,86,22,1
187,5,27,3,86,30,1
187,5,27,4,22,23,1
187,5,27,5,22,31,1
187,5,27,6,86,23,1
187,5,27,7,86,31,1
187,5,27,8,30,22,1
187,5,27,9,30,30,1
187,5,27,10,94,22,1
187,5,27,11,94,30,1
187,5,27,12,30,23,1
187,5,27,13,30,31,1
187,5,27,14,94,23,1
187,5,27,15,94,31,1
187,5,27,16,-1,-1,0
187,5,27,17,-1,-1,0
187,5,27,18,-1,-1,0
187,5,27,19,-1,-1,0
187,5,27,20,-1,-1,0
187,5,27,21,-1,-1,0
187,5,27,22,-1,-1,0
187,5,27,23,-1,-1,0
187,5,27,24,-1,-1,0
187,5,27,25,-1,-1,0
187,5,27,26,-1,-1,0
187,5,27,27,-1,-1,0
187,5,27,28,-1,-1,0
187,5,27,29,-1,-1,0
187,5,27,30,-1,-1,0
187,5,27,31,-1,-1,0
188,5,28,0,23,16,1
188,5,28,1,23,24,1
188,5,28,2,87,16,1
188,5,28,3,87,24,1
188,5,28,4,23,17,1
188,5,28,5,23,25,1
188,5,28,6,87,17,1
188,5,28,7,87,25,1
188,5,28,8,31,16,1
188,5,28,9,31,24,1
188,5,28,10,95,16,1
188,5,28,11,95,24,1
188,5,28,12,31,17,1
188,5,28,13,31,25,1
188,5,28,14,95,17,1
188,5,28,15,95,25,1
188,5,28,16,-1,-1,0
188,5,28,17,-1,-1,0
188,5,28,18,-1,-1,0
188,5,28,19,-1,-1,0
188,5,28,20,-1,-1,0
188,5,28,21,-1,-1,0
188,5,28,22,-1,-1,0
188,5,28,23,-1,-1,0
188,5,28,24,-1,-1,0
188,5,28,25,-1,-1,0
188,5,28,26,-1,-1,0
188,5,28,27,-1,-1,0
188,5,28,28,-1,-1,0
188,5,28,29,-1,-1,0
188,5,28,30,-1,-1,0
188,5,28,31,-1,-1,0
189,5,29,0,23,18,1
189,5,29,1,23,26,1
189,5,29,2,87,18,1
189,5,29,3,87,26,1
189,5,29,4,23,19,1
189,5,29,5,23,27,1
189,5,29,6,87,19,1
189,5,29,7,87,27,1
189,5,29,8,31,18,1
189,5,29,9,31,26,1
189,5,29,10,95,18,1
189,5,29,11,95,26,1
189,5,29,12,31,19,1
189,5,29,13,31,27,1
189,5,29,14,95,19,1
189,5,29,15,95,27,1
189,5,29,16,-1,-1,0
189,5,29,17,-1,-1,0
189,5,29,18,-1,-1,0
189,5,29,19,-1,-1,0
189,5,29,20,-1,-1,0
189,5,29,21,-1,-1,0
189,5,29,22,-1,-1,0
189,5,29,23,-1,-1,0
189,5,29,24,-1,-1,0
189,5,29,25,-1,-1,0
189,5,29,26,-1,-1,0
189,5,29,27,-1,-1,0
189,5,29,28,-1,-1,0
189,5,29,29,-1,-1,0
189,5,29,30,-1,-1,0
189,5,29,31,-1,-1,0
190,5,30,0,23,20,1
190,5,30,1,23,28,1
190,5,30,2,87,20,1
190,5,30,3,87,28,1
190,5,30,4,23,21,1
190,5,30,5,23,29,1
190,5,30,6,87,21,1
190,5,30,7,87,29,1
190,5,30,8,31,20,1
190,5,30,9,31,28,1
190,5,30,10,95,20,1
190,5,30,11,95,28,1
190,5,30,12,31,21,1
190,5,30,13,31,29,1
190,5,30,14,95,21,1
190,5,30,15,95,29,1
190,5,30,16,-1,-1,0
190,5,30,17,-1,-1,0
190,5,30,18,-1,-1,0
190,5,30,19,-1,-1,0
190,5,30,20,-1,-1,0
190,5,30,21,-1,-1,0
190,5,30,22,-1,-1,0
190,5,30,23,-1,-1,0
190,5,30,24,-1,-1,0
190,5,30,25,-1,-1,0
190,5,30,26,-1,-1,0
190,5,30,27,-1,-1,0
190,5,30,28,-1,-1,0
190,5,30,29,-1,-1,0
190,5,30,30,-1,-1,0
190,5,30,31,-1,-1,0
191,5,31,0,23,22,1
191,5,31,1,23,30,1
191,5,31,2,87,22,1
191,5,31,3,87,30,1
191,5,31,4,23,23,1
191,5,31,5,23,31,1
191,5,31,6,87,23,1
191,5,31,7,87,31,1
191,5,31,8,31,22,1
191,5,31,9,31,30,1
191,5,31,10,95,22,1
191,5,31,11,95,30,1
191,5,31,12,31,23,1
191,5,31,13,31,31,1
191,5,31,14,95,23,1
191,5,31,15,95,31,1
191,5,31,16,-1,-1,0
191,5,31,17,-1,-1,0
191,5,31,18,-1,-1,0
191,5,31,19,-1,-1,0
191,5,31,20,-1,-1,0
191,5,31,21,-1,-1,0
191,5,31,22,-1,-1,0
191,5,31,23,-1,-1,0
191,5,31,24,-1,-1,0
191,5,31,25,-1,-1,0
191,5,31,26,-1,-1,0
191,5,31,27,-1,-1,0
191,5,31,28,-1,-1,0
191,5,31,29,-1,-1,0
191,5,31,30,-1,-1,0
191,5,31,31,-1,-1,0
192,6,0,0,32,16,1
192,6,0,1,32,24,1
192,6,0,2,96,16,1
192,6,0,3,96,24,1
192,6,0,4,32,17,1
192,6,0,5,32,25,1
192,6,0,6,96,17,1
192,6,0,7,96,25,1
192,6,0,8,40,16,1
192,6,0,9,40,24,1
192,6,0,10,104,16,1
192,6,0,11,104,24,1
192,6,0,12,40,17,1
192,6,0,13,40,25,1
192,6,0,14,104,17,1
192,6,0,15,104,25,1
192,6,0,16,-1,-1,0
192,6,0,17,-1,-1,0
192,6,0,18,-1,-1,0
192,6,0,19,-1,-1,0
192,6,0,20,-1,-1,0
192,6,0,21,-1,-1,0
192,6,0,22,-1,-1,0
192,6,0,23,-1,-1,0
192,6,0,24,-1,-1,0
192,6,0,25,-1,-1,0
192,6,0,26,-1,-1,0
192,6,0,27,-1,-1,0
192,6,0,28,-1,-1,0
192,6,0,29,-1,-1,0
192,6,0,30,-1,-1,0
192,6,0,31,-1,-1,0
193,6,1,0,32,18,1
193,6,1,1,32,26,1
193,6,1,2,96,18,1
193,6,1,3,96,26,1
193,6,1,4,32,19,1
193,6,1,5,32,27,1
193,6,1,6,96,19,1
193,6,1,7,96,27,1
193,6,1,8,40,18,1
193,6,1,9,40,26,1
193,6,1,10,104,18,1
193,6,1,11,104,26,1
193,6,1,12,40,19,1
193,6,1,13,40,27,1
193,6,1,14,104,19,1
193,6,1,15,104,27,1
193,6,1,16,-1,-1,0
193,6,1,17,-1,-1,0
193,6,1,18,-1,-1,0
193,6,1,19,-1,-1,0
193,6,1,20,-1,-1,0
193,6,1,21,-1,-1,0
193,6,1,22,-1,-1,0
193,6,1,23,-1,-1,0
193,6,1,24,-1,-1,0
193,6,1,25,-1,-1,0
193,6,1,26,-1,-1,0
193,6,1,27,-1,-1,0
193,6,1,28,-1,-1,0
193,6,1,29,-1,-1,0
193,6,1,30,-1,-1,0
193,6,1,31,-1,-1,0
194,6,2,0,32,20,1
194,6,2,1,32,28,1
194,6,2,2,96,20,1
194,6,2,3,96,28,1
194,6,2,4,32,21,1
194,6,2,5,32,29,1
194,6,2,6,96,21,1
194,6,2,7,96,29,1
194,6,2,8,40,20,1
194,6,2,9,40,28,1
194,6,2,10,104,20,1
194,6,2,11,104,28,1
194,6,2,12,40,21,1
194,6,2,13,40,29,1
194,6,2,14,104,21,1
194,6,2,15,104,29,1
194,6,2,16,-1,-1,0
194,6,2,17,-1,-1,0
194,6,2,18,-1,-1,0
194,6,2,19,-1,-1,0
194,6,2,20,-1,-1,0
194,6,2,21,-1,-1,0
194,6,2,22,-1,-1,0
194,6,2,23,-1,-1,0
194,6,2,24,-1,-1,0
194,6,2,25,-1,-1,0
194,6,2,26,-1,-1,0
194,6,2,27,-1,-1,0
194,6,2,28,-1,-1,0
194,6,2,29,-1,-1,0
194,6,2,30,-1,-1,0
194,6,2,31,-1,-1,0
195,6,3,0,32,22,1
195,6,3,1,32,30,1
195,6,3,2,96,22,1
195,6,3,3,96,30,1
195,6,3,4,32,23,1
195,6,3,5,32,31,1
195,6,3,6,96,23,1
195,6,3,7,96,31,1
195,6,3,8,40,22,1
195,6,3,9,40,30,1
195,6,3,10,104,22,1
195,6,3,11,104,30,1
195,6,3,12,40,23,1
195,6,3,13,40,31,1
195,6,3,14,104,23,1
195,6,3,15,104,31,1
195,6,3,16,-1,-1,0
195,6,3,17,-1,-1,0
195,6,3,18,-1,-1,0
195,6,3,19,-1,-1,0
195,6,3,20,-1,-1,0
195,6,3,21,-1,-1,0
195,6,3,22,-1,-1,0
195,6,3,23,-1,-1,0
195,6,3,24,-1,-1,0
195,6,3,25,-1,-1,0
195,6,3,26,-1,-1,0
195,6,3,27,-1,-1,0
195,6,3,28,-1,-1,0
195,6,3,29,-1,-1,0
195,6,3,30,-1,-1,0
195,6,3,31,-1,-1,0
196,6,4,0,33,16,1
196,6,4,1,33,24,1
196,6,4,2,97,16,1
196,6,4,3,97,24,1
196,6,4,4,33,17,1
196,6,4,5,33,25,1
196,6,4,6,97,17,1
196,6,4,7,97,25,1
196,6,4,8,41,16,1
196,6,4,9,41,24,1
196,6,4,10,105,16,1
196,6,4,11,105,24,1
196,6,4,12,41,17,1
196,6,4,13,41,25,1
196,6,4,14,105,17,1
196,6,4,15,105,25,1
196,6,4,16,-1,-1,0
196,6,4,17,-1,-1,0
196,6,4,18,-1,-1,0
196,6,4,19,-1,-1,0
196,6,4,20,-1,-1,0
196,6,4,21,-1,-1,0
196,6,4,22,-1,-1,0
196,6,4,23,-1,-1,0
196,6,4,24,-1,-1,0
196,6,4,25,-1,-1,0
196,6,4,26,-1,-1,0
196,6,4,27,-1,-1,0
196,6,4,28,-1,-1,0
196,6,4,29,-1,-1,0
196,6,4,30,-1,-1,0
196,6,4,31,-1,-1,0
197,6,5,0,33,18,1
197,6,5,1,33,26,1
197,6,5,2,97,18,1
197,6,5,3,97,26,1
197,6,5,4,33,19,1
197,6,5,5,33,27,1
197,6,5,6,97,19,1
197,6,5,7,97,27,1
197,6,5,8,41,18,1
197,6,5,9,41,26,1
197,6,5,10,105,18,1
197,6,5,11,105,26,1
197,6,5,12,41,19,1
197,6,5,13,41,27,1
197,6,5,14,105,19,1
197,6,5,15,105,27,1
197,6,5,16,-1,-1,0
197,6,5,17,-1,-1,0
197,6,5,18,-1,-1,0
197,6,5,19,-1,-1,0
197,6,5,20,-1,-1,0
197,6,5,21,-1,-1,0
197,6,5,22,-1,-1,0
197,6,5,23,-1,-1,0
197,6,5,24,-1,-1,0
197,6,5,25,-1,-1,0
197,6,5,26,-1,-1,0
197,6,5,27,-1,-1,0
197,6,5,28,-1,-1,0
197,6,5,29,-1,-1,0
197,6,5,30,-1,-1,0
197,6,5,31,-1,-1,0
198,6,6,0,33,20,1
198,6,6,1,33,28,1
198,6,6,2,97,20,1
198,6,6,3,97,28,1
198,6,6,4,33,21,1
198,6,6,5,33,29,1
198,6,6,6,97,21,1
198,6,6,7,97,29,1
198,6,6,8,41,20,1
198,6,6,9,41,28,1
198,6,6,10,105,20,1
198,6,6,11,105,28,1
198,6,6,12,41,21,1
198,6,6,13,41,29,1
198,6,6,14,105,21,1
198,6,6,15,105,29,1
198,6,6,16,-1,-1,0
198,6,6,17,-1,-1,0
198,6,6,18,-1,-1,0
198,6,6,19,-1,-1,0
198,6,6,20,-1,-1,0
198,6,6,21,-1,-1,0
198,6,6,22,-1,-1,0
198,6,6,23,-1,-1,0
198,6,6,24,-1,-1,0
198,6,6,25,-1,-1,0
198,6,6,26,-1,-1,0
198,6,6,27,-1,-1,0
198,6,6,28,-1,-1,0
198,6,6,29,-1,-1,0
198,6,6,30,-1,-1,0
198,6,6,31,-1,-1,0
199,6,7,0,33,22,1
199,6,7,1,33,30,1
199,6,7,2,97,22,1
199,6,7,3,97,30,1
199,6,7,4,33,23,1
199,6,7,5,33,31,1
199,6,7,6,97,23,1
199,6,7,7,97,31,1
199,6,7,8,41,22,1
199,6,7,9,41,30,1
199,6,7,10,105,22,1
199,6,7,11,105,30,1
199,6,7,12,41,23,1
199,6,7,13,41,31,1
199,6,7,14,105,23,1
199,6,7,15,105,31,1
199,6,7,16,-1,-1,0
199,6,7,17,-1,-1,0
199,6,7,18,-1,-1,0
199,6,7,19,-1,-1,0
199,6,7,20,-1,-1,0
199,6,7,21,-1,-1,0
199,6,7,22,-1,-1,0
199,6,7,23,-1,-1,0
199,6,7,24,-1,-1,0
199,6,7,25,-1,-1,0
199,6,7,26,-1,-1,0
199,6,7,27,-1,-1,0
199,6,7,28,-1,-1,0
199,6,7,29,-1,-1,0
199,6,7,30,-1,-1,0
199,6,7,31,-1,-1,0
200,6,8,0,34,16,1
200,6,8,1,34,24,1
200,6,8,2,98,16,1
200,6,8,3,98,24,1
200,6,8,4,34,17,1
200,6,8,5,34,25,1
200,6,8,6,98,17,1
200,6,8,7,98,25,1
200,6,8,8,42,16,1
200,6,8,9,42,24,1
200,6,8,10,106,16,1
200,6,8,11,106,24,1
200,6,8,12,42,17,1
200,6,8,13,42,25,1
200,6,8,14,106,17,1
200,6,8,15,106,25,1
200,6,8,16,-1,-1,0
200,6,8,17,-1,-1,0
200,6,8,18,-1,-1,0
200,6,8,19,-1,-1,0
200,6,8,20,-1,-1,0
200,6,8,21,-1,-1,0
200,6,8,22,-1,-1,0
200,6,8,23,-1,-1,0
200,6,8,24,-1,-1,0
200,6,8,25,-1,-1,0
200,6,8,26,-1,-1,0
200,6,8,27,-1,-1,0
200,6,8,28,-1,-1,0
200,6,8,29,-1,-1,0
200,6,8,30,-1,-1,0
200,6,8,31,-1,-1,0
201,6,9,0,34,18,1
201,6,9,1,34,26,1
201,6,9,2,98,18,1
201,6,9,3,98,26,1
201,6,9,4,34,19,1
201,6,9,5,34,27,1
201,6,9,6,98,19,1
201,6,9,7,98,27,1
201,6,9,8,42,18,1
201,6,9,9,42,26,1
201,6,9,10,106,18,1
201,6,9,11,106,26,1
201,6,9,12,42,19,1
201,6,9,13,42,27,1
201,6,9,14,106,19,1
201,6,9,15,106,27,1
201,6,9,16,-1,-1,0
201,6,9,17,-1,-1,0
201,6,9,18,-1,-1,0
201,6,9,19,-1,-1,0
201,6,9,20,-1,-1,0
201,6,9,21,-1,-1,0
201,6,9,22,-1,-1,0
201,6,9,23,-1,-1,0
201,6,9,24,-1,-1,0
201,6,9,25,-1,-1,0
201,6,9,26,-1,-1,0
201,6,9,27,-1,-1,0
201,6,9,28,-1,-1,0
201,6,9,29,-1,-1,0
201,6,9,30,-1,-1,0
201,6,9,31,-1,-1,0
202,6,10,0,34,20,1
202,6,10,1,34,28,1
202,6,10,2,98,20,1
202,6,10,3,98,28,1
202,6,10,4,34,21,1
202,6,10,5,34,29,1
202,6,10,6,98,21,1
202,6,10,7,98,29,1
202,6,10,8,42,20,1
202,6,10,9,42,28,1
202,6,10,10,106,20,1
202,6,10,11,106,28,1
202,6,10,12,42,21,1
202,6,10,13,42,29,1
202,6,10,14,106,21,1
202,6,10,15,106,29,1
202,6,10,16,-1,-1,0
202,6,10,17,-1,-1,0
202,6,10,18,-1,-1,0
202,6,10,19,-1,-1,0
202,6,10,20,-1,-1,0
202,6,10,21,-1,-1,0
202,6,10,22,-1,-1,0
202,6,10,23,-1,-1,0
202,6,10,24,-1,-1,0
202,6,10,25,-1,-1,0
202,6,10,26,-1,-1,0
202,6,10,27,-1,-1,0
202,6,10,28,-1,-1,0
202,6,10,29,-1,-1,0
202,6,10,30,-1,-1,0
202,6,10,31,-1,-1,0
203,6,11,0,34,22,1
203,6,11,1,34,30,1
203,6,11,2,98,22,1
203,6,11,3,98,30,1
203,6,11,4,34,23,1
203,6,11,5,34,31,1
203,6,11,6,98,23,1
203,6,11,7,98,31,1
203,6,11,8,42,22,1
203,6,11,9,42,30,1
203,6,11,10,106,22,1
203,6,11,11,106,30,1
203,6,11,12,42,23,1
203,6,11,13,42,31,1
203,6,11,14,106,23,1
203,6,11,15,106,31,1
203,6,11,16,-1,-1,0
203,6,11,17,-1,-1,0
203,6,11,18,-1,-1,0
203,6,11,19,-1,-1,0
203,6,11,20,-1,-1,0
203,6,11,21,-1,-1,0
203,6,11,22,-1,-1,0
203,6,11,23,-1,-1,0
203,6,11,24,-1,-1,0
203,6,11,25,-1,-1,0
203,6,11,26,-1,-1,0
203,6,11,27,-1,-1,0
203,6,11,28,-1,-1,0
203,6,11,29,-1,-1,0
203,6,11,30,-1,-1,0
203,6,11,31,-1,-1,0
204,6,12,0,35,16,1
204,6,12,1,35,24,1
204,6,12,2,99,16,1
204,6,12,3,99,24,1
204,6,12,4,35,17,1
204,6,12,5,35,25,1
204,6,12,6,99,17,1
204,6,12,7,99,25,1
204,6,12,8,43,16,1
204,6,12,9,43,24,1
204,6,12,10,107,16,1
204,6,12,11,107,24,1
204,6,12,12,43,17,1
204,6,12,13,43,25,1
204,6,12,14,107,17,1
204,6,12,15,107,25,1
204,6,12,16,-1,-1,0
204,6,12,17,-1,-1,0
204,6,12,18,-1,-1,0
204,6,12,19,-1,-1,0
204,6,12,20,-1,-1,0
204,6,12,21,-1,-1,0
204,6,12,22,-1,-1,0
204,6,12,23,-1,-1,0
204,6,12,24,-1,-1,0
204,6,12,25,-1,-1,0
204,6,12,26,-1,-1,0
204,6,12,27,-1,-1,0
204,6,12,28,-1,-1,0
204,6,12,29,-1,-1,0
204,6,12,30,-1,-1,0
204,6,12,31,-1,-1,0
205,6,13,0,35,18,1
205,6,13,1,35,26,1
205,6,13,2,99,18,1
205,6,13,3,99,26,1
205,6,13,4,35,19,1
205,6,13,5,35,27,1
205,6,13,6,99,19,1
205,6,13,7,99,27,1
205,6,13,8,43,18,1
205,6,13,9,43,26,1
205,6,13,10,107,18,1
205,6,13,11,107,26,1
205,6,13,12,43,19,1
205,6,13,13,43,27,1
205,6,13,14,107,19,1
205,6,13,15,107,27,1
205,6,13,16,-1,-1,0
205,6,13,17,-1,-1,0
205,6,13,18,-1,-1,0
205,6,13,19,-1,-1,0
205,6,13,20,-1,-1,0
205,6,13,21,-1,-1,0
205,6,13,22,-1,-1,0
205,6,13,23,-1,-1,0
205,6,13,24,-1,-1,0
205,6,13,25,-1,-1,0
205,6,13,26,-1,-1,0
205,6,13,27,-1,-1,0
205,6,13,28,-1,-1,0
205,6,13,29,-1,-1,0
205,6,13,30,-1,-1,0
205,6,13,31,-1,-1,0
206,6,14,0,35,20,1
206,6,14,1,35,28,1
206,6,14,2,99,20,1
206,6,14,3,99,28,1
206,6,14,4,35,21,1
206,6,14,5,35,29,1
206,6,14,6,99,21,1
206,6,14,7,99,29,1
206,6,14,8,43,20,1
206,6,14,9,43,28,1
206,6,14,10,107,20,1
206,6,14,11,107,28,1
206,6,14,12,43,21,1
206,6,14,13,43,29,1
206,6,14,14,107,21,1
206,6,14,15,107,29,1
206,6,14,16,-1,-1,0
206,6,14,17,-1,-1,0
206,6,14,18,-1,-1,0
206,6,14,19,-1,-1,0
206,6,14,20,-1,-1,0
206,6,14,21,-1,-1,0
206,6,14,22,-1,-1,0
206,6,14,23,-1,-1,0
206,6,14,24,-1,-1,0
206,6,14,25,-1,-1,0
206,6,14,26,-1,-1,0
206,6,14,27,-1,-1,0
206,6,14,28,-1,-1,0
206,6,14,29,-1,-1,0
206,6,14,30,-1,-1,0
206,6,14,31,-1,-1,0
207,6,15,0,35,22,1
207,6,15,1,35,30,1
207,6,15,2,99,22,1
207,6,15,3,99,30,1
207,6,15,4,35,23,1
207,6,15,5,35,31,1
207,6,15,6,99,23,1
207,6,15,7,99,31,1
207,6,15,8,43,22,1
207,6,15,9,43,30,1
207,6,15,10,107,22,1
207,6,15,11,107,30,1
207,6,15,12,43,23,1
207,6,15,13,43,31,1
207,6,15,14,107,23,1
207,6,15,15,107,31,1
207,6,15,16,-1,-1,0
207,6,15,17,-1,-1,0
207,6,15,18,-1,-1,0
207,6,15,19,-1,-1,0
207,6,15,20,-1,-1,0
207,6,15,21,-1,-1,0
207,6,15,22,-1,-1,0
207,6,15,23,-1,-1,0
207,6,15,24,-1,-1,0
207,6,15,25,-1,-1,0
207,6,15,26,-1,-1,0
207,6,15,27,-1,-1,0
207,6,15,28,-1,-1,0
207,6,15,29,-1,-1,0
207,6,15,30,-1,-1,0
207,6,15,31,-1,-1,0
208,6,16,0,36,16,1
208,6,16,1,36,24,1
208,6,16,2,100,16,1
208,6,16,3,100,24,1
208,6,16,4,36,17,1
208,6,16,5,36,25,1
208,6,16,6,100,17,1
208,6,16,7,100,25,1
208,6,16,8,44,16,1
208,6,16,9,44,24,1
208,6,16,10,108,16,1
208,6,16,11,108,24,1
208,6,16,12,44,17,1
208,6,16,13,44,25,1
208,6,16,14,108,17,1
208,6,16,15,108,25,1
208,6,16,16,-1,-1,0
208,6,16,17,-1,-1,0
208,6,16,18,-1,-1,0
208,6,16,19,-1,-1,0
208,6,16,20,-1,-1,0
208,6,16,21,-1,-1,0
208,6,16,22,-1,-1,0
208,6,16,23,-1,-1,0
208,6,16,24,-1,-1,0
208,6,16,25,-1,-1,0
208,6,16,26,-1,-1,0
208,6,16,27,-1,-1,0
208,6,16,28,-1,-1,0
208,6,16,29,-1,-1,0
208,6,16,30,-1,-1,0
208,6,16,31,-1,-1,0
209,6,17,0,36,18,1
209,6,17,1,36,26,1
209,6,17,2,100,18,1
209,6,17,3,100,26,1
209,6,17,4,36,19,1
209,6,17,5,36,27,1
209,6,17,6,100,19,1
209,6,17,7,100,27,1
209,6,17,8,44,18,1
209,6,17,9,44,26,1
209,6,17,10,108,18,1
209,6,17,11,108,26,1
209,6,17,12,44,19,1
209,6,17,13,44,27,1
209,6,17,14,108,19,1
209,6,17,15,108,27,1
209,6,17,16,-1,-1,0
209,6,17,17,-1,-1,0
209,6,17,18,-1,-1,0
209,6,17,19,-1,-1,0
209,6,17,20,-1,-1,0
209,6,17,21,-1,-1,0
209,6,17,22,-1,-1,0
209,6,17,23,-1,-1,0
209,6,17,24,-1,-1,0
209,6,17,25,-1,-1,0
209,6,17,26,-1,-1,0
209,6,17,27,-1,-1,0
209,6,17,28,-1,-1,0
209,6,17,29,-1,-1,0
209,6,17,30,-1,-1,0
209,6,17,31,-1,-1,0
210,6,18,0,36,20,1
210,6,18,1,36,28,1
210,6,18,2,100,20,1
210,6,18,3,100,28,1
210,6,18,4,36,21,1
210,6,18,5,36,29,1
210,6,18,6,100,21,1
210,6,18,7,100,29,1
210,6,18,8,44,20,1
210,6,18,9,44,28,1
210,6,18,10,108,20,1
210,6,18,11,108,28,1
210,6,18,12,44,21,1
210,6,18,13,44,29,1
210,6,18,14,108,21,1
210,6,18,15,108,29,1
210,6,18,16,-1,-1,0
210,6,18,17,-1,-1,0
210,6,18,18,-1,-1,0
210,6,18,19,-1,-1,0
210,6,18,20,-1,-1,0
210,6,18,21,-1,-1,0
210,6,18,22,-1,-1,0
210,6,18,23,-1,-1,0
210,6,18,24,-1,-1,0
210,6,18,25,-1,-1,0
210,6,18,26,-1,-1,0
210,6,18,27,-1,-1,0
210,6,18,28,-1,-1,0
210,6,18,29,-1,-1,0
210,6,18,30,-1,-1,0
210,6,18,31,-1,-1,0
211,6,19,0,36,22,1
211,6,19,1,36,30,1
211,6,19,2,100,22,1
211,6,19,3,100,30,1
211,6,19,4,36,23,1
211,6,19,5,36,31,1
211,6,19,6,100,23,1
211,6,19,7,100,31,1
211,6,19,8,44,22,1
211,6,19,9,44,30,1
211,6,19,10,108,22,1
211,6,19,11,108,30,1
211,6,19,12,44,23,1
211,6,19,13,44,31,1
211,6,19,14,108,23,1
211,6,19,15,108,31,1
211,6,19,16,-1,-1,0
211,6,19,17,-1,-1,0
211,6,19,18,-1,-1,0
211,6,19,19,-1,-1,0
211,6,19,20,-1,-1,0
211,6,19,21,-1,-1,0
211,6,19,22,-1,-1,0
211,6,19,23,-1,-1,0
211,6,19,24,-1,-1,0
211,6,19,25,-1,-1,0
211,6,19,26,-1,-1,0
211,6,19,27,-1,-1,0
211,6,19,28,-1,-1,0
211,6,19,29,-1,-1,0
211,6,19,30,-1,-1,0
211,6,19,31,-1,-1,0
212,6,20,0,37,16,1
212,6,20,1,37,24,1
212,6,20,2,101,16,1
212,6,20,3,101,24,1
212,6,20,4,37,17,1
212,6,20,5,37,25,1
212,6,20,6,101,17,1
212,6,20,7,101,25,1
212,6,20,8,45,16,1
212,6,20,9,45,24,1
212,6,20,10,109,16,1
212,6,20,11,109,24,1
212,6,20,12,45,17,1
212,6,20,13,45,25,1
212,6,20,14,109,17,1
212,6,20,15,109,25,1
212,6,20,16,-1,-1,0
212,6,20,17,-1,-1,0
212,6,20,18,-1,-1,0
212,6,20,19,-1,-1,0
212,6,20,20,-1,-1,0
212,6,20,21,-1,-1,0
212,6,20,22,-1,-1,0
212,6,20,23,-1,-1,0
212,6,20,24,-1,-1,0
212,6,20,25,-1,-1,0
212,6,20,26,-1,-1,0
212,6,20,27,-1,-1,0
212,6,20,28,-1,-1,0
212,6,20,29,-1,-1,0
212,6,20,30,-1,-1,0
212,6,20,31,-1,-1,0
213,6,21,0,37,18,1
213,6,21,1,37,26,1
213,6,21,2,101,18,1
213,6,21,3,101,26,1
213,6,21,4,37,19,1
213,6,21,5,37,27,1
213,6,21,6,101,19,1
213,6,21,7,101,27,1
213,6,21,8,45,18,1
213,6,21,9,45,26,1
213,6,21,10,109,18,1
213,6,21,11,109,26,1
213,6,21,12,45,19,1
213,6,21,13,45,27,1
213,6,21,14,109,19,1
213,6,21,15,109,27,1
213,6,21,16,-1,-1,0
213,6,21,17,-1,-1,0
213,6,21,18,-1,-1,0
213,6,21,19,-1,-1,0
213,6,21,20,-1,-1,0
213,6,21,21,-1,-1,0
213,6,21,22,-1,-1,0
213,6,21,23,-1,-1,0
213,6,21,24,-1,-1,0
213,6,21,25,-1,-1,0
213,6,21,26,-1,-1,0
213,6,21,27,-1,-1,0
213,6,21,28,-1,-1,0
213,6,21,29,-1,-1,0
213,6,21,30,-1,-1,0
213,6,21,31,-1,-1,0
214,6,22,0,37,20,1
214,6,22,1,37,28,1
214,6,22,2,101,20,1
214,6,22,3,101,28,1
214,6,22,4,37,21,1
214,6,22,5,37,29,1
214,6,22,6,101,21,1
214,6,22,7,101,29,1
214,6,22,8,45,20,1
214,6,22,9,45,28,1
214,6,22,10,109,20,1
214,6,22,11,109,28,1
214,6,22,12,45,21,1
214,6,22,13,45,29,1
214,6,22,14,109,21,1
214,6,22,15,109,29,1
214,6,22,16,-1,-1,0
214,6,22,17,-1,-1,0
214,6,22,18,-1,-1,0
214,6,22,19,-1,-1,0
214,6,22,20,-1,-1,0
214,6,22,21,-1,-1,0
214,6,22,22,-1,-1,0
214,6,22,23,-1,-1,0
214,6,22,24,-1,-1,0
214,6,22,25,-1,-1,0
214,6,22,26,-1,-1,0
214,6,22,27,-1,-1,0
214,6,22,28,-1,-1,0
214,6,22,29,-1,-1,0
214,6,22,30,-1,-1,0
214,6,22,31,-1,-1,0
215,6,23,0,37,22,1
215,6,23,1,37,30,1
215,6,23,2,101,22,1
215,6,23,3,101,30,1
215,6,23,4,37,23,1
215,6,23,5,37,31,1
215,6,23,6,101,23,1
215,6,23,7,101,31,1
215,6,23,8,45,22,1
215,6,23,9,45,30,1
215,6,23,10,109,22,1
215,6,23,11,109,30,1
215,6,23,12,45,23,1
215,6,23,13,45,31,1
215,6,23,14,109,23,1
215,6,23,15,109,31,1
215,6,23,16,-1,-1,0
215,6,23,17,-1,-1,0
215,6,23,18,-1,-1,0
215,6,23,19,-1,-1,0
215,6,23,20,-1,-1,0
215,6,23,21,-1,-1,0
215,6,23,22,-1,-1,0
215,6,23,23,-1,-1,0
215,6,23,24,-1,-1,0
215,6,23,25,-1,-1,0
215,6,23,26,-1,-1,0
215,6,23,27,-1,-1,0
215,6,23,28,-1,-1,0
215,6,23,29,-1,-1,0
215,6,23,30,-1,-1,0
215,6,23,31,-1,-1,0
216,6,24,0,38,16,1
216,6,24,1,38,24,1
216,6,24,2,102,16,1
216,6,24,3,102,24,1
216,6,24,4,38,17,1
216,6,24,5,38,25,1
216,6,24,6,102,17,1
216,6,24,7,102,25,1
216,6,24,8,46,16,1
216,6,24,9,46,24,1
216,6,24,10,110,16,1
216,6,24,11,110,24,1
216,6,24,12,46,17,1
216,6,24,13,46,25,1
216,6,24,14,110,17,1
216,6,24,15,110,25,1
216,6,24,16,-1,-1,0
216,6,24,17,-1,-1,0
216,6,24,18,-1,-1,0
216,6,24,19,-1,-1,0
216,6,24,20,-1,-1,0
216,6,24,21,-1,-1,0
216,6,24,22,-1,-1,0
216,6,24,23,-1,-1,0
216,6,24,24,-1,-1,0
216,6,24,25,-1,-1,0
216,6,24,26,-1,-1,0
216,6,24,27,-1,-1,0
216,6,24,28,-1,-1,0
216,6,24,29,-1,-1,0
216,6,24,30,-1,-1,0
216,6,24,31,-1,-1,0
217,6,25,0,38,18,1
217,6,25,1,38,26,1
217,6,25,2,102,18,1
217,6,25,3,102,26,1
217,6,25,4,38,19,1
217,6,25,5,38,27,1
217,6,25,6,102,19,1
217,6,25,7,102,27,1
217,6,25,8,46,18,1
217,6,25,9,46,26,1
217,6,25,10,110,18,1
217,6,25,11,110,26,1
217,6,25,12,46,19,1
217,6,25,13,46,27,1
217,6,25,14,110,19,1
217,6,25,15,110,27,1
217,6,25,16,-1,-1,0
217,6,25,17,-1,-1,0
217,6,25,18,-1,-1,0
217,6,25,19,-1,-1,0
217,6,25,20,-1,-1,0
217,6,25,21,-1,-1,0
217,6,25,22,-1,-1,0
217,6,25,23,-1,-1,0
217,6,25,24,-1,-1,0
217,6,25,25,-1,-1,0
217,6,25,26,-1,-1,0
217,6,25,27,-1,-1,0
217,6,25,28,-1,-1,0
217,6,25,29,-1,-1,0
217,6,25,30,-1,-1,0
217,6,25,31,-1,-1,0
218,6,26,0,38,20,1
218,6,26,1,38,28,1
218,6,26,2,102,20,1
218,6,26,3,102,28,1
218,6,26,4,38,21,1
218,6,26,5,38,29,1
218,6,26,6,102,21,1
218,6,26,7,102,29,1
218,6,26,8,46,20,1
218,6,26,9,46,28,1
218,6,26,10,110,20,1
218,6,26,11,110,28,1
218,6,26,12,46,21,1
218,6,26,13,46,29,1
218,6,26,14,110,21,1
218,6,26,15,110,29,1
218,6,26,16,-1,-1,0
218,6,26,17,-1,-1,0
218,6,26,18,-1,-1,0
218,6,26,19,-1,-1,0
218,6,26,20,-1,-1,0
218,6,26,21,-1,-1,0
218,6,26,22,-1,-1,0
218,6,26,23,-1,-1,0
218,6,26,24,-1,-1,0
218,6,26,25,-1,-1,0
218,6,26,26,-1,-1,0
218,6,26,27,-1,-1,0
218,6,26,28,-1,-1,0
218,6,26,29,-1,-1,0
218,6,26,30,-1,-1,0
218,6,26,31,-1,-1,0
219,6,27,0,38,22,1
219,6,27,1,38,30,1
219,6,27,2,102,22,1
219,6,27,3,102,30,1
219,6,27,4,38,23,1
219,6,27,5,38,31,1
219,6,27,6,102,23,1
219,6,27,7,102,31,1
219,6,27,8,46,22,1
219,6,27,9,46,30,1
219,6,27,10,110,22,1
219,6,27,11,110,30,1
219,6,27,12,46,23,1
219,6,27,13,46,31,1
219,6,27,14,110,23,1
219,6,27,15,110,31,1
219,6,27,16,-1,-1,0
219,6,27,17,-1,-1,0
219,6,27,18,-1,-1,0
219,6,27,19,-1,-1,0
219,6,27,20,-1,-1,0
219,6,27,21,-1,-1,0
219,6,27,22,-1,-1,0
219,6,27,23,-1,-1,0
219,6,27,24,-1,-1,0
219,6,27,25,-1,-1,0
219,6,27,26,-1,-1,0
219,6,27,27,-1,-1,0
219,6,27,28,-1,-1,0
219,6,27,29,-1,-1,0
219,6,27,30,-1,-1,0
219,6,27,31,-1,-1,0
220,6,28,0,39,16,1
220,6,28,1,39,24,1
220,6,28,2,103,16,1
220,6,28,3,103,24,1
220,6,28,4,39,17,1
220,6,28,5,39,25,1
220,6,28,6,103,17,1
220,6,28,7,103,25,1
220,6,28,8,47,16,1
220,6,28,9,47,24,1
220,6,28,10,111,16,1
220,6,28,11,111,24,1
220,6,28,12,47,17,1
220,6,28,13,47,25,1
220,6,28,14,111,17,1
220,6,28,15,111,25,1
220,6,28,16,-1,-1,0
220,6,28,17,-1,-1,0
220,6,28,18,-1,-1,0
220,6,28,19,-1,-1,0
220,6,28,20,-1,-1,0
220,6,28,21,-1,-1,0
220,6,28,22,-1,-1,0
220,6,28,23,-1,-1,0
220,6,28,24,-1,-1,0
220,6,28,25,-1,-1,0
220,6,28,26,-1,-1,0
220,6,28,27,-1,-1,0
220,6,28,28,-1,-1,0
220,6,28,29,-1,-1,0
220,6,28,30,-1,-1,0
220,6,28,31,-1,-1,0
221,6,29,0,39,18,1
221,6,29,1,39,26,1
221,6,29,2,103,18,1
221,6,29,3,103,26,1
221,6,29,4,39,19,1
221,6,29,5,39,27,1
221,6,29,6,103,19,1
221,6,29,7,103,27,1
221,6,29,8,47,18,1
221,6,29,9,47,26,1
221,6,29,10,111,18,1
221,6,29,11,111,26,1
221,6,29,12,47,19,1
221,6,29,13,47,27,1
221,6,29,14,111,19,1
221,6,29,15,111,27,1
221,6,29,16,-1,-1,0
221,6,29,17,-1,-1,0
221,6,29,18,-1,-1,0
221,6,29,19,-1,-1,0
221,6,29,20,-1,-1,0
221,6,29,21,-1,-1,0
221,6,29,22,-1,-1,0
221,6,29,23,-1,-1,0
221,6,29,24,-1,-1,0
221,6,29,25,-1,-1,0
221,6,29,26,-1,-1,0
221,6,29,27,-1,-1,0
221,6,29,28,-1,-1,0
221,6,29,29,-1,-1,0
221,6,29,30,-1,-1,0
221,6,29,31,-1,-1,0
222,6,30,0,39,20,1
222,6,30,1,39,28,1
222,6,30,2,103,20,1
222,6,30,3,103,28,1
222,6,30,4,39,21,1
222,6,30,5,39,29,1
222,6,30,6,103,21,1
222,6,30,7,103,29,1
222,6,30,8,47,20,1
222,6,30,9,47,28,1
222,6,30,10,111,20,1
222,6,30,11,111,28,1
222,6,30,12,47,21,1
222,6,30,13,47,29,1
222,6,30,14,111,21,1
222,6,30,15,111,29,1
222,6,30,16,-1,-1,0
222,6,30,17,-1,-1,0
222,6,30,18,-1,-1,0
222,6,30,19,-1,-1,0
222,6,30,20,-1,-1,0
222,6,30,21,-1,-1,0
222,6,30,22,-1,-1,0
222,6,30,23,-1,-1,0
222,6,30,24,-1,-1,0
222,6,30,25,-1,-1,0
222,6,30,26,-1,-1,0
222,6,30,27,-1,-1,0
222,6,30,28,-1,-1,0
222,6,30,29,-1,-1,0
222,6,30,30,-1,-1,0
222,6,30,31,-1,-1,0
223,6,31,0,39,22,1
223,6,31,1,39,30,1
223,6,31,2,103,22,1
223,6,31,3,103,30,1
223,6,31,4,39,23,1
223,6,31,5,39,31,1
223,6,31,6,103,23,1
223,6,31,7,103,31,1
223,6,31,8,47,22,1
223,6,31,9,47,30,1
223,6,31,10,111,22,1
223,6,31,11,111,30,1
223,6,31,12,47,23,1
223,6,31,13,47,31,1
223,6,31,14,111,23,1
223,6,31,15,111,31,1
223,6,31,16,-1,-1,0
223,6,31,17,-1,-1,0
223,6,31,18,-1,-1,0
223,6,31,19,-1,-1,0
223,6,31,20,-1,-1,0
223,6,31,21,-1,-1,0
223,6,31,22,-1,-1,0
223,6,31,23,-1,-1,0
223,6,31,24,-1,-1,0
223,6,31,25,-1,-1,0
223,6,31,26,-1,-1,0
223,6,31,27,-1,-1,0
223,6,31,28,-1,-1,0
223,6,31,29,-1,-1,0
223,6,31,30,-1,-1,0
223,6,31,31,-1,-1,0
224,7,0,0,48,16,1
224,7,0,1,48,24,1
224,7,0,2,112,16,1
224,7,0,3,112,24,1
224,7,0,4,48,17,1
224,7,0,5,48,25,1
224,7,0,6,112,17,1
224,7,0,7,112,25,1
224,7,0,8,56,16,1
224,7,0,9,56,24,1
224,7,0,10,120,16,1
224,7,0,11,120,24,1
224,7,0,12,56,17,1
224,7,0,13,56,25,1
224,7,0,14,120,17,1
224,7,0,15,120,25,1
224,7,0,16,-1,-1,0
224,7,0,17,-1,-1,0
224,7,0,18,-1,-1,0
224,7,0,19,-1,-1,0
224,7,0,20,-1,-1,0
224,7,0,21,-1,-1,0
224,7,0,22,-1,-1,0
224,7,0,23,-1,-1,0
224,7,0,24,-1,-1,0
224,7,0,25,-1,-1,0
224,7,0,26,-1,-1,0
224,7,0,27,-1,-1,0
224,7,0,28,-1,-1,0
224,7,0,29,-1,-1,0
224,7,0,30,-1,-1,0
224,7,0,31,-1,-1,0
225,7,1,0,48,18,1
225,7,1,1,48,26,1
225,7,1,2,112,18,1
225,7,1,3,112,26,1
225,7,1,4,48,19,1
225,7,1,5,48,27,1
225,7,1,6,112,19,1
225,7,1,7,112,27,1
225,7,1,8,56,18,1
225,7,1,9,56,26,1
225,7,1,10,120,18,1
225,7,1,11,120,26,1
225,7,1,12,56,19,1
225,7,1,13,56,27,1
225,7,1,14,120,19,1
225,7,1,15,120,27,1
225,7,1,16,-1,-1,0
225,7,1,17,-1,-1,0
225,7,1,18,-1,-1,0
225,7,1,19,-1,-1,0
225,7,1,20,-1,-1,0
225,7,1,21,-1,-1,0
225,7,1,22,-1,-1,0
225,7,1,23,-1,-1,0
225,7,1,24,-1,-1,0
225,7,1,25,-1,-1,0
225,7,1,26,-1,-1,0
225,7,1,27,-1,-1,0
225,7,1,28,-1,-1,0
225,7,1,29,-1,-1,0
225,7,1,30,-1,-1,0
225,7,1,31,-1,-1,0
226,7,2,0,48,20,1
226,7,2,1,48,28,1
226,7,2,2,112,20,1
226,7,2,3,112,28,1
226,7,2,4,48,21,1
226,7,2,5,48,29,1
226,7,2,6,112,21,1
226,7,2,7,112,29,1
226,7,2,8,56,20,1
226,7,2,9,56,28,1
226,7,2,10,120,20,1
226,7,2,11,120,28,1
226,7,2,12,56,21,1
226,7,2,13,56,29,1
226,7,2,14,120,21,1
226,7,2,15,120,29,1
226,7,2,16,-1,-1,0
226,7,2,17,-1,-1,0
226,7,2,18,-1,-1,0
226,7,2,19,-1,-1,0
226,7,2,20,-1,-1,0
226,7,2,21,-1,-1,0
226,7,2,22,-1,-1,0
226,7,2,23,-1,-1,0
226,7,2,24,-1,-1,0
226,7,2,25,-1,-1,0
226,7,2,26,-1,-1,0
226,7,2,27,-1,-1,0
226,7,2,28,-1,-1,0
226,7,2,29,-1,-1,0
226,7,2,30,-1,-1,0
226,7,2,31,-1,-1,0
227,7,3,0,48,22,1
227,7,3,1,48,30,1
227,7,3,2,112,22,1
227,7,3,3,112,30,1
227,7,3,4,48,23,1
227,7,3,5,48,31,1
227,7,3,6,112,23,1
227,7,3,7,112,31,1
227,7,3,8,56,22,1
227,7,3,9,56,30,1
227,7,3,10,120,22,1
227,7,3,11,120,30,1
227,7,3,12,56,23,1
227,7,3,13,56,31,1
227,7,3,14,120,23,1
227,7,3,15,120,31,1
227,7,3,16,-1,-1,0
227,7,3,17,-1,-1,0
227,7,3,18,-1,-1,0
227,7,3,19,-1,-1,0
227,7,3,20,-1,-1,0
227,7,3,21,-1,-1,0
227,7,3,22,-1,-1,0
227,7,3,23,-1,-1,0
227,7,3,24,-1,-1,0
227,7,3,25,-1,-1,0
227,7,3,26,-1,-1,0
227,7,3,27,-1,-1,0
227,7,3,28,-1,-1,0
227,7,3,29,-1,-1,0
227,7,3,30,-1,-1,0
227,7,3,31,-1,-1,0
228,7,4,0,49,16,1
228,7,4,1,49,24,1
228,7,4,2,113,16,1
228,7,4,3,113,24,1
228,7,4,4,49,17,1
228,7,4,5,49,25,1
228,7,4,6,113,17,1
228,7,4,7,113,25,1
228,7,4,8,57,16,1
228,7,4,9,57,24,1
228,7,4,10,121,16,1
228,7,4,11,121,24,1
228,7,4,12,57,17,1
228,7,4,13,57,25,1
228,7,4,14,121,17,1
228,7,4,15,121,25,1
228,7,4,16,-1,-1,0
228,7,4,17,-1,-1,0
228,7,4,18,-1,-1,0
228,7,4,19,-1,-1,0
228,7,4,20,-1,-1,0
228,7,4,21,-1,-1,0
228,7,4,22,-1,-1,0
228,7,4,23,-1,-1,0
228,7,4,24,-1,-1,0
228,7,4,25,-1,-1,0
228,7,4,26,-1,-1,0
228,7,4,27,-1,-1,0
228,7,4,28,-1,-1,0
228,7,4,29,-1,-1,0
228,7,4,30,-1,-1,0
228,7,4,31,-1,-1,0
229,7,5,0,49,18,1
229,7,5,1,49,26,1
229,7,5,2,113,18,1
229,7,5,3,113,26,1
229,7,5,4,49,19,1
229,7,5,5,49,27,1
229,7,5,6,113,19,1
229,7,5,7,113,27,1
229,7,5,8,57,18,1
229,7,5,9,57,26,1
229,7,5,10,121,18,1
229,7,5,11,121,26,1
229,7,5,12,57,19,1
229,7,5,13,57,27,1
229,7,5,14,121,19,1
229,7,5,15,121,27,1
229,7,5,16,-1,-1,0
229,7,5,17,-1,-1,0
229,7,5,18,-1,-1,0
229,7,5,19,-1,-1,0
229,7,5,20,-1,-1,0
229,7,5,21,-1,-1,0
229,7,5,22,-1,-1,0
229,7,5,23,-1,-1,0
229,7,5,24,-1,-1,0
229,7,5,25,-1,-1,0
229,7,5,26,-1,-1,0
229,7,5,27,-1,-1,0
229,7,5,28,-1,-1,0
229,7,5,29,-1,-1,0
229,7,5,30,-1,-1,0
229,7,5,31,-1,-1,0
230,7,6,0,49,20,1
230,7,6,1,49,28,1
230,7,6,2,113,20,1
230,7,6,3,113,28,1
230,7,6,4,49,21,1
230,7,6,5,49,29,1
230,7,6,6,113,21,1
230,7,6,7,113,29,1
230,7,6,8,57,20,1
230,7,6,9,57,28,1
230,7,6,10,121,20,1
230,7,6,11,121,28,1
230,7,6,12,57,21,1
230,7,6,13,57,29,1
230,7,6,14,121,21,1
230,7,6,15,121,29,1
230,7,6,16,-1,-1,0
230,7,6,17,-1,-1,0
230,7,6,18,-1,-1,0
230,7,6,19,-1,-1,0
230,7,6,20,-1,-1,0
230,7,6,21,-1,-1,0
230,7,6,22,-1,-1,0
230,7,6,23,-1,-1,0
230,7,6,24,-1,-1,0
230,7,6,25,-1,-1,0
230,7,6,26,-1,-1,0
230,7,6,27,-1,-1,0
230,7,6,28,-1,-1,0
230,7,6,29,-1,-1,0
230,7,6,30,-1,-1,0
230,7,6,31,-1,-1,0
231,7,7,0,49,22,1
231,7,7,1,49,30,1
231,7,7,2,113,22,1
231,7,7,3,113,30,1
231,7,7,4,49,23,1
231,7,7,5,49,31,1
231,7,7,6,113,23,1
231,7,7,7,113,31,1
231,7,7,8,57,22,1
231,7,7,9,57,30,1
231,7,7,10,121,22,1
231,7,7,11,121,30,1
231,7,7,12,57,23,1
231,7,7,13,57,31,1
231,7,7,14,121,23,1
231,7,7,15,121,31,1
231,7,7,16,-1,-1,0
231,7,7,17,-1,-1,0
231,7,7,18,-1,-1,0
231,7,7,19,-1,-1,0
231,7,7,20,-1,-1,0
231,7,7,21,-1,-1,0
231,7,7,22,-1,-1,0
231,7,7,23,-1,-1,0
231,7,7,24,-1,-1,0
231,7,7,25,-1,-1,0
231,7,7,26,-1,-1,0
231,7,7,27,-1,-1,0
231,7,7,28,-1,-1,0
231,7,7,29,-1,-1,0
231,7,7,30,-1,-1,0
231,7,7,31,-1,-1,0
232,7,8,0,50,16,1
232,7,8,1,50,24,1
232,7,8,2,114,16,1
232,7,8,3,114,24,1
232,7,8,4,50,17,1
232,7,8,5,50,25,1
232,7,8,6,114,17,1
232,7,8,7,114,25,1
232,7,8,8,58,16,1
232,7,8,9,58,24,1
232,7,8,10,122,16,1
232,7,8,11,122,24,1
232,7,8,12,58,17,1
232,7,8,13,58,25,1
232,7,8,14,122,17,1
232,7,8,15,122,25,1
232,7,8,16,-1,-1,0
232,7,8,17,-1,-1,0
232,7,8,18,-1,-1,0
232,7,8,19,-1,-1,0
232,7,8,20,-1,-1,0
232,7,8,21,-1,-1,0
232,7,8,22,-1,-1,0
232,7,8,23,-1,-1,0
232,7,8,24,-1,-1,0
232,7,8,25,-1,-1,0
232,7,8,26,-1,-1,0
232,7,8,27,-1,-1,0
232,7,8,28,-1,-1,0
232,7,8,29,-1,-1,0
232,7,8,30,-1,-1,0
232,7,8,31,-1,-1,0
233,7,9,0,50,18,1
233,7,9,1,50,26,1
233,7,9,2,114,18,1
233,7,9,3,114,26,1
233,7,9,4,50,19,1
233,7,9,5,50,27,1
233,7,9,6,114,19,1
233,7,9,7,114,27,1
233,7,9,8,58,18,1
233,7,9,9,58,26,1
233,7,9,10,122,18,1
233,7,9,11,122,26,1
233,7,9,12,58,19,1
233,7,9,13,58,27,1
233,7,9,14,122,19,1
233,7,9,15,122,27,1
233,7,9,16,-1,-1,0
233,7,9,17,-1,-1,0
233,7,9,18,-1,-1,0
233,7,9,19,-1,-1,0
233,7,9,20,-1,-1,0
233,7,9,21,-1,-1,0
233,7,9,22,-1,-1,0
233,7,9,23,-1,-1,0
233,7,9,24,-1,-1,0
233,7,9,25,-1,-1,0
233,7,9,26,-1,-1,0
233,7,9,27,-1,-1,0
233,7,9,28,-1,-1,0
233,7,9,29,-1,-1,0
233,7,9,30,-1,-1,0
233,7,9,31,-1,-1,0
234,7,10,0,50,20,1
234,7,10,1,50,28,1
234,7,10,2,114,20,1
234,7,10,3,114,28,1
234,7,10,4,50,21,1
234,7,10,5,50,29,1
234,7,10,6,114,21,1
234,7,10,7,114,29,1
234,7,10,8,58,20,1
234,7,10,9,58,28,1
234,7,10,10,122,20,1
234,7,10,11,122,28,1
234,7,10,12,58,21,1
234,7,10,13,58,29,1
234,7,10,14,122,21,1
234,7,10,15,122,29,1
234,7,10,16,-1,-1,0
234,7,10,17,-1,-1,0
234,7,10,18,-1,-1,0
234,7,10,19,-1,-1,0
234,7,10,20,-1,-1,0
234,7,10,21,-1,-1,0
234,7,10,22,-1,-1,0
234,7,10,23,-1,-1,0
234,7,10,24,-1,-1,0
234,7,10,25,-1,-1,0
234,7,10,26,-1,-1,0
234,7,10,27,-1,-1,0
234,7,10,28,-1,-1,0
234,7,10,29,-1,-1,0
234,7,10,30,-1,-1,0
234,7,10,31,-1,-1,0
235,7,11,0,50,22,1
235,7,11,1,50,30,1
235,7,11,2,114,22,1
235,7,11,3,114,30,1
235,7,11,4,50,23,1
235,7,11,5,50,31,1
235,7,11,6,114,23,1
235,7,11,7,114,31,1
235,7,11,8,58,22,1
235,7,11,9,58,30,1
235,7,11,10,122,22,1
235,7,11,11,122,30,1
235,7,11,12,58,23,1
235,7,11,13,58,31,1
235,7,11,14,122,23,1
235,7,11,15,122,31,1
235,7,11,16,-1,-1,0
235,7,11,17,-1,-1,0
235,7,11,18,-1,-1,0
235,7,11,19,-1,-1,0
235,7,11,20,-1,-1,0
235,7,11,21,-1,-1,0
235,7,11,22,-1,-1,0
235,7,11,23,-1,-1,0
235,7,11,24,-1,-1,0
235,7,11,25,-1,-1,0
235,7,11,26,-1,-1,0
235,7,11,27,-1,-1,0
235,7,11,28,-1,-1,0
235,7,11,29,-1,-1,0
235,7,11,30,-1,-1,0
235,7,11,31,-1,-1,0
236,7,12,0,51,16,1
236,7,12,1,51,24,1
236,7,12,2,115,16,1
236,7,12,3,115,24,1
236,7,12,4,51,17,1
236,7,12,5,51,25,1
236,7,12,6,115,17,1
236,7,12,7,115,25,1
236,7,12,8,59,16,1
236,7,12,9,59,24,1
236,7,12,10,123,16,1
236,7,12,11,123,24,1
236,7,12,12,59,17,1
236,7,12,13,59,25,1
236,7,12,14,123,17,1
236,7,12,15,123,25,1
236,7,12,16,-1,-1,0
236,7,12,17,-1,-1,0
236,7,12,18,-1,-1,0
236,7,12,19,-1,-1,0
236,7,12,20,-1,-1,0
236,7,12,21,-1,-1,0
236,7,12,22,-1,-1,0
236,7,12,23,-1,-1,0
236,7,12,24,-1,-1,0
236,7,12,25,-1,-1,0
236,7,12,26,-1,-1,0
236,7,12,27,-1,-1,0
236,7,12,28,-1,-1,0
236,7,12,29,-1,-1,0
236,7,12,30,-1,-1,0
236,7,12,31,-1,-1,0
237,7,13,0,51,18,1
237,7,13,1,51,26,1
237,7,13,2,115,18,1
237,7,13,3,115,26,1
237,7,13,4,51,19,1
237,7,13,5,51,27,1
237,7,13,6,115,19,1
237,7,13,7,115,27,1
237,7,13,8,59,18,1
237,7,13,9,59,26,1
237,7,13,10,123,18,1
237,7,13,11,123,26,1
237,7,13,12,59,19,1
237,7,13,13,59,27,1
237,7,13,14,123,19,1
237,7,13,15,123,27,1
237,7,13,16,-1,-1,0
237,7,13,17,-1,-1,0
237,7,13,18,-1,-1,0
237,7,13,19,-1,-1,0
237,7,13,20,-1,-1,0
237,7,13,21,-1,-1,0
237,7,13,22,-1,-1,0
237,7,13,23,-1,-1,0
237,7,13,24,-1,-1,0
237,7,13,25,-1,-1,0
237,7,13,26,-1,-1,0
237,7,13,27,-1,-1,0
237,7,13,28,-1,-1,0
237,7,13,29,-1,-1,0
237,7,13,30,-1,-1,0
237,7,13,31,-1,-1,0
238,7,14,0,51,20,1
238,7,14,1,51,28,1
238,7,14,2,115,20,1
238,7,14,3,115,28,1
238,7,14,4,51,21,1
238,7,14,5,51,29,1
238,7,14,6,115,21,1
238,7,14,7,115,29,1
238,7,14,8,59,20,1
238,7,14,9,59,28,1
238,7,14,10,123,20,1
238,7,14,11,123,28,1
238,7,14,12,59,21,1
238,7,14,13,59,29,1
238,7,14,14,123,21,1
238,7,14,15,123,29,1
238,7,14,16,-1,-1,0
238,7,14,17,-1,-1,0
238,7,14,18,-1,-1,0
238,7,14,19,-1,-1,0
238,7,14,20,-1,-1,0
238,7,14,21,-1,-1,0
238,7,14,22,-1,-1,0
238,7,14,23,-1,-1,0
238,7,14,24,-1,-1,0
238,7,14,25,-1,-1,0
238,7,14,26,-1,-1,0
238,7,14,27,-1,-1,0
238,7,14,28,-1,-1,0
238,7,14,29,-1,-1,0
238,7,14,30,-1,-1,0
238,7,14,31,-1,-1,0
239,7,15,0,51,22,1
239,7,15,1,51,30,1
239,7,15,2,115,22,1
239,7,15,3,115,30,1
239,7,15,4,51,23,1
239,7,15,5,51,31,1
239,7,15,6,115,23,1
239,7,15,7,115,31,1
239,7,15,8,59,22,1
239,7,15,9,59,30,1
239,7,15,10,123,22,1
239,7,15,11,123,30,1
239,7,15,12,59,23,1
239,7,15,13,59,31,1
239,7,15,14,123,23,1
239,7,15,15,123,31,1
239,7,15,16,-1,-1,0
239,7,15,17,-1,-1,0
239,7,15,18,-1,-1,0
239,7,15,19,-1,-1,0
239,7,15,20,-1,-1,0
239,7,15,21,-1,-1,0
239,7,15,22,-1,-1,0
239,7,15,23,-1,-1,0
239,7,15,24,-1,-1,0
239,7,15,25,-1,-1,0
239,7,15,26,-1,-1,0
239,7,15,27,-1,-1,0
239,7,15,28,-1,-1,0
239,7,15,29,-1,-1,0
239,7,15,30,-1,-1,0
239,7,15,31,-1,-1,0
240,7,16,0,52,16,1
240,7,16,1,52,24,1
240,7,16,2,116,16,1
240,7,16,3,116,24,1
240,7,16,4,52,17,1
240,7,16,5,52,25,1
240,7,16,6,116,17,1
240,7,16,7,116,25,1
240,7,16,8,60,16,1
240,7,16,9,60,24,1
240,7,16,10,124,16,1
240,7,16,11,124,24,1
240,7,16,12,60,17,1
240,7,16,13,60,25,1
240,7,16,14,124,17,1
240,7,16,15,124,25,1
240,7,16,16,-1,-1,0
240,7,16,17,-1,-1,0
240,7,16,18,-1,-1,0
240,7,16,19,-1,-1,0
240,7,16,20,-1,-1,0
240,7,16,21,-1,-1,0
240,7,16,22,-1,-1,0
240,7,16,23,-1,-1,0
240,7,16,24,-1,-1,0
240,7,16,25,-1,-1,0
240,7,16,26,-1,-1,0
240,7,16,27,-1,-1,0
240,7,16,28,-1,-1,0
240,7,16,29,-1,-1,0
240,7,16,30,-1,-1,0
240,7,16,31,-1,-1,0
241,7,17,0,52,18,1
241,7,17,1,52,26,1
241,7,17,2,116,18,1
241,7,17,3,116,26,1
241,7,17,4,52,19,1
241,7,17,5,52,27,1
241,7,17,6,116,19,1
241,7,17,7,116,27,1
241,7,17,8,60,18,1
241,7,17,9,60,26,1
241,7,17,10,124,18,1
241,7,17,11,124,26,1
241,7,17,12,60,19,1
241,7,17,13,60,27,1
241,7,17,14,124,19,1
241,7,17,15,124,27,1
241,7,17,16,-1,-1,0
241,7,17,17,-1,-1,0
241,7,17,18,-1,-1,0
241,7,17,19,-1,-1,0
241,7,17,20,-1,-1,0
241,7,17,21,-1,-1,0
241,7,17,22,-1,-1,0
241,7,17,23,-1,-1,0
241,7,17,24,-1,-1,0
241,7,17,25,-1,-1,0
241,7,17,26,-1,-1,0
241,7,17,27,-1,-1,0
241,7,17,28,-1,-1,0
241,7,17,29,-1,-1,0
241,7,17,30,-1,-1,0
241,7,17,31,-1,-1,0
242,7,18,0,52,20,1
242,7,18,1,52,28,1
242,7,18,2,116,20,1
242,7,18,3,116,28,1
242,7,18,4,52,21,1
242,7,18,5,52,29,1
242,7,18,6,116,21,1
242,7,18,7,116,29,1
242,7,18,8,60,20,1
242,7,18,9,60,28,1
242,7,18,10,124,20,1
242,7,18,11,124,28,1
242,7,18,12,60,21,1
242,7,18,13,60,29,1
242,7,18,14,124,21,1
242,7,18,15,124,29,1
242,7,18,16,-1,-1,0
242,7,18,17,-1,-1,0
242,7,18,18,-1,-1,0
242,7,18,19,-1,-1,0
242,7,18,20,-1,-1,0
242,7,18,21,-1,-1,0
242,7,18,22,-1,-1,0
242,7,18,23,-1,-1,0
242,7,18,24,-1,-1,0
242,7,18,25,-1,-1,0
242,7,18,26,-1,-1,0
242,7,18,27,-1,-1,0
242,7,18,28,-1,-1,0
242,7,18,29,-1,-1,0
242,7,18,30,-1,-1,0
242,7,18,31,-1,-1,0
243,7,19,0,52,22,1
243,7,19,1,52,30,1
243,7,19,2,116,22,1
243,7,19,3,116,30,1
243,7,19,4,52,23,1
243,7,19,5,52,31,1
243,7,19,6,116,23,1
243,7,19,7,116,31,1
243,7,19,8,60,22,1
243,7,19,9,60,30,1
243,7,19,10,124,22,1
243,7,19,11,124,30,1
243,7,19,12,60,23,1
243,7,19,13,60,31,1
243,7,19,14,124,23,1
243,7,19,15,124,31,1
243,7,19,16,-1,-1,0
243,7,19,17,-1,-1,0
243,7,19,18,-1,-1,0
243,7,19,19,-1,-1,0
243,7,19,20,-1,-1,0
243,7,19,21,-1,-1,0
243,7,19,22,-1,-1,0
243,7,19,23,-1,-1,0
243,7,19,24,-1,-1,0
243,7,19,25,-1,-1,0
243,7,19,26,-1,-1,0
243,7,19,27,-1,-1,0
243,7,19,28,-1,-1,0
243,7,19,29,-1,-1,0
243,7,19,30,-1,-1,0
243,7,19,31,-1,-1,0
244,7,20,0,53,16,1
244,7,20,1,53,24,1
244,7,20,2,117,16,1
244,7,20,3,117,24,1
244,7,20,4,53,17,1
244,7,20,5,53,25,1
244,7,20,6,117,17,1
244,7,20,7,117,25,1
244,7,20,8,61,16,1
244,7,20,9,61,24,1
244,7,20,10,125,16,1
244,7,20,11,125,24,1
244,7,20,12,61,17,1
244,7,20,13,61,25,1
244,7,20,14,125,17,1
244,7,20,15,125,25,1
244,7,20,16,-1,-1,0
244,7,20,17,-1,-1,0
244,7,20,18,-1,-1,0
244,7,20,19,-1,-1,0
244,7,20,20,-1,-1,0
244,7,20,21,-1,-1,0
244,7,20,22,-1,-1,0
244,7,20,23,-1,-1,0
244,7,20,24,-1,-1,0
244,7,20,25,-1,-1,0
244,7,20,26,-1,-1,0
244,7,20,27,-1,-1,0
244,7,20,28,-1,-1,0
244,7,20,29,-1,-1,0
244,7,20,30,-1,-1,0
244,7,20,31,-1,-1,0
245,7,21,0,53,18,1
245,7,21,1,53,26,1
245,7,21,2,117,18,1
245,7,21,3,117,26,1
245,7,21,4,53,19,1
245,7,21,5,53,27,1
245,7,21,6,117,19,1
245,7,21,7,117,27,1
245,7,21,8,61,18,1
245,7,21,9,61,26,1
245,7,21,10,125,18,1
245,7,21,11,125,26,1
245,7,21,12,61,19,1
245,7,21,13,61,27,1
245,7,21,14,125,19,1
245,7,21,15,125,27,1
245,7,21,16,-1,-1,0
245,7,21,17,-1,-1,0
245,7,21,18,-1,-1,0
245,7,21,19,-1,-1,0
245,7,21,20,-1,-1,0
245,7,21,21,-1,-1,0
245,7,21,22,-1,-1,0
245,7,21,23,-1,-1,0
245,7,21,24,-1,-1,0
245,7,21,25,-1,-1,0
245,7,21,26,-1,-1,0
245,7,21,27,-1,-1,0
245,7,21,28,-1,-1,0
245,7,21,29,-1,-1,0
245,7,21,30,-1,-1,0
245,7,21,31,-1,-1,0
246,7,22,0,53,20,1
246,7,22,1,53,28,1
246,7,22,2,117,20,1
246,7,22,3,117,28,1
246,7,22,4,53,21,1
246,7,22,5,53,29,1
246,7,22,6,117,21,1
246,7,22,7,117,29,1
246,7,22,8,61,20,1
246,7,22,9,61,28,1
246,7,22,10,125,20,1
246,7,22,11,125,28,1
246,7,22,12,61,21,1
246,7,22,13,61,29,1
246,7,22,14,125,21,1
246,7,22,15,125,29,1
246,7,22,16,-1,-1,0
246,7,22,17,-1,-1,0
246,7,22,18,-1,-1,0
246,7,22,19,-1,-1,0
246,7,22,20,-1,-1,0
246,7,22,21,-1,-1,0
246,7,22,22,-1,-1,0
246,7,22,23,-1,-1,0
246,7,22,24,-1,-1,0
246,7,22,25,-1,-1,0
246,7,22,26,-1,-1,0
246,7,22,27,-1,-1,0
246,7,22,28,-1,-1,0
246,7,22,29,-1,-1,0
246,7,22,30,-1,-1,0
246,7,22,31,-1,-1,0
247,7,23,0,53,22,1
247,7,23,1,53,30,1
247,7,23,2,117,22,1
247,7,23,3,117,30,1
247,7,23,4,53,23,1
247,7,23,5,53,31,1
247,7,23,6,117,23,1
247,7,23,7,117,31,1
247,7,23,8,61,22,1
247,7,23,9,61,30,1
247,7,23,10,125,22,1
247,7,23,11,125,30,1
247,7,23,12,61,23,1
247,7,23,13,61,31,1
247,7,23,14,125,23,1
247,7,23,15,125,31,1
247,7,23,16,-1,-1,0
247,7,23,17,-1,-1,0
247,7,23,18,-1,-1,0
247,7,23,19,-1,-1,0
247,7,23,20,-1,-1,0
247,7,23,21,-1,-1,0
247,7,23,22,-1,-1,0
247,7,23,23,-1,-1,0
247,7,23,24,-1,-1,0
247,7,23,25,-1,-1,0
247,7,23,26,-1,-1,0
247,7,23,27,-1,-1,0
247,7,23,28,-1,-1,0
247,7,23,29,-1,-1,0
247,7,23,30,-1,-1,0
247,7,23,31,-1,-1,0
248,7,24,0,54,16,1
248,7,24,1,54,24,1
248,7,24,2,118,16,1
248,7,24,3,118,24,1
248,7,24,4,54,17,1
248,7,24,5,54,25,1
248,7,24,6,118,17,1
248,7,24,7,118,25,1
248,7,24,8,62,16,1
248,7,24,9,62,24,1
248,7,24,10,126,16,1
248,7,24,11,126,24,1
248,7,24,12,62,17,1
248,7,24,13,62,25,1
248,7,24,14,126,17,1
248,7,24,15,126,25,1
248,7,24,16,-1,-1,0
248,7,24,17,-1,-1,0
248,7,24,18,-1,-1,0
248,7,24,19,-1,-1,0
248,7,24,20,-1,-1,0
248,7,24,21,-1,-1,0
248,7,24,22,-1,-1,0
248,7,24,23,-1,-1,0
248,7,24,24,-1,-1,0
248,7,24,25,-1,-1,0
248,7,24,26,-1,-1,0
248,7,24,27,-1,-1,0
248,7,24,28,-1,-1,0
248,7,24,29,-1,-1,0
248,7,24,30,-1,-1,0
248,7,24,31,-1,-1,0
249,7,25,0,54,18,1
249,7,25,1,54,26,1
249,7,25,2,118,18,1
249,7,25,3,118,26,1
249,7,25,4,54,19,1
249,7,25,5,54,27,1
249,7,25,6,118,19,1
249,7,25,7,118,27,1
249,7,25,8,62,18,1
249,7,25,9,62,26,1
249,7,25,10,126,18,1
249,7,25,11,126,26,1
249,7,25,12,62,19,1
249,7,25,13,62,27,1
249,7,25,14,126,19,1
249,7,25,15,126,27,1
249,7,25,16,-1,-1,0
249,7,25,17,-1,-1,0
249,7,25,18,-1,-1,0
249,7,25,19,-1,-1,0
249,7,25,20,-1,-1,0
249,7,25,21,-1,-1,0
249,7,25,22,-1,-1,0
249,7,25,23,-1,-1,0
249,7,25,24,-1,-1,0
249,7,25,25,-1,-1,0
249,7,25,26,-1,-1,0
249,7,25,27,-1,-1,0
249,7,25,28,-1,-1,0
249,7,25,29,-1,-1,0
249,7,25,30,-1,-1,0
249,7,25,31,-1,-1,0
250,7,26,0,54,20,1
250,7,26,1,54,28,1
250,7,26,2,118,20,1
250,7,26,3,118,28,1
250,7,26,4,54,21,1
250,7,26,5,54,29,1
250,7,26,6,118,21,1
250,7,26,7,118,29,1
250,7,26,8,62,20,1
250,7,26,9,62,28,1
250,7,26,10,126,20,1
250,7,26,11,126,28,1
250,7,26,12,62,21,1
250,7,26,13,62,29,1
250,7,26,14,126,21,1
250,7,26,15,126,29,1
250,7,26,16,-1,-1,0
250,7,26,17,-1,-1,0
250,7,26,18,-1,-1,0
250,7,26,19,-1,-1,0
250,7,26,20,-1,-1,0
250,7,26,21,-1,-1,0
250,7,26,22,-1,-1,0
250,7,26,23,-1,-1,0
250,7,26,24,-1,-1,0
250,7,26,25,-1,-1,0
250,7,26,26,-1,-1,0
250,7,26,27,-1,-1,0
250,7,26,28,-1,-1,0
250,7,26,29,-1,-1,0
250,7,26,30,-1,-1,0
250,7,26,31,-1,-1,0
251,7,27,0,54,22,1
251,7,27,1,54,30,1
251,7,27,2,118,22,1
251,7,27,3,118,30,1
251,7,27,4,54,23,1
251,7,27,5,54,31,1
251,7,27,6,118,23,1
251,7,27,7,118,31,1
251,7,27,8,62,22,1
251,7,27,9,62,30,1
251,7,27,10,126,22,1
251,7,27,11,126,30,1
251,7,27,12,62,23,1
251,7,27,13,62,31,1
251,7,27,14,126,23,1
251,7,27,15,126,31,1
251,7,27,16,-1,-1,0
251,7,27,17,-1,-1,0
251,7,27,18,-1,-1,0
251,7,27,19,-1,-1,0
251,7,27,20,-1,-1,0
251,7,27,21,-1,-1,0
251,7,27,22,-1,-1,0
251,7,27,23,-1,-1,0
251,7,27,24,-1,-1,0
251,7,27,25,-1,-1,0
251,7,27,26,-1,-1,0
251,7,27,27,-1,-1,0
251,7,27,28,-1,-1,0
251,7,27,29,-1,-1,0
251,7,27,30,-1,-1,0
251,7,27,31,-1,-1,0
252,7,28,0,55,16,1
252,7,28,1,55,24,1
252,7,28,2,119,16,1
252,7,28,3,119,24,1
252,7,28,4,55,17,1
252,7,28,5,55,25,1
252,7,28,6,119,17,1
252,7,28,7,119,25,1
252,7,28,8,63,16,1
252,7,28,9,63,24,1
252,7,28,10,127,16,1
252,7,28,11,127,24,1
252,7,28,12,63,17,1
252,7,28,13,63,25,1
252,7,28,14,127,17,1
252,7,28,15,127,25,1
252,7,28,16,-1,-1,0
252,7,28,17,-1,-1,0
252,7,28,18,-1,-1,0
252,7,28,19,-1,-1,0
252,7,28,20,-1,-1,0
252,7,28,21,-1,-1,0
252,7,28,22,-1,-1,0
252,7,28,23,-1,-1,0
252,7,28,24,-1,-1,0
252,7,28,25,-1,-1,0
252,7,28,26,-1,-1,0
252,7,28,27,-1,-1,0
252,7,28,28,-1,-1,0
252,7,28,29,-1,-1,0
252,7,28,30,-1,-1,0
252,7,28,31,-1,-1,0
253,7,29,0,55,18,1
253,7,29,1,55,26,1
253,7,29,2,119,18,1
253,7,29,3,119,26,1
253,7,29,4,55,19,1
253,7,29,5,55,27,1
253,7,29,6,119,19,1
253,7,29,7,119,27,1
253,7,29,8,63,18,1
253,7,29,9,63,26,1
253,7,29,10,127,18,1
253,7,29,11,127,26,1
253,7,29,12,63,19,1
253,7,29,13,63,27,1
253,7,29,14,127,19,1
253,7,29,15,127,27,1
253,7,29,16,-1,-1,0
253,7,29,17,-1,-1,0
253,7,29,18,-1,-1,0
253,7,29,19,-1,-1,0
253,7,29,20,-1,-1,0
253,7,29,21,-1,-1,0
253,7,29,22,-1,-1,0
253,7,29,23,-1,-1,0
253,7,29,24,-1,-1,0
253,7,29,25,-1,-1,0
253,7,29,26,-1,-1,0
253,7,29,27,-1,-1,0
253,7,29,28,-1,-1,0
253,7,29,29,-1,-1,0
253,7,29,30,-1,-1,0
253,7,29,31,-1,-1,0
254,7,30,0,55,20,1
254,7,30,1,55,28,1
254,7,30,2,119,20,1
254,7,30,3,119,28,1
254,7,30,4,55,21,1
254,7,30,5,55,29,1
254,7,30,6,119,21,1
254,7,30,7,119,29,1
254,7,30,8,63,20,1
254,7,30,9,63,28,1
254,7,30,10,127,20,1
254,7,30,11,127,28,1
254,7,30,12,63,21,1
254,7,30,13,63,29,1
254,7,30,14,127,21,1
254,7,30,15,127,29,1
254,7,30,16,-1,-1,0
254,7,30,17,-1,-1,0
254,7,30,18,-1,-1,0
254,7,30,19,-1,-1,0
254,7,30,20,-1,-1,0
254,7,30,21,-1,-1,0
254,7,30,22,-1,-1,0
254,7,30,23,-1,-1,0
254,7,30,24,-1,-1,0
254,7,30,25,-1,-1,0
254,7,30,26,-1,-1,0
254,7,30,27,-1,-1,0
254,7,30,28,-1,-1,0
254,7,30,29,-1,-1,0
254,7,30,30,-1,-1,0
254,7,30,31,-1,-1,0
255,7,31,0,55,22,1
255,7,31,1,55,30,1
255,7,31,2,119,22,1
255,7,31,3,119,30,1
255,7,31,4,55,23,1
255,7,31,5,55,31,1
255,7,31,6,119,23,1
255,7,31,7,119,31,1
255,7,31,8,63,22,1
255,7,31,9,63,30,1
255,7,31,10,127,22,1
255,7,31,11,127,30,1
255,7,31,12,63,23,1
255,7,31,13,63,31,1
255,7,31,14,127,23,1
255,7,31,15,127,31,1
255,7,31,16,-1,-1,0
255,7,31,17,-1,-1,0
255,7,31,18,-1,-1,0
255,7,31,19,-1,-1,0
255,7,31,20,-1,-1,0
255,7,31,21,-1,-1,0
255,7,31,22,-1,-1,0
255,7,31,23,-1,-1,0
255,7,31,24,-1,-1,0
255,7,31,25,-1,-1,0
255,7,31,26,-1,-1,0
255,7,31,27,-1,-1,0
255,7,31,28,-1,-1,0
255,7,31,29,-1,-1,0
255,7,31,30,-1,-1,0
255,7,31,31,-1,-1,0
